image,pred_text,pred_latin,det_conf,text_conf,box,matched,iou,gt_text,gt_latin,edit_distance,correct
000002.jpg,78س92616,78-S-926-16,0.8617,0.6748,"[403.4, 368.5, 486.1, 388.5]",True,0.9321333726757559,78س92616,78-S-926-16,0.0,True
000007.jpg,56ع51163,56-Ein-511-63,0.879,0.767,"[458.9, 185.8, 623.1, 225.9]",True,0.7438772131788759,56ع51163,56-Ein-511-63,0.0,True
000012.jpg,21د38988,21-D-389-88,0.8886,0.7174,"[178.0, 680.8, 433.4, 762.2]",True,0.9139202561285102,21د38988,21-D-389-88,0.0,True
000017.jpg,94س76947,94-S-769-47,0.9061,0.7469,"[140.4, 453.8, 383.0, 506.6]",True,0.8806115566213817,94س76947,94-S-769-47,0.0,True
000021.jpg,41ط76288,41-Ta-762-88,0.8955,0.7835,"[7.8, 679.8, 212.7, 740.2]",True,0.8393692287304698,41ط76288,41-Ta-762-88,0.0,True
000021.jpg,15ق15544,15-Gh-155-44,0.8324,0.3827,"[1104.0, 502.6, 1280.0, 582.7]",False,0.0,,,,False
000023.jpg,92ص69447,92-Sad-694-47,0.9132,0.6828,"[125.2, 501.5, 305.5, 557.5]",True,0.9088900454665081,92ص69447,92-Sad-694-47,0.0,True
000026.jpg,61ق46619,61-Gh-466-19,0.8836,0.7196,"[56.6, 365.5, 169.2, 409.3]",True,0.9353893824588405,61ق46619,61-Gh-466-19,0.0,True
000032.jpg,67ق42263,67-Gh-422-63,0.875,0.7705,"[893.1, 395.5, 1091.3, 436.9]",True,0.973754182148711,67ق42263,67-Gh-422-63,0.0,True
000033.jpg,34ب26893,34-B-268-93,0.8767,0.7381,"[832.7, 413.6, 1034.8, 457.8]",True,0.9769706673468899,34ب26893,34-B-268-93,0.0,True
000037.jpg,42س86699,42-S-866-99,0.8636,0.7129,"[426.1, 567.8, 528.0, 591.9]",True,0.8441253809244539,42س86699,42-S-866-99,0.0,True
000044.jpg,29د13763,29-D-137-63,0.8887,0.6718,"[567.6, 383.8, 754.7, 429.0]",True,0.9856106349253513,29د13763,29-D-137-63,0.0,True
000049.jpg,98ص43999,98-Sad-439-99,0.8998,0.6759,"[657.1, 580.0, 830.0, 658.4]",True,0.9253781015419232,98ص43999,98-Sad-439-99,0.0,True
000056.jpg,27ط83111,27-Ta-831-11,0.8553,0.6527,"[345.1, 512.8, 466.1, 549.7]",True,0.848955250060107,27ط83111,27-Ta-831-11,0.0,True
000057.jpg,87ب81110,87-B-811-10,0.8281,0.689,"[434.2, 746.4, 508.5, 765.2]",True,0.896275777161575,87ب81110,87-B-811-10,0.0,True
000057.jpg,49ج82820,49-J-828-20,0.7259,0.6613,"[221.9, 768.0, 278.9, 782.6]",True,0.955614203453748,49ج82820,49-J-828-20,0.0,True
000062.jpg,58ی76263,58-Y-762-63,0.8808,0.7862,"[265.6, 578.3, 506.1, 641.9]",True,0.9425690588189798,58ی76263,58-Y-762-63,0.0,True
000063.jpg,58ق78663,58-Gh-786-63,0.88,0.7106,"[236.4, 711.0, 474.0, 769.0]",True,0.8754208754208119,58ق78663,58-Gh-786-63,0.0,True
000067.jpg,81و96244,81-V-962-44,0.8806,0.7638,"[267.3, 160.1, 553.5, 246.5]",True,0.9650699077883262,81و96244,81-V-962-44,0.0,True
000077.jpg,38و68310,38-V-683-10,0.8799,0.7312,"[305.2, 497.7, 444.1, 541.5]",True,0.9507125105964446,38و68310,38-V-683-10,0.0,True
000080.jpg,42س68863,42-S-688-63,0.8873,0.7535,"[893.0, 366.0, 1091.5, 407.5]",True,0.92007950060175,42س68863,42-S-688-63,0.0,True
000084.jpg,49ج84320,49-J-843-20,0.8426,0.7401,"[603.0, 681.2, 678.2, 698.9]",True,0.9169388295518065,49ج84320,49-J-843-20,0.0,True
000087.jpg,15ط38217,15-Ta-382-17,0.8494,0.7237,"[86.6, 261.4, 189.1, 301.8]",True,0.7650326008208721,15ط38217,15-Ta-382-17,0.0,True
000088.jpg,57ه86521,57-H-865-21,0.8314,0.7828,"[219.9, 435.8, 268.6, 457.9]",True,0.7526363636358381,57ه86521,57-H-865-21,0.0,True
000090.jpg,18س92111,18-S-921-11,0.8441,0.4637,"[469.7, 535.3, 585.4, 592.1]",True,0.9225663218156351,18س92111,18-S-921-11,0.0,True
000092.jpg,95و86516,95-V-865-16,0.8686,0.7512,"[535.5, 322.1, 619.5, 344.6]",True,0.9668081821685506,95و86516,95-V-865-16,0.0,True
000106.jpg,11ط13116,11-Ta-131-16,0.8719,0.7117,"[395.0, 512.0, 696.5, 597.6]",True,0.8861068489328708,11ط13116,11-Ta-131-16,0.0,True
000107.jpg,38س66413,38-S-664-13,0.859,0.8006,"[238.2, 101.9, 478.3, 163.1]",True,0.8567999999999502,38س66413,38-S-664-13,0.0,True
000115.jpg,91د41911,91-D-419-11,0.889,0.703,"[12.6, 727.3, 214.9, 773.0]",True,0.8889528846152999,91د41911,91-D-419-11,0.0,True
000115.jpg,63ه29411,63-H-294-11,0.7998,0.8172,"[670.5, 561.1, 727.0, 575.2]",True,0.7255464480867688,63ه29411,63-H-294-11,0.0,True
000124.jpg,32م46998,32-M-469-98,0.8918,0.756,"[685.5, 139.4, 989.2, 290.7]",True,0.9711540908974998,32م46998,32-M-469-98,0.0,True
000125.jpg,17ق96298,17-Gh-962-98,0.8739,0.7108,"[293.6, 181.4, 375.9, 198.3]",True,0.7927916505778594,17ق96298,17-Gh-962-98,0.0,True
000130.jpg,17م91898,17-M-918-98,0.9024,0.7447,"[467.7, 282.4, 844.6, 381.6]",True,0.9449672835824463,17م91898,17-M-918-98,0.0,True
000137.jpg,89ه99810,89-H-998-10,0.9008,0.74,"[465.0, 473.0, 793.8, 621.2]",True,0.9148251196845794,89ه99810,89-H-998-10,0.0,True
000138.jpg,18ن61410,18-N-614-10,0.8315,0.7674,"[619.2, 425.4, 675.8, 459.2]",True,0.8680036297636735,18ن61410,18-N-614-10,0.0,True
000141.jpg,95ص86977,95-Sad-869-77,0.9018,0.7034,"[297.0, 442.3, 824.4, 554.9]",True,0.8931512274767119,95ص86977,95-Sad-869-77,0.0,True
000142.jpg,43ج54416,43-J-544-16,0.8444,0.7166,"[308.4, 506.0, 377.7, 524.1]",True,0.8945014469869234,43ج54416,43-J-544-16,0.0,True
000142.jpg,89د18316,89-D-183-16,0.8439,0.6759,"[592.8, 475.4, 659.5, 490.4]",True,0.8482604034686229,89د18316,89-D-183-16,0.0,True
000142.jpg,66س87199,66-S-871-99,0.8302,0.6268,"[1086.2, 550.4, 1150.2, 565.2]",True,0.9258421520307291,66س87199,66-S-871-99,0.0,True
000142.jpg,59ج94816,59-J-948-16,0.8178,0.7302,"[46.9, 458.1, 111.0, 473.7]",True,0.8724421268854482,59ج94816,59-J-948-16,0.0,True
000142.jpg,85ل31666,85-L-316-66,0.7539,0.4331,"[1230.6, 583.1, 1280.0, 636.1]",False,0.0,,,,False
000144.jpg,45ط85599,45-Ta-855-99,0.8877,0.7106,"[476.7, 70.9, 690.4, 138.8]",True,0.967286990298573,45ط85599,45-Ta-855-99,0.0,True
000145.jpg,52س75884,52-S-758-84,0.8819,0.7342,"[546.7, 612.3, 731.6, 651.8]",True,0.9467723924041388,52س75884,52-S-758-84,0.0,True
000148.jpg,65ب43398,65-B-433-98,0.8983,0.7116,"[502.9, 173.2, 695.7, 219.7]",True,0.9559825792079794,65ب43398,65-B-433-98,0.0,True
000149.jpg,21م83498,21-M-834-98,0.8999,0.7261,"[46.0, 236.7, 121.6, 279.1]",True,0.8993939393936865,31م83498,31-M-834-98,1.0,False
000156.jpg,14س58910,14-S-589-10,0.8973,0.6897,"[396.9, 310.2, 646.7, 366.7]",True,0.9896462104498227,14س58910,14-S-589-10,0.0,True
000158.jpg,75ب83688,75-B-836-88,0.9161,0.62,"[256.8, 139.2, 627.1, 370.7]",True,0.9052360711821583,75ب83688,75-B-836-88,0.0,True
000164.jpg,14ن95657,14-N-956-57,0.8887,0.7274,"[144.1, 673.4, 251.8, 714.6]",True,0.9782275132273014,14ن95657,14-N-956-57,0.0,True
000164.jpg,14ص87516,14-Sad-875-16,0.8328,0.7345,"[645.5, 551.5, 708.1, 568.2]",True,0.9489009202034092,14ص87516,14-Sad-875-16,0.0,True
000175.jpg,56ص82399,56-Sad-823-99,0.8895,0.7194,"[162.4, 287.7, 445.3, 388.1]",True,0.9928472747398178,56ص82399,56-Sad-823-99,0.0,True
000178.jpg,51ن56912,51-N-569-12,0.8922,0.7684,"[287.7, 343.7, 491.5, 448.7]",True,0.9523626267901384,51ن56912,51-N-569-12,0.0,True
000179.jpg,82و94455,82-V-944-55,0.8155,0.3047,"[573.7, 289.3, 727.9, 429.7]",True,0.8857405744564875,52ه49966,52-H-499-66,7.0,False
000191.jpg,43د16622,43-D-166-22,0.9049,0.3273,"[586.1, 367.1, 734.1, 495.5]",True,0.9623642333922202,43د16474,43-D-164-74,3.0,False
000193.jpg,41ه51842,41-H-518-42,0.8903,0.7328,"[611.8, 492.3, 808.9, 580.9]",True,0.9394115349772069,41ه51842,41-H-518-42,0.0,True
000204.jpg,66و76636,66-V-766-36,0.8993,0.7071,"[325.3, 498.2, 549.3, 557.8]",True,0.9871648424680979,66و76636,66-V-766-36,0.0,True
000210.jpg,35ن99321,35-N-993-21,0.8888,0.7377,"[255.9, 549.7, 348.6, 589.5]",True,0.9747210571486076,35ن99321,35-N-993-21,0.0,True
000227.jpg,85ت69233,85-T-692-33,0.8695,0.8139,"[571.0, 375.8, 782.7, 422.9]",True,0.809642295159817,85ت69233,85-T-692-33,0.0,True
000231.jpg,36ق73742,36-Gh-737-42,0.8578,0.6881,"[599.5, 443.2, 675.6, 466.8]",True,0.9193708016588482,36ق73742,36-Gh-737-42,0.0,True
000231.jpg,71س11811,71-S-118-11,0.6768,0.2262,"[246.0, 361.1, 274.4, 369.1]",False,0.0,,,,False
000235.jpg,67ن38399,67-N-383-99,0.869,0.7403,"[1028.5, 270.7, 1116.2, 301.1]",True,0.8821940826978613,67ن38399,67-N-383-99,0.0,True
000237.jpg,41ه51842,41-H-518-42,0.8892,0.7421,"[384.9, 333.4, 535.5, 379.2]",True,0.9720941561264439,41ه51842,41-H-518-42,0.0,True
000238.jpg,84ب71712,84-B-717-12,0.89,0.7366,"[281.6, 493.7, 522.6, 551.7]",True,0.9481348740447129,84ب71712,84-B-717-12,0.0,True
000242.jpg,37ج21820,37-J-218-20,0.9082,0.7468,"[641.2, 475.7, 994.9, 586.6]",True,0.909629613770964,37ج21820,37-J-218-20,0.0,True
000252.jpg,71ب66720,71-B-667-20,0.8918,0.7601,"[142.6, 149.3, 446.7, 224.1]",True,0.7572973286650733,71ب66720,71-B-667-20,0.0,True
000254.jpg,35ص98577,35-Sad-985-77,0.8667,0.4367,"[242.9, 283.1, 477.8, 425.6]",True,0.9290702277191212,35س98577,35-S-985-77,1.0,False
000267.jpg,72د72474,72-D-724-74,0.9052,0.6695,"[447.8, 377.4, 746.1, 511.4]",True,0.9834768790877911,72د72474,72-D-724-74,0.0,True
000270.jpg,72ه92836,72-H-928-36,0.8998,0.799,"[393.0, 433.6, 501.9, 475.0]",True,0.9574016416641029,72ه92836,72-H-928-36,0.0,True
000277.jpg,19ه17542,19-H-175-42,0.8874,0.82,"[465.6, 390.0, 619.7, 424.6]",True,0.9718722739915004,19ه17542,19-H-175-42,0.0,True
000289.jpg,91ج88153,91-J-881-53,0.8894,0.6923,"[58.9, 55.6, 236.1, 137.2]",True,0.954366246442873,91ج88153,91-J-881-53,0.0,True
000289.jpg,79ن12299,79-N-122-99,0.8096,0.2043,"[766.9, 315.8, 919.6, 445.6]",True,0.9492509434074395,79ق12299,79-Gh-122-99,1.0,False
000296.jpg,77ص92634,77-Sad-926-34,0.8911,0.697,"[459.1, 250.8, 675.0, 380.4]",True,0.9464109589040768,77ص92634,77-Sad-926-34,0.0,True
000297.jpg,18ط33733,18-Ta-337-33,0.8621,0.7651,"[271.9, 210.2, 479.1, 278.9]",True,0.9171991704742152,18ط33733,18-Ta-337-33,0.0,True
000301.jpg,28ت58533,28-T-585-33,0.8723,0.8865,"[339.3, 129.9, 449.2, 162.9]",True,0.9296109789162502,28ت58533,28-T-585-33,0.0,True
000315.jpg,63ن16221,63-N-162-21,0.8848,0.7015,"[207.6, 245.1, 305.2, 285.2]",True,0.8602980254280139,63ن16221,63-N-162-21,0.0,True
000317.jpg,42و35124,42-V-351-24,0.8651,0.7018,"[769.0, 278.7, 935.2, 333.4]",True,0.9825340418682711,42و35124,42-V-351-24,0.0,True
000317.jpg,52د37224,52-D-372-24,0.7603,0.72,"[582.6, 188.3, 648.0, 210.3]",True,0.948707256046048,53د37224,53-D-372-24,1.0,False
000321.jpg,22ن76488,22-N-764-88,0.8823,0.7907,"[499.7, 232.3, 592.1, 261.0]",True,0.8729032258061643,22ن76488,22-N-764-88,0.0,True
000323.jpg,15ق67698,15-Gh-676-98,0.9022,0.6801,"[558.8, 457.9, 764.4, 506.2]",True,0.9444409470448298,15ق67698,15-Gh-676-98,0.0,True
000332.jpg,26ت39711,26-T-397-11,0.8618,0.8432,"[543.5, 268.7, 638.2, 292.5]",True,0.9452984374599878,26ت39711,26-T-397-11,0.0,True
000336.jpg,29و48534,29-V-485-34,0.8659,0.7355,"[310.1, 329.6, 376.7, 352.7]",True,0.9586038076801108,29و48534,29-V-485-34,0.0,True
000356.jpg,22ی59468,22-Y-594-68,0.8618,0.7571,"[271.3, 324.4, 373.0, 348.8]",True,0.9555629248877023,22ی59468,22-Y-594-68,0.0,True
000366.jpg,84د71978,84-D-719-78,0.8621,0.6961,"[298.6, 557.3, 444.8, 590.1]",True,0.9373644523036964,84د71978,84-D-719-78,0.0,True
000383.jpg,84د14699,84-D-146-99,0.8643,0.6702,"[240.0, 444.8, 372.2, 480.8]",True,0.9355804394962333,84د14699,84-D-146-99,0.0,True
000385.jpg,18ب31111,18-B-311-11,0.8711,0.7302,"[276.1, 456.1, 406.9, 484.8]",True,0.8606426947171585,18ب31111,18-B-311-11,0.0,True
000386.jpg,61ع85168,61-Ein-851-68,0.8714,0.8028,"[400.7, 798.6, 552.5, 837.9]",True,0.9094449270585321,61ع85168,61-Ein-851-68,0.0,True
000392.jpg,86ع57644,86-Ein-576-44,0.8586,0.7752,"[256.4, 541.7, 383.9, 572.2]",True,0.9136727234463508,86ع57644,86-Ein-576-44,0.0,True
000398.jpg,82ب64710,82-B-647-10,0.8697,0.7004,"[362.9, 392.3, 482.3, 423.6]",True,0.9571474880150095,82ب64710,82-B-647-10,0.0,True
000399.jpg,52د12438,52-D-124-38,0.8841,0.7074,"[137.6, 614.5, 288.6, 647.2]",True,0.8499747704105647,52د12438,52-D-124-38,0.0,True
000403.jpg,68و72724,68-V-727-24,0.8809,0.7946,"[215.4, 187.3, 364.3, 229.9]",True,0.939724444444305,68و72724,68-V-727-24,0.0,True
000410.jpg,37ن55612,37-N-556-12,0.888,0.724,"[139.3, 539.7, 500.5, 648.1]",True,0.95468977945591,37ن55612,37-N-556-12,0.0,True
000411.jpg,47ی41788,47-Y-417-88,0.8101,0.8214,"[173.2, 301.5, 328.7, 346.8]",True,0.6347224725175137,47ی41788,47-Y-417-88,0.0,True
000418.jpg,46ق56888,46-Gh-568-88,0.8781,0.5676,"[452.4, 698.2, 694.7, 882.0]",True,0.808902495965436,46ق56888,46-Gh-568-88,0.0,True
000430.jpg,95ی76699,95-Y-766-99,0.8943,0.7444,"[310.2, 905.5, 601.0, 1005.3]",True,0.9063307510182552,95ی76699,95-Y-766-99,0.0,True
000437.jpg,63ی23799,63-Y-237-99,0.8731,0.767,"[5.4, 689.5, 287.0, 767.6]",True,0.9097509953437759,63ی23799,63-Y-237-99,0.0,True
000441.jpg,41ق64468,41-Gh-644-68,0.8148,0.6897,"[669.0, 448.4, 735.1, 466.7]",True,0.8459388534482247,41ق64468,41-Gh-644-68,0.0,True
000448.jpg,14و92288,14-V-922-88,0.7944,0.7034,"[321.1, 412.7, 573.3, 496.3]",True,0.9369035134627907,14و92288,14-V-922-88,0.0,True
000455.jpg,52ب17716,52-B-177-16,0.8792,0.7272,"[540.9, 479.9, 681.3, 515.3]",True,0.795270918422717,52ب17716,52-B-177-16,0.0,True
000457.jpg,16ی94577,16-Y-945-77,0.8979,0.7896,"[194.4, 151.5, 847.5, 278.2]",True,0.763481826959914,16ی94577,16-Y-945-77,0.0,True
000476.jpg,24ل67138,24-L-671-38,0.8775,0.7898,"[515.9, 536.4, 662.1, 576.3]",True,0.9485170731705773,24ل67138,24-L-671-38,0.0,True
000484.jpg,99س74468,99-S-744-68,0.7926,0.5784,"[299.4, 445.0, 346.5, 456.4]",True,0.8395763368623125,99س74468,99-S-744-68,0.0,True
000484.jpg,73ی32868,73-Y-328-68,0.7655,0.5538,"[960.1, 470.2, 1002.3, 482.9]",True,0.8991568239791514,73ی32868,73-Y-328-68,0.0,True
000497.jpg,49م89812,49-M-898-12,0.8827,0.7053,"[359.9, 245.7, 575.1, 294.0]",True,0.9721635441137819,49م89812,49-M-898-12,0.0,True
000508.jpg,61ه36899,61-H-368-99,0.8478,0.7898,"[339.0, 180.5, 553.3, 232.7]",True,0.8470955065319291,61ه36899,61-H-368-99,0.0,True
000511.jpg,25ق79166,25-Gh-791-66,0.8515,0.7282,"[399.2, 205.3, 464.9, 222.3]",True,0.8550803384298277,25ق79166,25-Gh-791-66,0.0,True
000513.jpg,81د48510,81-D-485-10,0.8576,0.7484,"[447.7, 636.2, 599.4, 673.4]",True,0.9581052631577301,81د48510,81-D-485-10,0.0,True
000515.jpg,63م89555,63-M-895-55,0.8762,0.7094,"[262.4, 100.7, 472.1, 182.0]",True,0.9256471792867191,63م89555,63-M-895-55,0.0,True
000523.jpg,37ن55612,37-N-556-12,0.8967,0.6952,"[55.5, 431.1, 313.1, 515.5]",True,0.9155036840352389,37ن55612,37-N-556-12,0.0,True
000524.jpg,55ت75233,55-T-752-33,0.8416,0.8,"[94.2, 328.1, 335.4, 396.3]",True,0.9419023632469061,55ت75233,55-T-752-33,0.0,True
000524.jpg,81د21510,81-D-215-10,0.7672,0.141,"[1011.1, 501.4, 1278.8, 585.4]",False,0.0,,,,False
000527.jpg,62ت65722,62-T-657-22,0.8564,0.7908,"[198.2, 150.5, 294.8, 178.6]",True,0.6987027027025229,62ت65722,62-T-657-22,0.0,True
000532.jpg,25ج23688,25-J-236-88,0.8895,0.7249,"[200.7, 532.7, 481.7, 584.8]",True,0.955019045866745,25ج23688,25-J-236-88,0.0,True
000540.jpg,93م74744,93-M-747-44,0.9024,0.7455,"[278.6, 403.1, 507.2, 457.4]",True,0.9520590623892988,93م74744,93-M-747-44,0.0,True
000542.jpg,93ی91477,93-Y-914-77,0.8992,0.8128,"[293.8, 392.2, 470.5, 458.9]",True,0.8861163326249618,93ی91477,93-Y-914-77,0.0,True
000546.jpg,31ج14120,31-J-141-20,0.8844,0.7367,"[475.1, 381.6, 619.2, 433.7]",True,0.9637793166120622,31ج14120,31-J-141-20,0.0,True
000547.jpg,86م15688,86-M-156-88,0.9008,0.6419,"[267.2, 296.2, 521.5, 375.0]",True,0.9519409974990373,86م15688,86-M-156-88,0.0,True
000568.jpg,68ق11482,68-Gh-114-82,0.8957,0.763,"[80.7, 265.2, 275.7, 310.1]",True,0.9654008438817471,68ق11482,68-Gh-114-82,0.0,True
000597.jpg,83ه52910,83-H-529-10,0.868,0.7299,"[235.5, 352.2, 406.9, 390.7]",True,0.921352715221673,83ه52910,83-H-529-10,0.0,True
000602.jpg,26د71377,26-D-713-77,0.851,0.7241,"[340.8, 326.3, 459.4, 368.0]",True,0.9276736346831969,26د71377,26-D-713-77,0.0,True
000603.jpg,45ط68722,45-Ta-687-22,0.8764,0.7337,"[350.2, 407.1, 675.4, 483.5]",True,0.96076009885891,45ط68722,45-Ta-687-22,0.0,True
000629.jpg,93س49238,93-S-492-38,0.8965,0.7624,"[431.8, 229.4, 684.7, 321.6]",True,0.9269915318013214,93س49238,93-S-492-38,0.0,True
000631.jpg,79ن15438,79-N-154-38,0.8811,0.6806,"[220.6, 376.9, 504.2, 471.0]",True,0.8964417517392257,79ن15438,79-N-154-38,0.0,True
000639.jpg,53ص33534,53-Sad-335-34,0.9047,0.6305,"[509.6, 436.3, 697.7, 540.6]",True,0.8772748048168069,53ص33534,53-Sad-335-34,0.0,True
000648.jpg,17م18863,17-M-188-63,0.8796,0.6249,"[503.2, 163.0, 651.6, 272.7]",True,0.8771271551723666,17م18863,17-M-188-63,0.0,True
000658.jpg,88ق94466,88-Gh-944-66,0.8659,0.7453,"[377.6, 252.2, 667.3, 321.9]",True,0.9227998237175995,88ق94466,88-Gh-944-66,0.0,True
000660.jpg,21و98777,21-V-987-77,0.8756,0.718,"[443.4, 284.8, 728.8, 359.8]",True,0.9354609614274525,21و98777,21-V-987-77,0.0,True
000672.jpg,76ج87268,76-J-872-68,0.9073,0.455,"[138.6, 349.3, 531.6, 604.3]",True,0.9042390009744745,76ج87268,76-J-872-68,0.0,True
000676.jpg,31م22768,31-M-227-68,0.8885,0.7192,"[434.6, 587.0, 542.6, 631.3]",True,0.8620540540538982,31م22768,31-M-227-68,0.0,True
000679.jpg,99د79733,99-D-797-33,0.9045,0.6192,"[1035.8, 412.5, 1201.1, 534.6]",True,0.9132638009049359,99د79724,99-D-797-24,2.0,False
000685.jpg,42د63238,42-D-632-38,0.828,0.668,"[119.9, 459.4, 516.5, 514.5]",True,0.7923073830119404,42د63238,42-D-632-38,0.0,True
000690.jpg,49ط35268,49-Ta-352-68,0.9087,0.6995,"[241.8, 123.0, 765.6, 277.9]",True,0.9317617618283713,49ط35268,49-Ta-352-68,0.0,True
000692.jpg,32د51944,32-D-519-44,0.9185,0.6997,"[266.9, 481.1, 741.6, 712.4]",True,0.9343694531718173,32د51944,32-D-519-44,0.0,True
000706.jpg,92و64368,92-V-643-68,0.7823,0.7726,"[0.0, 0.0, 384.6, 199.8]",True,0.8120368062389347,92و64368,92-V-643-68,0.0,True
000713.jpg,96د11599,96-D-115-99,0.899,0.6979,"[148.7, 451.7, 334.0, 516.1]",True,0.8799734532850914,96د11599,96-D-115-99,0.0,True
000726.jpg,91د53338,91-D-533-38,0.876,0.6892,"[232.9, 50.2, 405.9, 97.0]",True,0.7558915073365008,91د53338,91-D-533-38,0.0,True
000734.jpg,48ب72914,48-B-729-14,0.8862,0.6843,"[539.7, 150.5, 684.8, 190.5]",True,0.9139301704031261,48ب72914,48-B-729-14,0.0,True
000735.jpg,77م44990,77-M-449-90,0.6546,0.1876,"[562.4, 434.2, 586.7, 442.4]",True,0.872733832412406,99و42910,99-V-429-10,5.0,False
000737.jpg,69ل88188,69-L-881-88,0.8913,0.7107,"[194.5, 478.4, 301.0, 515.4]",True,0.9269583627379597,69ل88188,69-L-881-88,0.0,True
000740.jpg,65ط83999,65-Ta-839-99,0.8716,0.6986,"[429.8, 269.7, 597.5, 306.6]",True,0.9010799708472664,65ط83999,65-Ta-839-99,0.0,True
000741.jpg,22د34713,22-D-347-13,0.8909,0.6611,"[200.8, 258.6, 320.1, 295.1]",True,0.8705417832865113,22د34713,22-D-347-13,0.0,True
000755.jpg,44م93899,44-M-938-99,0.746,0.7059,"[230.2, 798.7, 563.5, 892.3]",True,0.921411335028995,44م93899,44-M-938-99,0.0,True
000756.jpg,37ب28120,37-B-281-20,0.8736,0.7041,"[375.0, 474.2, 647.5, 543.8]",True,0.9517565909867397,37ب28120,37-B-281-20,0.0,True
000759.jpg,98ج47144,98-J-471-44,0.867,0.7007,"[456.1, 456.0, 539.4, 488.9]",True,0.885197028423487,98ج47144,98-J-471-44,0.0,True
000765.jpg,74د76434,74-D-764-34,0.8181,0.5431,"[523.1, 377.3, 576.9, 392.3]",True,0.934027777776696,74د76424,74-D-764-24,1.0,False
000765.jpg,54ص56434,54-Sad-564-34,0.8173,0.7103,"[163.6, 424.5, 231.5, 440.0]",True,0.7440264542734008,54ص56434,54-Sad-564-34,0.0,True
000771.jpg,19م26524,19-M-265-24,0.903,0.6874,"[330.5, 455.9, 522.1, 505.0]",True,0.9411324529810998,19م26524,19-M-265-24,0.0,True
000772.jpg,35م19824,35-M-198-24,0.8489,0.7532,"[717.8, 420.6, 794.2, 437.5]",True,0.8601998667549219,35م19824,35-M-198-24,0.0,True
000772.jpg,37و42634,37-V-426-34,0.8402,0.7342,"[379.5, 417.6, 463.4, 436.7]",True,0.9408537024149423,37و42634,37-V-426-34,0.0,True
000786.jpg,23ب12599,23-B-125-99,0.8954,0.611,"[869.8, 290.4, 1009.0, 368.3]",True,0.9381166499530105,23ب12599,23-B-125-99,0.0,True
000791.jpg,37ق77814,37-Gh-778-14,0.8052,0.6951,"[926.8, 436.6, 987.4, 449.9]",True,0.88363144017568,37ق77814,37-Gh-778-14,0.0,True
000791.jpg,24و96234,24-V-962-34,0.7948,0.705,"[330.1, 448.0, 376.8, 459.3]",True,0.7488229034551293,24و96234,24-V-962-34,0.0,True
000791.jpg,11و84634,11-V-846-34,0.7785,0.7667,"[536.1, 451.5, 582.6, 462.0]",True,0.845081536032188,11و84634,11-V-846-34,0.0,True
000791.jpg,91س89134,91-S-891-34,0.769,0.445,"[145.4, 467.3, 193.5, 477.9]",True,0.758292837522533,91ص89134,91-Sad-891-34,1.0,False
000794.jpg,47ص98634,47-Sad-986-34,0.8422,0.7233,"[262.6, 382.9, 345.3, 407.0]",True,0.8104208666547357,47ص98634,47-Sad-986-34,0.0,True
000798.jpg,23س51220,23-S-512-20,0.8991,0.6878,"[0.1, 263.2, 133.6, 321.5]",True,0.9123237277742586,23س51220,23-S-512-20,0.0,True
000801.jpg,75ص59834,75-Sad-598-34,0.8712,0.6898,"[462.0, 608.9, 816.2, 679.1]",True,0.8941515059524722,75ص59834,75-Sad-598-34,0.0,True
000802.jpg,29و72721,29-V-727-21,0.8601,0.7533,"[1039.0, 669.0, 1130.4, 696.9]",True,0.9027906293600233,29و72721,29-V-727-21,0.0,True
000802.jpg,43ه42138,43-H-421-38,0.7409,0.4619,"[435.1, 569.8, 470.3, 581.9]",True,0.8102913271552361,42ه67138,42-H-671-38,3.0,False
000820.jpg,68ق96513,68-Gh-965-13,0.8723,0.7555,"[232.2, 276.4, 345.4, 306.9]",True,0.8109830272835516,68ق96513,68-Gh-965-13,0.0,True
000839.jpg,94ت65933,94-T-659-33,0.73,0.4248,"[606.6, 414.3, 637.8, 424.3]",True,0.7676767676743451,94ت65933,94-T-659-33,0.0,True
000839.jpg,88و54577,88-V-545-77,0.6907,0.3907,"[62.4, 402.3, 90.6, 411.9]",True,0.7880584068209177,55و53577,55-V-535-77,3.0,False
000846.jpg,52د99524,52-D-995-24,0.8515,0.6778,"[533.4, 155.4, 646.5, 191.3]",True,0.9397406410087304,52د99524,52-D-995-24,0.0,True
000851.jpg,44د95399,44-D-953-99,0.8597,0.6714,"[371.4, 492.2, 438.3, 515.8]",True,0.7958800325585957,44د95399,44-D-953-99,0.0,True
000851.jpg,25ق63276,25-Gh-632-76,0.7367,0.1731,"[708.8, 390.7, 735.4, 401.1]",False,0.0,,,,False
000853.jpg,26ع12755,26-Ein-127-55,0.8734,0.7937,"[767.5, 422.5, 837.4, 445.4]",True,0.8496229798021844,26ع12755,26-Ein-127-55,0.0,True
000853.jpg,27ن87755,27-N-877-55,0.8509,0.5595,"[16.2, 523.0, 63.3, 552.6]",True,0.9257074183321592,77ن87755,77-N-877-55,1.0,False
000858.jpg,19ط54429,19-Ta-544-29,0.8527,0.7228,"[890.4, 388.0, 979.1, 408.3]",True,0.8661037522323777,19ط54429,19-Ta-544-29,0.0,True
000873.jpg,52ق32477,52-Gh-324-77,0.9006,0.7432,"[386.7, 437.7, 844.5, 529.4]",True,0.9790041333847002,52ق32477,52-Gh-324-77,0.0,True
000882.jpg,93ق65213,93-Gh-652-13,0.8707,0.7351,"[116.9, 272.3, 223.0, 295.7]",True,0.9411432876913934,93ق65213,93-Gh-652-13,0.0,True
000884.jpg,88ج71577,88-J-715-77,0.8443,0.7526,"[1067.1, 344.5, 1180.6, 370.9]",True,0.8778630900311384,88ج71577,88-J-715-77,0.0,True
000884.jpg,97ج11310,97-J-113-10,0.7824,0.7421,"[41.2, 268.6, 151.4, 296.1]",True,0.9329938233989442,97ج11310,97-J-113-10,0.0,True
000887.jpg,98ج47144,98-J-471-44,0.7573,0.6803,"[284.8, 287.6, 375.5, 314.5]",True,0.8107122217528208,98ج47144,98-J-471-44,0.0,True
000891.jpg,14ب95736,14-B-957-36,0.8968,0.653,"[322.5, 509.7, 717.3, 601.2]",True,0.9371386564375541,14ب95736,14-B-957-36,0.0,True
000892.jpg,79ل56516,79-L-565-16,0.8985,0.7581,"[419.3, 542.2, 803.5, 644.9]",True,0.9076453163343975,79ل56516,79-L-565-16,0.0,True
000893.jpg,42د19875,42-D-198-75,0.8291,0.7101,"[202.6, 309.8, 377.2, 361.1]",True,0.934633499227855,42د19875,42-D-198-75,0.0,True
000906.jpg,71د74966,71-D-749-66,0.8773,0.7136,"[465.8, 705.7, 602.9, 742.1]",True,0.7825267508574478,71د74966,71-D-749-66,0.0,True
000914.jpg,47ص54763,47-Sad-547-63,0.8399,0.595,"[84.0, 189.1, 178.6, 213.5]",True,0.92740344194466,47ص54763,47-Sad-547-63,0.0,True
000914.jpg,22ن37693,22-N-376-93,0.8304,0.4815,"[602.2, 194.1, 689.4, 214.1]",True,0.9125651946153747,22ن37693,22-N-376-93,0.0,True
000924.jpg,62ل17110,62-L-171-10,0.8598,0.7288,"[403.2, 305.3, 550.4, 346.6]",True,0.9540905703163785,62ل17110,62-L-171-10,0.0,True
000926.jpg,66ق46766,66-Gh-467-66,0.8322,0.737,"[450.6, 520.2, 493.4, 540.0]",True,0.9629999999989024,66ق46766,66-Gh-467-66,0.0,True
000936.jpg,11ط94763,11-Ta-947-63,0.8762,0.7686,"[134.3, 111.9, 233.4, 137.4]",True,0.9155014021851202,11ط94763,11-Ta-947-63,0.0,True
000953.jpg,81د53124,81-D-531-24,0.8947,0.7214,"[561.9, 173.6, 723.1, 214.8]",True,0.9576236478834459,81د53124,81-D-531-24,0.0,True
000971.jpg,36ی53888,36-Y-538-88,0.8698,0.8317,"[333.7, 507.1, 406.3, 531.6]",True,0.9635477910291892,36ی53888,36-Y-538-88,0.0,True
000985.jpg,76د68377,76-D-683-77,0.8495,0.6855,"[279.2, 505.6, 330.1, 522.4]",True,0.9355412105892343,76د68377,76-D-683-77,0.0,True
000986.jpg,35ج94693,35-J-946-93,0.9124,0.7339,"[162.8, 249.7, 375.0, 319.4]",True,0.9862752169592981,35ج94693,35-J-946-93,0.0,True
000988.jpg,88ق29111,88-Gh-291-11,0.8416,0.7281,"[280.3, 435.8, 323.2, 461.1]",True,0.9287155532206287,88ق29111,88-Gh-291-11,0.0,True
000990.jpg,36ی53888,36-Y-538-88,0.8447,0.8147,"[322.4, 537.2, 396.0, 560.7]",True,0.90309898242316,36ی53888,36-Y-538-88,0.0,True
000994.jpg,45ق21929,45-Gh-219-29,0.8967,0.674,"[331.2, 695.7, 463.9, 742.4]",True,0.9249388059700098,45ق21929,45-Gh-219-29,0.0,True
000995.jpg,62د78818,62-D-788-18,0.87,0.6767,"[500.6, 438.5, 656.4, 473.2]",False,0.0,,,,False
000995.jpg,13ق55929,13-Gh-559-29,0.8185,0.7856,"[879.7, 312.8, 963.6, 333.7]",True,0.8763168415787727,13ق55929,13-Gh-559-29,0.0,True
001005.jpg,57د62444,57-D-624-44,0.8314,0.7143,"[87.8, 461.4, 177.2, 481.6]",True,0.8687585581758959,57د62444,57-D-624-44,0.0,True
001005.jpg,82ل52255,82-L-522-55,0.7955,0.6231,"[423.1, 373.1, 464.7, 383.8]",True,0.7986834887532325,83ل52355,83-L-523-55,2.0,False
001007.jpg,55ه45710,55-H-457-10,0.8569,0.7356,"[159.0, 291.0, 236.1, 310.5]",True,0.9162570713153939,55ه45710,55-H-457-10,0.0,True
001007.jpg,59ع69922,59-Ein-699-22,0.6745,0.8482,"[555.2, 260.0, 616.5, 276.4]",False,0.0,,,,False
001024.jpg,51م83378,51-M-833-78,0.8954,0.7321,"[555.3, 372.0, 671.4, 413.3]",True,0.938765829697535,51م83378,51-M-833-78,0.0,True
001036.jpg,97ق59210,97-Gh-592-10,0.861,0.7391,"[154.0, 215.5, 410.9, 282.3]",True,0.9104406989834506,97ق59210,97-Gh-592-10,0.0,True
001046.jpg,52ق43729,52-Gh-437-29,0.6905,0.7813,"[416.1, 126.4, 583.1, 185.3]",True,0.7759015076806545,52ق43729,52-Gh-437-29,0.0,True
001056.jpg,79ل65299,79-L-652-99,0.8648,0.6923,"[280.1, 648.1, 465.4, 695.4]",True,0.8431640211639392,79ل65299,79-L-652-99,0.0,True
001056.jpg,99م94475,99-M-944-75,0.7581,0.3236,"[1178.0, 575.1, 1280.0, 624.2]",False,0.0,,,,False
001058.jpg,44ه23829,44-H-238-29,0.7906,0.7078,"[248.4, 955.1, 303.5, 966.9]",True,0.8186998186986937,44ه23829,44-H-238-29,0.0,True
001058.jpg,93ج48819,93-J-488-19,0.6607,0.4307,"[631.4, 657.9, 662.5, 665.0]",True,0.6477046205092163,92ج48819,92-J-488-19,1.0,False
001068.jpg,43و76166,43-V-761-66,0.865,0.7412,"[735.4, 340.8, 852.0, 369.9]",True,0.9780629955995451,43و76166,43-V-761-66,0.0,True
001068.jpg,18ی91555,18-Y-915-55,0.8596,0.8141,"[260.8, 334.0, 348.4, 355.4]",True,0.9681512498408774,18ی91555,18-Y-915-55,0.0,True
001069.jpg,73ن15666,73-N-156-66,0.8963,0.681,"[482.4, 445.7, 659.2, 546.4]",True,0.9795146629038648,73ن15666,73-N-156-66,0.0,True
001072.jpg,82و98599,82-V-985-99,0.7994,0.6694,"[853.4, 369.0, 917.2, 391.2]",True,0.813065442020201,82و98599,82-V-985-99,0.0,True
001077.jpg,34و49344,34-V-493-44,0.8848,0.685,"[351.2, 401.2, 498.9, 433.3]",True,0.9466975456077212,34و49344,34-V-493-44,0.0,True
001077.jpg,71ی68711,71-Y-687-11,0.8554,0.7893,"[994.2, 441.3, 1114.9, 467.5]",True,0.9108122119813042,71ی68711,71-Y-687-11,0.0,True
001081.jpg,45ق33829,45-Gh-338-29,0.875,0.7616,"[664.3, 492.5, 777.2, 536.3]",True,0.969100454299771,45ق33829,45-Gh-338-29,0.0,True
001091.jpg,27و84111,27-V-841-11,0.8915,0.7228,"[150.0, 324.9, 303.7, 368.8]",True,0.9114581403584887,27و84111,27-V-841-11,0.0,True
001096.jpg,88ج24944,88-J-249-44,0.8929,0.7269,"[658.2, 530.0, 918.1, 587.9]",True,0.9259025599229247,88ج24944,88-J-249-44,0.0,True
001104.jpg,36ق47629,36-Gh-476-29,0.8682,0.7595,"[583.3, 358.3, 768.3, 399.3]",True,0.9801837648227824,36ق47629,36-Gh-476-29,0.0,True
001107.jpg,37ت91922,37-T-919-22,0.871,0.8368,"[331.3, 397.4, 570.8, 451.8]",True,0.9431073496134957,37ت91922,37-T-919-22,0.0,True
001109.jpg,39ق94429,39-Gh-944-29,0.888,0.7123,"[450.7, 540.4, 652.8, 592.4]",True,0.9735796451364196,39ق94429,39-Gh-944-29,0.0,True
001110.jpg,92ن15577,92-N-155-77,0.8594,0.7553,"[651.9, 451.1, 777.3, 481.1]",True,0.8712366836496366,92ن15577,92-N-155-77,0.0,True
001117.jpg,14ب74288,14-B-742-88,0.8825,0.7598,"[297.3, 592.7, 497.8, 641.5]",True,0.9515956047513038,14ب74288,14-B-742-88,0.0,True
001117.jpg,53ه25373,53-H-253-73,0.8819,0.8161,"[1002.6, 534.7, 1142.7, 573.7]",True,0.9770597210111555,53ه25373,53-H-253-73,0.0,True
001118.jpg,53ق37129,53-Gh-371-29,0.8995,0.7471,"[409.8, 363.1, 596.4, 407.5]",True,0.9657390033944728,53ق37129,53-Gh-371-29,0.0,True
001127.jpg,84ب17820,84-B-178-20,0.893,0.7547,"[949.1, 437.2, 1205.6, 492.4]",True,0.9630746043706943,84ب17820,84-B-178-20,0.0,True
001127.jpg,94ی64499,94-Y-644-99,0.8901,0.7489,"[72.6, 409.7, 250.9, 457.0]",True,0.9815630819365714,94ی64499,94-Y-644-99,0.0,True
001131.jpg,33ق47329,33-Gh-473-29,0.8863,0.7638,"[595.5, 191.6, 969.0, 279.8]",True,0.9896863546235366,33ق47329,33-Gh-473-29,0.0,True
001132.jpg,61د48422,61-D-484-22,0.8756,0.7123,"[153.4, 493.2, 303.7, 543.5]",True,0.9609779486019179,61د48422,61-D-484-22,0.0,True
001134.jpg,42ق28829,42-Gh-288-29,0.8976,0.6976,"[629.3, 492.2, 825.5, 553.8]",True,0.9738071065989058,42ق28829,42-Gh-288-29,0.0,True
001139.jpg,14ق48529,14-Gh-485-29,0.861,0.6925,"[793.3, 299.8, 917.4, 329.3]",True,0.9760919976672456,14ق48529,14-Gh-485-29,0.0,True
001144.jpg,52ق32477,52-Gh-324-77,0.8818,0.7206,"[403.2, 339.8, 713.6, 420.9]",True,0.9612712767466938,52ق32477,52-Gh-324-77,0.0,True
001146.jpg,36ق48129,36-Gh-481-29,0.814,0.7797,"[523.0, 228.2, 841.2, 318.5]",True,0.9318404396824839,36ق48129,36-Gh-481-29,0.0,True
001147.jpg,92ج76538,92-J-765-38,0.8559,0.7313,"[108.2, 491.5, 286.6, 559.7]",True,0.8816579710144294,92ج76538,92-J-765-38,0.0,True
001154.jpg,48ل14529,48-L-145-29,0.8795,0.698,"[672.2, 490.5, 822.6, 541.5]",True,0.8983099398451992,48ل14529,48-L-145-29,0.0,True
001159.jpg,68ه52588,68-H-525-88,0.832,0.7524,"[497.6, 813.0, 624.9, 846.3]",True,0.9500525233428332,68ه52588,68-H-525-88,0.0,True
001162.jpg,16ی12715,16-Y-127-15,0.8121,0.7397,"[902.0, 479.3, 969.9, 496.1]",True,0.7854688267052558,16ی12715,16-Y-127-15,0.0,True
001162.jpg,15م43516,15-M-435-16,0.707,0.5711,"[465.5, 463.4, 525.8, 479.2]",False,0.0,,,,False
001168.jpg,36ن51111,36-N-511-11,0.8338,0.7259,"[954.7, 224.1, 1084.5, 255.7]",True,0.8989959422749079,36ن51111,36-N-511-11,0.0,True
001168.jpg,46و95944,46-V-959-44,0.8324,0.7248,"[298.6, 345.7, 441.8, 379.8]",True,0.935020932088619,46و95944,46-V-959-44,0.0,True
001169.jpg,38م25810,38-M-258-10,0.8982,0.5443,"[105.3, 618.2, 663.5, 754.1]",True,0.864198906356791,38م25810,38-M-258-10,0.0,True
001199.jpg,94د94277,94-D-942-77,0.8323,0.6978,"[338.8, 115.4, 507.5, 175.8]",True,0.9734824144282145,94د94277,94-D-942-77,0.0,True
001210.jpg,29ج71177,29-J-711-77,0.7507,0.7241,"[79.5, 179.4, 181.8, 222.7]",True,0.9074073673436963,29ج71177,29-J-711-77,0.0,True
001210.jpg,87ی49266,87-Y-492-66,0.6936,0.7397,"[896.4, 204.1, 1036.7, 259.5]",True,0.7180912786399928,87ی49266,87-Y-492-66,0.0,True
001212.jpg,28د21844,28-D-218-44,0.8959,0.6978,"[426.0, 583.9, 582.0, 654.0]",True,0.845157628605262,28د21844,28-D-218-44,0.0,True
001218.jpg,36ج35188,36-J-351-88,0.8392,0.7423,"[348.6, 414.5, 509.0, 452.7]",True,0.9393960106877287,36ج35188,36-J-351-88,0.0,True
001221.jpg,84ص27655,84-Sad-276-55,0.8896,0.7156,"[160.7, 439.8, 359.3, 496.3]",True,0.855251524390178,84ص27655,84-Sad-276-55,0.0,True
001222.jpg,57ی67499,57-Y-674-99,0.8684,0.7742,"[199.1, 378.6, 387.7, 438.6]",True,0.8985532208059847,57ی67499,57-Y-674-99,0.0,True
001233.jpg,58ژ33111,58-Zh-331-11,0.8843,0.312,"[256.7, 389.8, 349.9, 437.7]",True,0.9269254450890766,58ژ33111,58-Zh-331-11,0.0,True
001243.jpg,43ص19922,43-Sad-199-22,0.8756,0.7094,"[167.3, 273.4, 330.7, 317.3]",False,0.0,,,,False
001255.jpg,76س74978,76-S-749-78,0.7323,0.7498,"[580.7, 195.9, 649.6, 218.2]",True,0.739042809042454,76س74978,76-S-749-78,0.0,True
001255.jpg,62و88657,62-V-886-57,0.7253,0.7363,"[1016.5, 312.9, 1169.3, 355.8]",True,0.8132903225805448,62و88657,62-V-886-57,0.0,True
001258.jpg,57م12878,57-M-128-78,0.7244,0.7327,"[815.2, 215.5, 919.7, 246.0]",True,0.9381078024874666,57م12878,57-M-128-78,0.0,True
001258.jpg,86ج94221,86-J-942-21,0.661,0.7116,"[1015.6, 195.3, 1081.0, 217.0]",True,0.750888888888491,86ج94221,86-J-942-21,0.0,True
001259.jpg,68ن46266,68-N-462-66,0.795,0.7643,"[1045.4, 142.2, 1175.8, 195.1]",True,0.897630672527038,68ن46266,68-N-462-66,0.0,True
001268.jpg,36ی98678,36-Y-986-78,0.7811,0.7765,"[472.3, 146.6, 565.3, 179.2]",True,0.770015596905291,36ی98678,36-Y-986-78,0.0,True
001268.jpg,98م66478,98-M-664-78,0.7227,0.7096,"[983.1, 152.8, 1084.1, 180.8]",True,0.6121212121210788,98م66478,98-M-664-78,0.0,True
001268.jpg,75و48457,75-V-484-57,0.6906,0.697,"[12.6, 86.5, 93.1, 115.8]",True,0.741247642991596,75و48457,75-V-484-57,0.0,True
001273.jpg,73م32455,73-M-324-55,0.8465,0.7565,"[394.4, 441.5, 473.0, 460.0]",True,0.6051186017475636,73م32455,73-M-324-55,0.0,True
001289.jpg,16س59655,16-S-596-55,0.6989,0.5744,"[45.4, 261.6, 127.0, 282.7]",True,0.9155443508254746,16س59655,16-S-596-55,0.0,True
001292.jpg,96ب14911,96-B-149-11,0.8621,0.747,"[644.5, 447.0, 753.8, 475.1]",True,0.9121401495087806,96ب14911,96-B-149-11,0.0,True
001313.jpg,91ط11399,91-Ta-113-99,0.8959,0.6954,"[586.7, 698.8, 686.0, 744.4]",True,0.8477962928289002,91ط11399,91-Ta-113-99,0.0,True
001314.jpg,15س13699,15-S-136-99,0.8338,0.6292,"[400.4, 376.1, 481.3, 396.9]",True,0.8550406504060656,15س13699,15-S-136-99,0.0,True
001314.jpg,83د45233,83-D-452-33,0.6646,0.5741,"[206.3, 384.2, 250.1, 395.7]",False,0.0,,,,False
001328.jpg,61ه46588,61-H-465-88,0.8738,0.7687,"[339.2, 326.2, 430.3, 362.5]",True,0.9186927003464541,61ه46588,61-H-465-88,0.0,True
001359.jpg,96س93391,96-S-933-91,0.9278,0.8152,"[263.8, 282.5, 469.0, 344.1]",True,0.9388326306052363,96س93391,96-S-933-91,0.0,True
001361.jpg,79ط68279,79-Ta-682-79,0.9053,0.734,"[216.9, 405.6, 412.5, 445.9]",True,0.9799279355921556,79ط68279,79-Ta-682-79,0.0,True
001365.jpg,76ج83985,76-J-839-85,0.8476,0.6513,"[310.6, 330.8, 398.3, 358.8]",True,0.9400510499159709,76ج83985,76-J-839-85,0.0,True
001379.jpg,39ی35991,39-Y-359-91,0.8728,0.7257,"[241.9, 314.0, 344.2, 336.9]",True,0.8883523826117149,39ی35991,39-Y-359-91,0.0,True
001402.jpg,25ی98921,25-Y-989-21,0.8946,0.7517,"[980.1, 587.2, 1203.5, 643.2]",True,0.9461832644943456,25ی98921,25-Y-989-21,0.0,True
001402.jpg,26ی64221,26-Y-642-21,0.8597,0.7611,"[273.6, 427.3, 384.9, 453.5]",True,0.8920304202206615,26ی64221,26-Y-642-21,0.0,True
001402.jpg,95ج13956,95-J-139-56,0.8427,0.7453,"[96.4, 381.9, 163.2, 399.0]",True,0.9673635185760331,95ج13956,95-J-139-56,0.0,True
001405.jpg,92ج92711,92-J-927-11,0.8877,0.6893,"[207.5, 599.0, 448.6, 689.2]",True,0.9312653217718616,92ج92711,92-J-927-11,0.0,True
001408.jpg,64و95910,64-V-959-10,0.884,0.6857,"[205.6, 317.0, 397.1, 369.6]",True,0.9069299356095308,64و95910,64-V-959-10,0.0,True
001411.jpg,43ص94141,43-Sad-941-41,0.8804,0.7011,"[221.3, 265.1, 393.9, 307.1]",True,0.9578817137784129,43ص94141,43-Sad-941-41,0.0,True
001413.jpg,28ل36110,28-L-361-10,0.8693,0.7214,"[229.7, 382.3, 396.6, 416.9]",True,0.9087855037627831,28ل36110,28-L-361-10,0.0,True
001416.jpg,84ل96699,84-L-966-99,0.8984,0.7173,"[124.0, 331.7, 271.8, 387.5]",True,0.9648384845557759,84ل96699,84-L-966-99,0.0,True
001419.jpg,12ص76910,12-Sad-769-10,0.6749,0.1858,"[323.3, 389.1, 352.2, 398.9]",True,0.7784584293764295,52ص16710,52-Sad-167-10,3.0,False
001424.jpg,35ط63316,35-Ta-633-16,0.8835,0.7749,"[624.7, 434.5, 939.3, 509.6]",True,0.9002613930802887,35ط63316,35-Ta-633-16,0.0,True
001435.jpg,32س61116,32-S-611-16,0.8709,0.5525,"[836.8, 507.7, 1278.5, 668.7]",True,0.9114277558332512,33س61116,33-S-611-16,1.0,False
001438.jpg,54ب14116,54-B-141-16,0.8744,0.7214,"[476.5, 434.0, 615.2, 472.8]",True,0.9474577464787054,54ب14116,54-B-141-16,0.0,True
001441.jpg,37م33216,37-M-332-16,0.8828,0.7188,"[86.4, 466.7, 238.4, 503.7]",True,0.9260204081631104,37م33216,37-M-332-16,0.0,True
001466.jpg,65ص13116,65-Sad-131-16,0.8934,0.679,"[549.0, 705.1, 712.9, 758.3]",True,0.9677581740271722,65ص13116,65-Sad-131-16,0.0,True
001469.jpg,59ط68916,59-Ta-689-16,0.8643,0.7088,"[346.3, 608.1, 412.5, 632.1]",True,0.965362695733374,59ط68916,59-Ta-689-16,0.0,True
001469.jpg,43م68716,43-M-687-16,0.7976,0.7734,"[187.0, 574.0, 219.8, 586.1]",True,0.848034188032378,43م68716,43-M-687-16,0.0,True
001480.jpg,21ق23716,21-Gh-237-16,0.8744,0.705,"[494.7, 583.8, 580.7, 621.1]",True,0.9585534083138751,21ق23716,21-Gh-237-16,0.0,True
001482.jpg,37ص19832,37-Sad-198-32,0.9094,0.6557,"[822.4, 456.6, 1244.9, 586.9]",True,0.9586004226852581,37ص19832,37-Sad-198-32,0.0,True
001482.jpg,85ب35933,85-B-359-33,0.8294,0.6429,"[71.5, 3.5, 174.9, 62.0]",False,0.0,,,,False
001483.jpg,56ل29716,56-L-297-16,0.8639,0.7134,"[126.2, 380.6, 219.8, 411.2]",True,0.9226231235182621,56ل29716,56-L-297-16,0.0,True
001497.jpg,22ت95716,22-T-957-16,0.7812,0.8318,"[472.0, 424.3, 551.3, 444.1]",True,0.8358838860854338,22ت95716,22-T-957-16,0.0,True
001521.jpg,76ب18816,76-B-188-16,0.785,0.6572,"[163.7, 448.1, 307.1, 501.1]",True,0.858779661016853,76ب18816,76-B-188-16,0.0,True
001527.jpg,76ط42916,76-Ta-429-16,0.8952,0.711,"[273.2, 354.0, 491.1, 406.6]",True,0.9727457829749057,76ط42916,76-Ta-429-16,0.0,True
001537.jpg,72س41562,72-S-415-62,0.8708,0.6305,"[585.8, 351.3, 697.6, 377.0]",True,0.9658019114173554,72س41562,72-S-415-62,0.0,True
001549.jpg,89د27520,89-D-275-20,0.7372,0.5338,"[399.7, 273.1, 513.9, 327.5]",True,0.8676084269082769,89د27520,89-D-275-20,0.0,True
001551.jpg,54س35918,54-S-359-18,0.9155,0.7629,"[156.0, 259.7, 518.0, 409.4]",True,0.8974671257800889,54س35918,54-S-359-18,0.0,True
001556.jpg,26د65818,26-D-658-18,0.8821,0.703,"[462.8, 442.9, 819.0, 535.7]",True,0.8816301911520251,26د65818,26-D-658-18,0.0,True
001567.jpg,63ط66610,63-Ta-666-10,0.8947,0.6745,"[419.8, 97.1, 733.5, 175.3]",True,0.9484857291599843,63ط66610,63-Ta-666-10,0.0,True
001571.jpg,24د44218,24-D-442-18,0.8927,0.6791,"[514.3, 506.3, 729.6, 557.1]",True,0.7966000787080436,24د44218,24-D-442-18,0.0,True
001583.jpg,26ص35118,26-Sad-351-18,0.8989,0.6638,"[327.0, 255.1, 723.7, 345.9]",True,0.9722586675398819,26ص35118,26-Sad-351-18,0.0,True
001584.jpg,11الف57618,11-Alef-576-18,0.8631,0.9064,"[303.6, 500.9, 595.3, 575.2]",True,0.9739835620284594,11آ57618,11-A-576-18,1.0,False
001599.jpg,22د66318,22-D-663-18,0.8692,0.6774,"[535.5, 512.5, 892.0, 584.4]",True,0.9833737625639856,22د66318,22-D-663-18,0.0,True
001600.jpg,41د64918,41-D-649-18,0.903,0.7091,"[632.2, 431.2, 1137.8, 527.8]",True,0.8851192935703407,41د64918,41-D-649-18,0.0,True
001610.jpg,35م88688,35-M-886-88,0.8956,0.7605,"[417.6, 595.0, 1019.5, 729.5]",True,0.9626551271970663,35م88688,35-M-886-88,0.0,True
001617.jpg,69ص37418,69-Sad-374-18,0.86,0.6841,"[553.0, 410.9, 890.2, 482.0]",True,0.9737954061933235,69ص37418,69-Sad-374-18,0.0,True
001619.jpg,29ط79618,29-Ta-796-18,0.8909,0.7507,"[528.0, 524.0, 946.6, 609.3]",True,0.8910898819818082,29ط79618,29-Ta-796-18,0.0,True
001622.jpg,61م45716,61-M-457-16,0.8908,0.6981,"[483.0, 327.6, 864.0, 412.3]",True,0.8995466475781161,61م45716,61-M-457-16,0.0,True
001623.jpg,96د28718,96-D-287-18,0.9178,0.6688,"[484.5, 369.6, 929.8, 482.6]",True,0.9568015605889659,96د28718,96-D-287-18,0.0,True
001630.jpg,41ج83518,41-J-835-18,0.9092,0.7339,"[346.1, 345.2, 873.8, 444.3]",True,0.8804445213170184,41ج83518,41-J-835-18,0.0,True
001637.jpg,92ب54318,92-B-543-18,0.8693,0.7132,"[447.2, 392.1, 575.2, 421.7]",True,0.9390064975893608,92ب54318,92-B-543-18,0.0,True
001637.jpg,86ص68618,86-Sad-686-18,0.8675,0.7166,"[989.2, 331.2, 1088.4, 356.0]",False,0.0,,,,False
001641.jpg,15الف12918,15-Alef-129-18,0.8741,0.8481,"[334.0, 381.6, 433.3, 409.3]",True,0.863360314326729,15آ12918,15-A-129-18,1.0,False
001654.jpg,15الف21518,15-Alef-215-18,0.8804,0.8517,"[628.4, 194.1, 722.3, 223.5]",True,0.9331101982855782,15آ21518,15-A-215-18,1.0,False
001654.jpg,12الف18818,12-Alef-188-18,0.8673,0.7031,"[118.8, 226.0, 309.7, 285.3]",True,0.8848758387503879,12آ18818,12-A-188-18,1.0,False
001654.jpg,14الف53218,14-Alef-532-18,0.8354,0.8688,"[933.2, 155.2, 1000.4, 176.3]",True,0.956586784872589,14آ53218,14-A-532-18,1.0,False
001655.jpg,14د38918,14-D-389-18,0.8677,0.7153,"[768.8, 247.8, 862.3, 272.5]",True,0.9227494571172749,14د38918,14-D-389-18,0.0,True
001655.jpg,34ط22318,34-Ta-223-18,0.8667,0.7627,"[310.4, 262.7, 396.3, 283.8]",True,0.8773127969170224,34ط22318,34-Ta-223-18,0.0,True
001673.jpg,62ب55410,62-B-554-10,0.8746,0.7209,"[178.5, 267.3, 304.4, 313.0]",True,0.836961322946843,62ب55410,62-B-554-10,0.0,True
001673.jpg,17م19999,17-M-199-99,0.662,0.7664,"[625.3, 104.3, 663.1, 117.8]",True,0.7973437499987548,17م19999,17-M-199-99,0.0,True
001674.jpg,72ب65720,72-B-657-20,0.7805,0.7259,"[601.1, 271.8, 829.0, 347.1]",True,0.7824937303360179,72ب65720,72-B-657-20,0.0,True
001681.jpg,91د92933,91-D-929-33,0.78,0.7475,"[654.0, 248.8, 888.4, 332.6]",True,0.8114401997216764,91د92933,91-D-929-33,0.0,True
001683.jpg,38ب44366,38-B-443-66,0.897,0.7151,"[654.6, 277.0, 853.5, 354.0]",True,0.734934497816558,38ب44366,38-B-443-66,0.0,True
001686.jpg,24ل34928,24-L-349-28,0.8304,0.7275,"[854.6, 190.2, 989.4, 224.4]",True,0.6098095238094433,24ل34928,24-L-349-28,0.0,True
001686.jpg,27ط46755,27-Ta-467-55,0.7933,0.7322,"[171.9, 133.3, 338.5, 178.9]",True,0.9492768587139031,27ط46755,27-Ta-467-55,0.0,True
001691.jpg,98ق37488,98-Gh-374-88,0.8492,0.7208,"[767.0, 229.7, 1058.2, 317.0]",False,0.0,,,,False
001700.jpg,21ج29157,21-J-291-57,0.8811,0.7497,"[466.9, 354.2, 766.6, 423.6]",True,0.9339102273558929,21ج29157,21-J-291-57,0.0,True
001738.jpg,56ص17416,56-Sad-174-16,0.8856,0.6926,"[576.2, 530.8, 743.5, 573.6]",True,0.8717141469707501,56ص17416,56-Sad-174-16,0.0,True
001761.jpg,82ب29520,82-B-295-20,0.9101,0.7296,"[635.7, 294.4, 844.3, 353.4]",True,0.9273323413090969,82ب29520,82-B-295-20,0.0,True
001770.jpg,47و71938,47-V-719-38,0.847,0.6835,"[285.8, 565.9, 455.2, 605.6]",True,0.9489739621497775,47و71938,47-V-719-38,0.0,True
001775.jpg,63و42921,63-V-429-21,0.8364,0.751,"[885.6, 637.3, 963.5, 656.0]",True,0.8873448000905297,63و42921,63-V-429-21,0.0,True
001777.jpg,28ب16838,28-B-168-38,0.8647,0.7277,"[155.6, 439.6, 300.7, 474.7]",True,0.9196219837108428,28ب16838,28-B-168-38,0.0,True
001778.jpg,49د46789,49-D-467-89,0.8792,0.6923,"[299.2, 434.1, 428.1, 467.0]",True,0.9269641110056484,49د46789,49-D-467-89,0.0,True
001782.jpg,17م84466,17-M-844-66,0.8735,0.7073,"[154.0, 372.7, 262.0, 398.7]",True,0.8936923183676041,17م84466,17-M-844-66,0.0,True
001783.jpg,42ه41521,42-H-415-21,0.7941,0.7602,"[987.2, 556.3, 1069.9, 575.1]",True,0.8843650081654812,42ه41521,42-H-415-21,0.0,True
001784.jpg,92س12956,92-S-129-56,0.8524,0.7694,"[202.3, 654.4, 355.3, 690.2]",True,0.9380748007355739,92س12956,92-S-129-56,0.0,True
001796.jpg,74ه76336,74-H-763-36,0.8368,0.7794,"[383.8, 672.0, 465.4, 691.5]",True,0.8962408781499388,74ه76336,74-H-763-36,0.0,True
001803.jpg,97م32278,97-M-322-78,0.8534,0.705,"[457.3, 234.5, 651.2, 284.4]",True,0.9598085754550942,97م32278,97-M-322-78,0.0,True
001806.jpg,88ه67366,88-H-673-66,0.8843,0.6885,"[418.4, 482.6, 742.0, 589.9]",True,0.9576175345626615,88ه67366,88-H-673-66,0.0,True
001810.jpg,96ه91711,96-H-917-11,0.8813,0.792,"[595.1, 577.2, 805.4, 619.1]",True,0.9759049234575656,96ه91711,96-H-917-11,0.0,True
001817.jpg,33ه73499,33-H-734-99,0.8015,0.7224,"[733.0, 388.9, 953.7, 467.7]",True,0.9592360415653056,33ه73499,33-H-734-99,0.0,True
001828.jpg,13ل39677,13-L-396-77,0.8968,0.7176,"[730.5, 397.3, 955.1, 451.2]",True,0.9429331744995233,13ل39677,13-L-396-77,0.0,True
001840.jpg,31ج61777,31-J-617-77,0.8789,0.7169,"[607.4, 674.0, 705.1, 718.5]",True,0.8784314385774044,31ج61777,31-J-617-77,0.0,True
001860.jpg,29ه72277,29-H-722-77,0.8896,0.7477,"[286.6, 308.3, 421.0, 367.0]",True,0.8226569343064837,29ه72277,29-H-722-77,0.0,True
001872.jpg,58ص26522,58-Sad-265-22,0.8985,0.7727,"[200.0, 351.1, 430.1, 445.5]",True,0.9074169446607906,58ص26522,58-Sad-265-22,0.0,True
001873.jpg,42م39236,42-M-392-36,0.8613,0.715,"[140.0, 528.9, 328.4, 579.7]",True,0.9238843363354268,42م39236,42-M-392-36,0.0,True
001875.jpg,78م63416,78-M-634-16,0.8767,0.8021,"[377.1, 438.0, 460.5, 462.6]",True,0.9059934834910472,78م63416,78-M-634-16,0.0,True
001890.jpg,46و64316,46-V-643-16,0.8616,0.7344,"[477.9, 473.8, 558.5, 493.6]",True,0.9339922993995726,46و64316,46-V-643-16,0.0,True
001896.jpg,47س85216,47-S-852-16,0.8768,0.7557,"[293.3, 375.2, 393.4, 400.2]",True,0.897917060044995,47س85216,47-S-852-16,0.0,True
001922.jpg,54ج29816,54-J-298-16,0.805,0.7486,"[397.4, 434.7, 478.9, 455.7]",True,0.9097445184945593,54ج29816,54-J-298-16,0.0,True
001932.jpg,23م33716,23-M-337-16,0.9002,0.6849,"[392.4, 459.1, 495.1, 513.9]",True,0.9275124877601608,23م33716,23-M-337-16,0.0,True
001942.jpg,49د18416,49-D-184-16,0.8381,0.7004,"[251.3, 384.5, 326.2, 401.8]",True,0.9170032987884144,49د18416,49-D-184-16,0.0,True
001944.jpg,28ل26816,28-L-268-16,0.8797,0.7683,"[573.8, 396.1, 664.8, 422.9]",True,0.9846149374744141,28ل26816,28-L-268-16,0.0,True
001945.jpg,43ن22616,43-N-226-16,0.8764,0.8162,"[571.0, 428.4, 691.9, 456.8]",True,0.8848328578016089,43ن22616,43-N-226-16,0.0,True
001945.jpg,41ن29861,41-N-298-61,0.7476,0.3369,"[207.7, 367.1, 286.1, 385.7]",False,0.0,,,,False
001952.jpg,48س84631,48-S-846-31,0.875,0.7403,"[295.2, 250.9, 428.4, 284.7]",True,0.9694061362695938,48س84631,48-S-846-31,0.0,True
001960.jpg,48و55816,48-V-558-16,0.8662,0.696,"[481.8, 433.3, 582.0, 456.3]",True,0.8752651630103628,48و55816,48-V-558-16,0.0,True
001962.jpg,25ه88957,25-H-889-57,0.8695,0.7118,"[359.9, 330.7, 443.6, 351.0]",True,0.9542541538056106,25ه88957,25-H-889-57,0.0,True
001963.jpg,23و73957,23-V-739-57,0.874,0.7162,"[481.3, 364.1, 584.1, 388.5]",True,0.9078034948371342,23و73957,23-V-739-57,0.0,True
001972.jpg,23ت49368,23-T-493-68,0.8926,0.5172,"[422.5, 417.4, 620.6, 515.6]",True,0.9267922023990787,23ت49368,23-T-493-68,0.0,True
001973.jpg,23ت49368,23-T-493-68,0.8817,0.7257,"[980.0, 626.0, 1213.3, 694.1]",True,0.9687396382461181,23ت49368,23-T-493-68,0.0,True
001981.jpg,54ب23757,54-B-237-57,0.8632,0.7735,"[544.2, 366.9, 781.1, 476.7]",True,0.9221442059950995,54ب23757,54-B-237-57,0.0,True
001984.jpg,88ه13166,88-H-131-66,0.8388,0.6676,"[588.3, 443.0, 699.1, 470.1]",True,0.8648271889398444,88ه13166,88-H-131-66,0.0,True
001987.jpg,23ل23110,23-L-231-10,0.9092,0.7589,"[444.0, 461.8, 600.7, 511.2]",True,0.933840584368904,23ل23110,23-L-231-10,0.0,True
001995.jpg,95م33520,95-M-335-20,0.8722,0.6961,"[453.6, 500.1, 579.7, 529.3]",True,0.9352603505204629,95م33520,95-M-335-20,0.0,True
002009.jpg,66ن56466,66-N-564-66,0.877,0.7194,"[429.4, 443.0, 570.6, 477.1]",True,0.9418857589982514,66ن56466,66-N-564-66,0.0,True
002023.jpg,51ل19120,51-L-191-20,0.891,0.7692,"[513.5, 388.5, 779.1, 448.6]",True,0.8855095924462677,51ل19120,51-L-191-20,0.0,True
002025.jpg,53ق58266,53-Gh-582-66,0.8869,0.7395,"[464.8, 391.8, 762.3, 478.5]",True,0.9688581314878514,53ق58266,53-Gh-582-66,0.0,True
002029.jpg,29ق88311,29-Gh-883-11,0.8987,0.7214,"[351.7, 449.2, 626.0, 565.4]",True,0.9410113661745404,29ق88311,29-Gh-883-11,0.0,True
002031.jpg,14ص35540,14-Sad-355-40,0.8975,0.717,"[431.3, 412.1, 721.2, 476.2]",True,0.94892726471501,14ص35540,14-Sad-355-40,0.0,True
002039.jpg,55ق24610,55-Gh-246-10,0.8882,0.6641,"[836.6, 395.0, 992.6, 434.8]",True,0.9427605210419375,55ق24610,55-Gh-246-10,0.0,True
002039.jpg,14ص35540,14-Sad-355-40,0.8863,0.6925,"[217.2, 391.4, 371.2, 426.5]",True,0.9629535650848287,14ص35540,14-Sad-355-40,0.0,True
002051.jpg,31و42620,31-V-426-20,0.8878,0.7561,"[476.1, 410.5, 666.8, 455.1]",True,0.9376276044536516,31و42620,31-V-426-20,0.0,True
002061.jpg,73و13720,73-V-137-20,0.8729,0.7365,"[435.5, 390.6, 516.4, 411.3]",True,0.8883977900547759,73و13720,73-V-137-20,0.0,True
002062.jpg,48س99444,48-S-994-44,0.8618,0.7438,"[419.2, 208.6, 535.2, 237.6]",True,0.8888228299640635,48س99444,48-S-994-44,0.0,True
002066.jpg,98ی67644,98-Y-676-44,0.9,0.6857,"[470.9, 481.5, 620.9, 538.0]",True,0.9779351032447219,98ی67644,98-Y-676-44,0.0,True
002075.jpg,57ن89777,57-N-897-77,0.8992,0.7686,"[354.6, 435.0, 475.3, 480.1]",True,0.896442606328319,57ن89777,57-N-897-77,0.0,True
002119.jpg,67ق42263,67-Gh-422-63,0.8833,0.7772,"[852.7, 420.3, 1059.5, 465.2]",True,0.9691290879549359,67ق42263,67-Gh-422-63,0.0,True
002120.jpg,98ص46147,98-Sad-461-47,0.8741,0.74,"[228.4, 316.5, 384.1, 352.8]",True,0.8662558320990821,98ص46147,98-Sad-461-47,0.0,True
002128.jpg,45م41963,45-M-419-63,0.8913,0.7148,"[349.2, 745.7, 631.0, 816.9]",True,0.9478123436395088,45م41963,45-M-419-63,0.0,True
002130.jpg,39ص11944,39-Sad-119-44,0.8919,0.6692,"[540.5, 492.8, 759.4, 550.8]",True,0.9414159452750656,39ص11944,39-Sad-119-44,0.0,True
002131.jpg,56س11788,56-S-117-88,0.9109,0.7492,"[429.2, 476.9, 848.6, 568.7]",True,0.9287310536994705,56س11788,56-S-117-88,0.0,True
002152.jpg,83ج82531,83-J-825-31,0.9018,0.6974,"[133.6, 222.8, 299.0, 267.7]",True,0.9153396692816221,83ج82531,83-J-825-31,0.0,True
002166.jpg,77ج23573,77-J-235-73,0.8918,0.7148,"[529.9, 441.8, 712.7, 489.0]",True,0.9311092029723946,77ج23573,77-J-235-73,0.0,True
002168.jpg,98ص46147,98-Sad-461-47,0.8833,0.735,"[216.8, 473.3, 397.6, 510.2]",True,0.9501993986812417,98ص46147,98-Sad-461-47,0.0,True
002169.jpg,36ج79651,36-J-796-51,0.8381,0.7439,"[487.2, 445.5, 668.4, 499.1]",True,0.9458685261571735,36ج79651,36-J-796-51,0.0,True
002170.jpg,38ل78463,38-L-784-63,0.8738,0.676,"[666.5, 366.9, 852.4, 410.7]",True,0.8850152278954911,38ل78463,38-L-784-63,0.0,True
002174.jpg,33ط18636,33-Ta-186-36,0.9013,0.7331,"[162.3, 379.5, 371.7, 423.5]",True,0.8372406008508253,33ط18636,33-Ta-186-36,0.0,True
002183.jpg,23ه68216,23-H-682-16,0.8626,0.6881,"[401.3, 356.5, 499.0, 380.0]",True,0.9215213635099214,23ه68216,23-H-682-16,0.0,True
002189.jpg,89و51653,89-V-516-53,0.8509,0.7434,"[395.0, 572.2, 476.9, 590.0]",True,0.8548131545382264,89و51653,89-V-516-53,0.0,True
002190.jpg,38ل78463,38-L-784-63,0.8938,0.6845,"[355.0, 576.5, 594.5, 633.1]",True,0.944813760761715,38ل78463,38-L-784-63,0.0,True
002190.jpg,42س68863,42-S-688-63,0.8222,0.7559,"[1106.9, 192.6, 1240.0, 222.4]",True,0.9536173096564006,42س68863,42-S-688-63,0.0,True
002194.jpg,65ت33722,65-T-337-22,0.8672,0.8074,"[255.9, 507.1, 372.6, 541.7]",True,0.9645235762910531,65ت33722,65-T-337-22,0.0,True
002195.jpg,13ی43563,13-Y-435-63,0.8669,0.8113,"[754.7, 410.6, 964.2, 457.5]",True,0.9694280923148771,13ی43563,13-Y-435-63,0.0,True
002199.jpg,99ط83317,99-Ta-833-17,0.8882,0.4788,"[117.4, 177.2, 299.2, 320.2]",True,0.9448637171409088,99ط83317,99-Ta-833-17,0.0,True
002201.jpg,78م76288,78-M-762-88,0.8634,0.7149,"[551.6, 78.6, 652.2, 105.9]",True,0.8894549787370851,78م76288,78-M-762-88,0.0,True
002202.jpg,91د26438,91-D-264-38,0.9175,0.7421,"[133.2, 505.7, 265.2, 597.8]",True,0.9309721720273911,91د26438,91-D-264-38,0.0,True
002209.jpg,93د64411,93-D-644-11,0.8918,0.677,"[414.9, 776.6, 545.8, 816.5]",True,0.8510581265997595,93د64411,93-D-644-11,0.0,True
002210.jpg,98ت44633,98-T-446-33,0.8682,0.8326,"[445.7, 204.5, 526.0, 226.7]",True,0.9385060648429122,98ت44633,98-T-446-33,0.0,True
002214.jpg,75ن42232,75-N-422-32,0.9042,0.7322,"[176.3, 460.7, 370.3, 499.8]",True,0.9316581854614224,75ن42232,75-N-422-32,0.0,True
002218.jpg,96د56247,96-D-562-47,0.8682,0.6947,"[44.7, 641.4, 197.3, 680.3]",True,0.893243564253195,96د56247,96-D-562-47,0.0,True
002218.jpg,49ط42977,49-Ta-429-77,0.8483,0.7297,"[741.6, 483.1, 847.0, 511.6]",True,0.8971555013947018,49ط42977,49-Ta-429-77,0.0,True
002220.jpg,83ج82531,83-J-825-31,0.8956,0.7329,"[38.5, 272.7, 138.3, 318.6]",True,0.9509214507444181,83ج82531,83-J-825-31,0.0,True
002244.jpg,53ص17268,53-Sad-172-68,0.8919,0.6316,"[192.7, 409.6, 387.9, 451.3]",True,0.8535794315366344,53ص17268,53-Sad-172-68,0.0,True
002250.jpg,47ط93411,47-Ta-934-11,0.8838,0.7459,"[267.5, 258.0, 454.4, 332.0]",True,0.9240380026896213,47ط93411,47-Ta-934-11,0.0,True
002254.jpg,12و85533,12-V-855-33,0.8953,0.7729,"[401.5, 377.9, 603.2, 439.1]",True,0.9446685172318737,12و85533,12-V-855-33,0.0,True
002288.jpg,23م14398,23-M-143-98,0.8875,0.7173,"[785.2, 520.0, 946.3, 608.6]",True,0.874350017444902,23م14398,23-M-143-98,0.0,True
002288.jpg,88و85510,88-V-855-10,0.8655,0.3202,"[811.4, 621.0, 947.7, 689.2]",False,0.0,,,,False
002292.jpg,29ع84198,29-Ein-841-98,0.8745,0.863,"[106.8, 577.4, 205.8, 610.7]",True,0.9107178664525254,29ع84198,29-Ein-841-98,0.0,True
002297.jpg,29م65898,29-M-658-98,0.8905,0.7742,"[361.2, 264.6, 562.9, 371.2]",True,0.9430558717010169,29م65898,29-M-658-98,0.0,True
002311.jpg,61ه41144,61-H-411-44,0.8703,0.7591,"[285.0, 464.2, 452.9, 504.0]",True,0.8567633151682881,61ه41144,61-H-411-44,0.0,True
002317.jpg,68س98116,68-S-981-16,0.8654,0.5199,"[578.2, 268.6, 710.3, 303.3]",True,0.9120418019157266,68س98116,68-S-981-16,0.0,True
002319.jpg,27م19798,27-M-197-98,0.9053,0.7153,"[530.7, 279.7, 858.8, 396.5]",True,0.9768114412396833,27م19798,27-M-197-98,0.0,True
002319.jpg,38ز99298,38-Z-992-98,0.8347,0.1794,"[0.0, 268.1, 73.2, 297.2]",False,0.0,,,,False
002320.jpg,89س23677,89-S-236-77,0.8895,0.6954,"[159.6, 104.0, 438.6, 183.8]",True,0.9601572834621367,89س23677,89-S-236-77,0.0,True
002332.jpg,26م86898,26-M-868-98,0.9001,0.7808,"[428.7, 167.9, 694.6, 322.4]",True,0.9518518396082738,26م86898,26-M-868-98,0.0,True
002342.jpg,55ب72116,55-B-721-16,0.8415,0.7305,"[333.4, 583.5, 421.7, 610.8]",True,0.8800518163642619,55ب72116,55-B-721-16,0.0,True
002342.jpg,94ج83416,94-J-834-16,0.8291,0.7736,"[830.5, 683.2, 947.4, 714.9]",True,0.9317309931811502,94ج83416,94-J-834-16,0.0,True
002349.jpg,18م43798,18-M-437-98,0.9106,0.7558,"[416.6, 317.9, 886.9, 491.8]",True,0.7264949589162715,18م43798,18-M-437-98,0.0,True
002374.jpg,23س31255,23-S-312-55,0.9017,0.7126,"[473.5, 460.2, 741.6, 524.6]",True,0.9483292044649337,23س31255,23-S-312-55,0.0,True
002374.jpg,75ه75523,75-H-755-23,0.7864,0.4964,"[153.7, 173.3, 198.8, 184.8]",True,0.9132330458071529,75ه75522,75-H-755-22,1.0,False
002375.jpg,98ق31833,98-Gh-318-33,0.9171,0.3984,"[475.0, 213.3, 785.8, 414.4]",True,0.8952299715139963,98ق31833,98-Gh-318-33,0.0,True
002395.jpg,19ب75477,19-B-754-77,0.8675,0.7408,"[644.7, 522.4, 810.9, 566.5]",True,0.8748043519069946,19ب75477,19-B-754-77,0.0,True
002413.jpg,23م72898,23-M-728-98,0.9033,0.7247,"[543.3, 407.5, 881.9, 532.2]",True,0.8200155366957174,23م72898,23-M-728-98,0.0,True
002414.jpg,77د92811,77-D-928-11,0.8856,0.7375,"[714.7, 384.3, 801.2, 436.1]",True,0.9220351574235992,77د92811,77-D-928-11,0.0,True
002414.jpg,14ط63766,14-Ta-637-66,0.8107,0.7564,"[1205.1, 611.2, 1271.0, 653.3]",True,0.9598197467696988,14ط63766,14-Ta-637-66,0.0,True
002428.jpg,52ل82699,52-L-826-99,0.9027,0.7307,"[136.1, 182.9, 354.9, 262.3]",True,0.8865958587937096,52ل82699,52-L-826-99,0.0,True
002434.jpg,32د68918,32-D-689-18,0.8419,0.4063,"[228.8, 392.9, 309.2, 432.7]",True,0.7968949223728089,32د68988,32-D-689-88,1.0,False
002452.jpg,74ن74512,74-N-745-12,0.8949,0.7426,"[426.4, 476.4, 725.9, 537.6]",True,0.9527862341374534,74ن74512,74-N-745-12,0.0,True
002458.jpg,93ق23842,93-Gh-238-42,0.8958,0.684,"[529.3, 198.0, 728.8, 259.6]",True,0.9569377990429834,93ق23842,93-Gh-238-42,0.0,True
002459.jpg,56د33777,56-D-337-77,0.8963,0.6653,"[395.2, 576.8, 623.6, 640.6]",True,0.8531476977638588,56د33777,56-D-337-77,0.0,True
002466.jpg,84ق93744,84-Gh-937-44,0.7953,0.6844,"[493.0, 206.9, 589.8, 247.4]",True,0.798898071625141,84ق93744,84-Gh-937-44,0.0,True
002466.jpg,43ص35799,43-Sad-357-99,0.7802,0.5258,"[991.9, 129.0, 1053.5, 156.7]",True,0.7735946364100676,43ص35799,43-Sad-357-99,0.0,True
002474.jpg,31س22874,31-S-228-74,0.8736,0.7972,"[469.1, 433.7, 608.4, 486.5]",True,0.9624681052261272,31س22874,31-S-228-74,0.0,True
002477.jpg,84د39374,84-D-393-74,0.8788,0.6957,"[222.5, 464.4, 501.0, 520.9]",True,0.8884313880750079,84د39374,84-D-393-74,0.0,True
002491.jpg,97ط49112,97-Ta-491-12,0.8739,0.6912,"[477.1, 464.8, 772.0, 528.5]",True,0.9453726579622062,97ط49112,97-Ta-491-12,0.0,True
002494.jpg,97ه67742,97-H-677-42,0.8917,0.7464,"[310.4, 457.0, 560.1, 539.7]",True,0.9710065776753724,97ه67743,97-H-677-43,1.0,False
002499.jpg,69م66599,69-M-665-99,0.8521,0.6487,"[625.7, 457.5, 787.7, 525.5]",True,0.7687499999999332,69م66599,69-M-665-99,0.0,True
002501.jpg,27ص27274,27-Sad-272-74,0.8852,0.7191,"[361.9, 225.2, 605.9, 329.7]",True,0.9775668679896076,27ص27274,27-Sad-272-74,0.0,True
002510.jpg,24و25933,24-V-259-33,0.8864,0.7232,"[354.9, 293.1, 581.1, 349.9]",True,0.9449592042567724,24و25933,24-V-259-33,0.0,True
002520.jpg,21ل85844,21-L-858-44,0.883,0.7638,"[307.9, 487.8, 414.0, 534.6]",True,0.8890667545530566,21ل85844,21-L-858-44,0.0,True
002521.jpg,53س88674,53-S-886-74,0.8806,0.6694,"[519.4, 661.5, 789.5, 777.5]",True,0.9670014956427887,53س88674,53-S-886-74,0.0,True
002535.jpg,46ط89510,46-Ta-895-10,0.885,0.7475,"[312.1, 382.1, 535.5, 462.6]",True,0.9010788157360611,46ط89510,46-Ta-895-10,0.0,True
002535.jpg,18د94675,18-D-946-75,0.8365,0.7074,"[988.9, 351.4, 1094.2, 391.5]",True,0.8213085519816743,18د94675,18-D-946-75,0.0,True
002535.jpg,84ج61220,84-J-612-20,0.7952,0.729,"[1155.9, 283.3, 1230.0, 313.3]",True,0.8609986504719468,84ج61220,84-J-612-20,0.0,True
002548.jpg,37ق79342,37-Gh-793-42,0.9173,0.7562,"[314.1, 384.0, 713.3, 598.2]",True,0.8530599948730225,37ق79342,37-Gh-793-42,0.0,True
002553.jpg,97ط49112,97-Ta-491-12,0.8871,0.7214,"[306.3, 361.9, 559.7, 434.4]",True,0.9784563845971974,97ط49112,97-Ta-491-12,0.0,True
002580.jpg,61ع43142,61-Ein-431-42,0.8903,0.8707,"[589.3, 821.6, 767.7, 865.5]",True,0.9118851941464426,61ع43142,61-Ein-431-42,0.0,True
002585.jpg,65س81874,65-S-818-74,0.9054,0.4338,"[0.0, 365.2, 291.4, 572.4]",True,0.9385959515166273,65س81874,65-S-818-74,0.0,True
002586.jpg,19ب42161,19-B-421-61,0.8936,0.723,"[263.5, 446.4, 464.0, 514.5]",True,0.8667025534547715,19ب42161,19-B-421-61,0.0,True
002590.jpg,27ب54674,27-B-546-74,0.8803,0.7366,"[376.8, 444.9, 611.5, 488.4]",True,0.9435554723393564,27ب54674,27-B-546-74,0.0,True
002592.jpg,93ق23842,93-Gh-238-42,0.8972,0.6722,"[15.1, 472.4, 283.9, 559.0]",True,0.9182494421662809,93ق23842,93-Gh-238-42,0.0,True
002624.jpg,22ص52334,22-Sad-523-34,0.8699,0.6782,"[585.7, 88.2, 680.1, 112.9]",True,0.9114663287763201,22ص52334,22-Sad-523-34,0.0,True
002626.jpg,91د83724,91-D-837-24,0.904,0.723,"[925.5, 311.6, 1100.2, 405.0]",True,0.9347683471616014,91د83724,91-D-837-24,0.0,True
002633.jpg,76ص94934,76-Sad-949-34,0.8899,0.7211,"[554.1, 287.8, 704.0, 325.6]",True,0.9092137355582625,76ص94934,76-Sad-949-34,0.0,True
002647.jpg,97ص24179,97-Sad-241-79,0.8948,0.6733,"[468.7, 251.3, 726.8, 341.3]",True,0.9689347251917592,97ص24179,97-Sad-241-79,0.0,True
002655.jpg,41د27711,41-D-277-11,0.8719,0.7134,"[344.5, 224.8, 422.4, 245.1]",True,0.9440781382172049,41د27711,41-D-277-11,0.0,True
002664.jpg,74د76424,74-D-764-24,0.8762,0.6412,"[733.8, 532.2, 943.4, 603.5]",True,0.9481334855982143,74د76424,74-D-764-24,0.0,True
002664.jpg,89ص91134,89-Sad-911-34,0.8492,0.7283,"[265.4, 370.1, 351.6, 398.9]",True,0.9187561491902008,89ص91134,89-Sad-911-34,0.0,True
002669.jpg,76د56288,76-D-562-88,0.8903,0.372,"[399.2, 392.5, 592.0, 570.2]",True,0.9471681027448774,16د56338,16-D-563-38,3.0,False
002672.jpg,64د14624,64-D-146-24,0.8312,0.6914,"[495.3, 270.0, 599.8, 303.1]",True,0.8909998712425368,64د14624,64-D-146-24,0.0,True
002676.jpg,68ص11144,68-Sad-111-44,0.8537,0.5691,"[623.6, 428.4, 742.6, 501.0]",True,0.9406766110056717,68ص19144,68-Sad-191-44,1.0,False
002682.jpg,12و36134,12-V-361-34,0.8803,0.7206,"[588.3, 219.8, 689.7, 250.4]",True,0.9380375915893913,12و36134,12-V-361-34,0.0,True
002684.jpg,16ی87144,16-Y-871-44,0.6796,0.7896,"[327.5, 310.1, 381.6, 327.8]",True,0.8549732142849483,16ی87144,16-Y-871-44,0.0,True
002690.jpg,18ت97911,18-T-979-11,0.8971,0.7297,"[76.9, 289.9, 263.9, 379.9]",True,0.9625943719972,18ت97911,18-T-979-11,0.0,True
002690.jpg,63ب56599,63-B-565-99,0.7566,0.7545,"[211.9, 52.7, 289.9, 75.3]",True,0.8744367677976758,63ب56599,63-B-565-99,0.0,True
002691.jpg,87س95810,87-S-958-10,0.8903,0.6609,"[382.2, 212.1, 472.3, 248.0]",True,0.9114088475624372,87س95810,87-S-958-10,0.0,True
002697.jpg,35د71824,35-D-718-24,0.8937,0.7246,"[526.7, 297.6, 701.5, 345.4]",True,0.9237005458241627,35د71824,35-D-718-24,0.0,True
002707.jpg,64ص36934,64-Sad-369-34,0.9118,0.6656,"[613.9, 346.1, 777.2, 390.5]",True,0.9369071708611382,64ص36934,64-Sad-369-34,0.0,True
002709.jpg,89د91755,89-D-917-55,0.8468,0.7089,"[375.0, 266.0, 442.1, 284.4]",True,0.8626522327462928,89د91755,89-D-917-55,0.0,True
002715.jpg,71ل42733,71-L-427-33,0.8368,0.7862,"[101.8, 461.9, 161.4, 477.1]",True,0.9674045668457237,71ل42733,71-L-427-33,0.0,True
002717.jpg,72ع74711,72-Ein-747-11,0.8868,0.4134,"[349.3, 91.1, 427.4, 129.6]",True,0.9054049984941568,72ع74711,72-Ein-747-11,0.0,True
002717.jpg,21ت46411,21-T-464-11,0.8104,0.7612,"[578.9, 149.0, 630.6, 175.1]",True,0.8163157894731924,21ت46411,21-T-464-11,0.0,True
002725.jpg,99ت81233,99-T-812-33,0.8868,0.8119,"[649.7, 273.9, 742.3, 302.9]",True,0.8476641414138729,99ت81233,99-T-812-33,0.0,True
002725.jpg,37ت19122,37-T-191-22,0.7789,0.3867,"[311.3, 113.0, 352.7, 127.9]",False,0.0,,,,False
002736.jpg,81د53124,81-D-531-24,0.8947,0.7213,"[561.9, 173.6, 723.0, 214.8]",True,0.9218358484788759,81د53124,81-D-531-24,0.0,True
002745.jpg,81ص71834,81-Sad-718-34,0.8128,0.6154,"[142.0, 459.8, 195.0, 473.1]",True,0.86820825648905,81ص71834,81-Sad-718-34,0.0,True
002758.jpg,88م85622,88-M-856-22,0.8707,0.7056,"[403.7, 56.9, 516.8, 95.2]",True,0.9675523927659894,88م85622,88-M-856-22,0.0,True
002765.jpg,74ع32633,74-Ein-326-33,0.8727,0.8394,"[495.4, 278.7, 590.6, 304.4]",True,0.9243396410770427,74ع32633,74-Ein-326-33,0.0,True
002778.jpg,13و32524,13-V-325-24,0.882,0.6995,"[327.4, 589.3, 439.8, 616.3]",True,0.9591526513745868,13و32524,13-V-325-24,0.0,True
002782.jpg,18ت97911,18-T-979-11,0.8823,0.7785,"[523.0, 114.3, 590.0, 138.7]",True,0.9112597547375084,18ت97911,18-T-979-11,0.0,True
002784.jpg,32ت11322,32-T-113-22,0.8798,0.8555,"[528.7, 115.0, 704.1, 172.7]",True,0.9834279482858108,32ت11322,32-T-113-22,0.0,True
002789.jpg,32و61621,32-V-616-21,0.8711,0.7592,"[56.4, 455.6, 198.7, 487.9]",True,0.8700495399548626,32و61621,32-V-616-21,0.0,True
002792.jpg,22ل54988,22-L-549-88,0.852,0.7459,"[280.7, 474.1, 415.9, 504.3]",True,0.9048855690755617,22ل54988,22-L-549-88,0.0,True
002796.jpg,84ب27210,84-B-272-10,0.8691,0.7206,"[268.5, 477.8, 414.0, 512.9]",True,0.8568875838924725,84ب27210,84-B-272-10,0.0,True
002798.jpg,18د32138,18-D-321-38,0.8722,0.7054,"[243.8, 455.0, 381.9, 485.2]",True,0.9595001414779227,18د32138,18-D-321-38,0.0,True
002802.jpg,49م79622,49-M-796-22,0.8739,0.7419,"[351.7, 387.5, 476.4, 416.4]",True,0.9324956528390629,49م79622,49-M-796-22,0.0,True
002808.jpg,57ع32933,57-Ein-329-33,0.7484,0.6832,"[170.3, 226.9, 319.6, 287.5]",False,0.0,,,,False
002813.jpg,34د89879,34-D-898-79,0.8886,0.7032,"[0.5, 644.6, 139.5, 677.0]",True,0.8964852439565064,34د89879,34-D-898-79,0.0,True
002821.jpg,27ق24744,27-Gh-247-44,0.8718,0.689,"[341.8, 365.8, 453.1, 392.6]",True,0.9408458244108362,27ق24744,27-Gh-247-44,0.0,True
002822.jpg,57و42111,57-V-421-11,0.8439,0.7386,"[1008.2, 436.7, 1064.5, 456.8]",True,0.8872908508358952,57و42111,57-V-421-11,0.0,True
002825.jpg,84ه69788,84-H-697-88,0.8694,0.7675,"[239.6, 410.5, 356.9, 437.0]",True,0.8786983183711978,84ه69788,84-H-697-88,0.0,True
002831.jpg,63و63568,63-V-635-68,0.8793,0.7602,"[213.0, 530.4, 360.8, 561.5]",True,0.9148105765588945,63و63568,63-V-635-68,0.0,True
002832.jpg,12م89538,12-M-895-38,0.8485,0.6681,"[166.8, 367.1, 284.6, 394.4]",True,0.8671125795790703,12م89538,12-M-895-38,0.0,True
002839.jpg,89ه12968,89-H-129-68,0.863,0.7197,"[292.9, 477.5, 422.8, 503.7]",True,0.8937447478989248,89ه12968,89-H-129-68,0.0,True
002849.jpg,25ت77411,25-T-774-11,0.7831,0.8012,"[304.4, 473.7, 349.0, 487.2]",True,0.8769307424001364,25ت77411,25-T-774-11,0.0,True
002853.jpg,14ه49721,14-H-497-21,0.8679,0.7391,"[262.2, 592.5, 403.9, 624.9]",True,0.9070368822482621,14ه49721,14-H-497-21,0.0,True
002854.jpg,31ه71873,31-H-718-73,0.8547,0.7744,"[307.4, 527.8, 450.8, 562.1]",True,0.9515945729251571,31ه71873,31-H-718-73,0.0,True
002857.jpg,93د77522,93-D-775-22,0.8355,0.7101,"[1129.4, 555.5, 1220.1, 577.1]",True,0.9340384505236201,93د77522,93-D-775-22,0.0,True
002857.jpg,71ب86244,71-B-862-44,0.8098,0.803,"[527.4, 615.9, 581.2, 632.8]",True,0.8790690915121344,71ب86244,71-B-862-44,0.0,True
002857.jpg,74ط77238,74-Ta-772-38,0.7954,0.6519,"[947.1, 538.6, 995.6, 551.8]",True,0.871932974265593,74ط77238,74-Ta-772-38,0.0,True
002857.jpg,55ق66988,55-Gh-669-88,0.785,0.7266,"[209.6, 601.5, 247.1, 616.6]",True,0.7605823490582488,55ق66988,55-Gh-669-88,0.0,True
002857.jpg,44ی95855,44-Y-958-55,0.7495,0.4632,"[81.3, 620.4, 116.2, 632.7]",True,0.9230361754234061,44ی95855,44-Y-958-55,0.0,True
002859.jpg,49ص96179,49-Sad-961-79,0.8652,0.6492,"[172.5, 322.7, 284.4, 348.5]",True,0.9437353856530706,49ص96179,49-Sad-961-79,0.0,True
002862.jpg,99ی36168,99-Y-361-68,0.8526,0.7586,"[941.0, 299.4, 1013.6, 324.9]",True,0.9247624885070377,99ی36168,99-Y-361-68,0.0,True
002881.jpg,81ل39310,81-L-393-10,0.8607,0.7407,"[610.0, 231.7, 834.9, 298.5]",True,0.9518535183966697,81ل39310,81-L-393-10,0.0,True
002883.jpg,19ب36648,19-B-366-48,0.8741,0.7234,"[282.5, 322.1, 387.1, 345.5]",True,0.8200778235453586,19ب36648,19-B-366-48,0.0,True
002892.jpg,12م89538,12-M-895-38,0.8626,0.6782,"[188.5, 431.4, 323.9, 462.4]",True,0.8576737980652648,12م89538,12-M-895-38,0.0,True
002917.jpg,57ل38272,57-L-382-72,0.7488,0.6353,"[866.1, 499.3, 908.7, 511.0]",True,0.7975363853893591,57ل38272,57-L-382-72,0.0,True
002926.jpg,74ه59811,74-H-598-11,0.8617,0.7132,"[438.8, 472.8, 691.5, 563.4]",True,0.81692578154627,74ه59811,74-H-598-11,0.0,True
002931.jpg,62ی76310,62-Y-763-10,0.7081,0.7466,"[353.8, 186.4, 520.6, 246.8]",True,0.8461773627454806,62ی76310,62-Y-763-10,0.0,True
002938.jpg,91ج88153,91-J-881-53,0.8888,0.6921,"[58.9, 55.6, 236.2, 137.2]",True,0.944420067280909,91ج88153,91-J-881-53,0.0,True
002938.jpg,79ن12299,79-N-122-99,0.8068,0.2094,"[766.9, 315.7, 919.8, 445.8]",True,0.9482857424959051,79ق12299,79-Gh-122-99,1.0,False
002949.jpg,41د72277,41-D-722-77,0.835,0.678,"[452.0, 522.7, 605.0, 570.6]",True,0.8320493451034693,41د72277,41-D-722-77,0.0,True
002952.jpg,62س77877,62-S-778-77,0.7515,0.6116,"[431.4, 313.4, 511.4, 333.9]",True,0.8785871964675044,62س77877,62-S-778-77,0.0,True
002960.jpg,29ب21899,29-B-218-99,0.7661,0.7762,"[170.6, 304.5, 295.4, 341.7]",True,0.7935500352222898,29ب21899,29-B-218-99,0.0,True
002968.jpg,67د29210,67-D-292-10,0.81,0.6821,"[236.2, 146.5, 455.5, 231.6]",True,0.9059906403933007,67د29210,67-D-292-10,0.0,True
002977.jpg,95ه23131,95-H-231-31,0.7578,0.7549,"[547.6, 548.3, 586.2, 559.6]",True,0.8693708209118222,95ه22121,95-H-221-21,2.0,False
002987.jpg,78د99323,78-D-993-23,0.8718,0.702,"[802.1, 383.7, 1082.5, 448.0]",True,0.986884934777708,78د99323,78-D-993-23,0.0,True
002990.jpg,93د26682,93-D-266-82,0.8318,0.6746,"[111.7, 241.8, 187.5, 258.4]",True,0.8647631762593195,93د26682,93-D-266-82,0.0,True
002991.jpg,81ق85810,81-Gh-858-10,0.8513,0.7381,"[584.9, 475.4, 645.1, 496.0]",True,0.9649275949675251,81ق85810,81-Gh-858-10,0.0,True
003003.jpg,95م24168,95-M-241-68,0.8383,0.7612,"[116.1, 666.0, 185.7, 685.4]",True,0.7495665878639627,95م24168,95-M-241-68,0.0,True
003003.jpg,61ن85477,61-N-854-77,0.8033,0.6748,"[794.3, 603.7, 846.5, 616.2]",True,0.8636819244893191,61ن85477,61-N-854-77,0.0,True
003003.jpg,22ط97668,22-Ta-976-68,0.767,0.7466,"[1080.5, 518.0, 1120.1, 531.8]",True,0.9520557491272561,22ط97668,22-Ta-976-68,0.0,True
003011.jpg,94ق79722,94-Gh-797-22,0.8929,0.6572,"[435.8, 500.1, 875.5, 594.3]",True,0.934791521723137,94ق79722,94-Gh-797-22,0.0,True
003017.jpg,19ه17542,19-H-175-42,0.9097,0.816,"[53.3, 475.9, 375.5, 579.4]",True,0.8936203639175888,19ه17542,19-H-175-42,0.0,True
003026.jpg,65ع99878,65-Ein-998-78,0.8207,0.7907,"[541.6, 566.6, 633.2, 587.8]",True,0.8120828870392152,65ع99878,65-Ein-998-78,0.0,True
003032.jpg,88ج94311,88-J-943-11,0.8776,0.7175,"[385.4, 404.2, 552.6, 441.0]",True,0.9102011834318187,88ج94311,88-J-943-11,0.0,True
003035.jpg,75ص13177,75-Sad-131-77,0.8838,0.7327,"[961.0, 432.3, 1076.3, 500.0]",True,0.8672386161138588,75ص13177,75-Sad-131-77,0.0,True
003052.jpg,14ب95736,14-B-957-36,0.8994,0.6838,"[620.5, 331.2, 890.1, 424.3]",True,0.9746083349681512,14ب95736,14-B-957-36,0.0,True
003058.jpg,51ه16566,51-H-165-66,0.8774,0.7852,"[146.6, 528.1, 475.0, 625.1]",True,0.9057590969256228,51ه16566,51-H-165-66,0.0,True
003065.jpg,36ق68766,36-Gh-687-66,0.8852,0.6945,"[569.2, 299.4, 673.7, 332.9]",True,0.8233316364581499,36ق68766,36-Gh-687-66,0.0,True
003067.jpg,56ط87433,56-Ta-874-33,0.8666,0.7479,"[234.2, 277.2, 571.8, 388.2]",True,0.9414627898039969,56ط87433,56-Ta-874-33,0.0,True
003077.jpg,94ت85633,94-T-856-33,0.8605,0.8123,"[582.6, 565.5, 739.8, 600.9]",True,0.8904280954950409,94ت85633,94-T-856-33,0.0,True
003078.jpg,47ن93911,47-N-939-11,0.8604,0.7663,"[473.6, 179.6, 589.9, 228.8]",True,0.9392428550450291,47ن93911,47-N-939-11,0.0,True
003083.jpg,98ت44633,98-T-446-33,0.8682,0.8326,"[445.7, 204.5, 526.0, 226.7]",True,0.866755254892011,98ت44633,98-T-446-33,0.0,True
003117.jpg,69ب93888,69-B-938-88,0.84,0.7488,"[162.4, 290.7, 427.8, 369.0]",True,0.9222927680427951,69ب93888,69-B-938-88,0.0,True
003122.jpg,92ج13699,92-J-136-99,0.8571,0.7402,"[471.9, 321.1, 605.1, 351.9]",True,0.9414143844806089,92ج13699,92-J-136-99,0.0,True
003128.jpg,42ه69366,42-H-693-66,0.8944,0.7901,"[569.8, 373.9, 659.6, 430.8]",True,0.9040529805097672,42ه69366,42-H-693-66,0.0,True
003138.jpg,24ص29810,24-Sad-298-10,0.888,0.6936,"[136.9, 389.1, 360.7, 438.6]",True,0.9512648112090457,24ص29810,24-Sad-298-10,0.0,True
003151.jpg,81ی13888,81-Y-138-88,0.8749,0.7911,"[278.3, 415.6, 441.2, 456.0]",True,0.9367258175764092,81ی13888,81-Y-138-88,0.0,True
003154.jpg,74ی26310,74-Y-263-10,0.8801,0.7734,"[777.8, 276.3, 911.6, 314.7]",True,0.8923844668657956,74ی26310,74-Y-263-10,0.0,True
003154.jpg,59ب34622,59-B-346-22,0.8702,0.7634,"[0.5, 380.7, 155.8, 426.9]",True,0.8441655214378017,59ب34622,59-B-346-22,0.0,True
003175.jpg,12ب97321,12-B-973-21,0.8869,0.7478,"[218.7, 478.6, 417.3, 523.8]",True,0.9146534028105746,12ب97321,12-B-973-21,0.0,True
003179.jpg,72ه11855,72-H-118-55,0.8717,0.7394,"[255.4, 284.1, 446.1, 329.1]",True,0.9647341984092647,72ه11855,72-H-118-55,0.0,True
003184.jpg,92ج19220,92-J-192-20,0.8715,0.7061,"[191.1, 528.3, 391.6, 574.4]",True,0.9649932174555436,92ج19220,92-J-192-20,0.0,True
003190.jpg,83ج42988,83-J-429-88,0.9114,0.6924,"[369.8, 385.2, 646.2, 452.7]",True,0.9414481350423375,83ج42988,83-J-429-88,0.0,True
003193.jpg,91ب29944,91-B-299-44,0.8652,0.6694,"[313.8, 501.4, 508.9, 541.8]",True,0.9316404951218165,91ب29944,91-B-299-44,0.0,True
003194.jpg,52ط72938,52-Ta-729-38,0.8872,0.7426,"[350.1, 302.0, 451.0, 336.3]",True,0.9108221996312104,52ط72938,52-Ta-729-38,0.0,True
003211.jpg,94ل57177,94-L-571-77,0.8656,0.5936,"[321.3, 331.6, 449.8, 448.2]",True,0.9414458245091274,44ل57177,44-L-571-77,1.0,False
003215.jpg,46ج43520,46-J-435-20,0.8585,0.7521,"[18.6, 462.4, 118.9, 530.9]",True,0.9593379350572219,46ج43520,46-J-435-20,0.0,True
003234.jpg,66س71433,66-S-714-33,0.8931,0.6298,"[122.8, 494.7, 414.1, 557.5]",True,0.8935492924023344,66س71433,66-S-714-33,0.0,True
003245.jpg,52ص22988,52-Sad-229-88,0.7788,0.703,"[558.3, 162.9, 655.9, 186.4]",True,0.9208231600972603,52ص22988,52-Sad-229-88,0.0,True
003246.jpg,96و61210,96-V-612-10,0.8163,0.6858,"[15.6, 228.3, 169.6, 281.1]",True,0.8170995670994659,96و61210,96-V-612-10,0.0,True
003249.jpg,81س61410,81-S-614-10,0.9064,0.7326,"[192.2, 544.5, 464.7, 612.5]",True,0.9368867371956199,81س61410,81-S-614-10,0.0,True
003250.jpg,22ص18768,22-Sad-187-68,0.9069,0.737,"[67.5, 321.5, 201.2, 416.2]",True,0.9332823732710129,22ص18768,22-Sad-187-68,0.0,True
003261.jpg,85ی78677,85-Y-786-77,0.8992,0.7705,"[208.9, 402.7, 417.9, 478.6]",True,0.9309655741941398,85ی78677,85-Y-786-77,0.0,True
003266.jpg,24ب13110,24-B-131-10,0.8804,0.7276,"[289.7, 326.0, 377.8, 372.1]",True,0.9174107618790477,24ب13110,24-B-131-10,0.0,True
003277.jpg,97ل52212,97-L-522-12,0.9098,0.3383,"[99.0, 149.1, 216.2, 222.1]",True,0.949054712611787,97ل52217,97-L-522-17,1.0,False
003282.jpg,24ق68312,24-Gh-683-12,0.9169,0.2166,"[104.7, 257.2, 654.2, 494.6]",True,0.9379745544889092,24ق68322,24-Gh-683-22,1.0,False
003285.jpg,71ج75468,71-J-754-68,0.9011,0.6886,"[280.1, 151.8, 479.4, 225.7]",True,0.8671442803329862,71ج75468,71-J-754-68,0.0,True
003286.jpg,88ج85944,88-J-859-44,0.8387,0.7543,"[635.5, 238.5, 727.3, 260.1]",True,0.8282009446110661,88ج85944,88-J-859-44,0.0,True
003298.jpg,21ب22938,21-B-229-38,0.8985,0.6513,"[431.8, 438.0, 596.8, 539.9]",True,0.9717212397127769,21ب22938,21-B-229-38,0.0,True
003317.jpg,38ق12911,38-Gh-129-11,0.8881,0.6883,"[285.7, 480.4, 494.2, 525.5]",True,0.8913127962084465,38ق12911,38-Gh-129-11,0.0,True
003319.jpg,29و48534,29-V-485-34,0.8655,0.7351,"[310.1, 329.6, 376.7, 352.6]",True,0.954423695576336,29و48534,29-V-485-34,0.0,True
003323.jpg,76م67138,76-M-671-38,0.9022,0.6981,"[423.8, 421.0, 733.6, 530.7]",True,0.9411536970368063,76م67138,76-M-671-38,0.0,True
003339.jpg,27م83868,27-M-838-68,0.9225,0.7399,"[247.4, 519.6, 660.3, 748.7]",True,0.8995321929852391,27م83868,27-M-838-68,0.0,True
003342.jpg,98ل15410,98-L-154-10,0.8886,0.7591,"[324.8, 241.6, 1016.7, 404.0]",True,0.9199247554501091,98ل15410,98-L-154-10,0.0,True
003343.jpg,37د33138,37-D-331-38,0.8859,0.6833,"[206.4, 106.1, 482.5, 185.5]",True,0.9256311141967085,37د33138,37-D-331-38,0.0,True
003346.jpg,37ع62144,37-Ein-621-44,0.8594,0.8184,"[195.3, 232.1, 873.2, 365.5]",True,0.9556711890414915,37ع62144,37-Ein-621-44,0.0,True
003356.jpg,15ب26711,15-B-267-11,0.8871,0.7099,"[303.0, 311.7, 737.7, 454.0]",True,0.9003713516530751,15ب26711,15-B-267-11,0.0,True
003357.jpg,34ج62433,34-J-624-33,0.8964,0.7409,"[698.3, 218.7, 972.0, 287.2]",True,0.8672716944600288,34ج62433,34-J-624-33,0.0,True
003358.jpg,92ه37655,92-H-376-55,0.8821,0.7968,"[262.5, 131.4, 345.9, 176.2]",True,0.9267059814656468,92ه37655,92-H-376-55,0.0,True
003360.jpg,26س76538,26-S-765-38,0.8782,0.7098,"[804.5, 256.1, 1065.0, 371.4]",True,0.8517777807209761,26س76538,26-S-765-38,0.0,True
003365.jpg,44ط69744,44-Ta-697-44,0.902,0.7785,"[479.4, 245.9, 784.8, 370.0]",True,0.9540159847942475,44ط69744,44-Ta-697-44,0.0,True
003367.jpg,23د64122,23-D-641-22,0.9139,0.6601,"[189.5, 569.4, 574.0, 691.8]",True,0.9262839250105919,23د64122,23-D-641-22,0.0,True
003373.jpg,49ت92833,49-T-928-33,0.8855,0.8536,"[474.4, 311.9, 814.6, 385.1]",True,0.9332206789983662,49ت92833,49-T-928-33,0.0,True
003410.jpg,99س26666,99-S-266-66,0.8612,0.6733,"[300.1, 310.0, 453.7, 354.2]",True,0.8919683303973224,99س26666,99-S-266-66,0.0,True
003412.jpg,78ن54288,78-N-542-88,0.8839,0.748,"[428.7, 268.7, 768.0, 347.7]",True,0.9401336332806957,78ن54288,78-N-542-88,0.0,True
003414.jpg,51ق19456,51-Gh-194-56,0.8057,0.7247,"[200.1, 96.7, 396.5, 146.2]",True,0.9545175293028376,51ق19456,51-Gh-194-56,0.0,True
003427.jpg,28س54668,28-S-546-68,0.8972,0.7411,"[206.6, 358.7, 448.4, 452.5]",True,0.8791796045932857,28س54668,28-S-546-68,0.0,True
003429.jpg,37ن23768,37-N-237-68,0.8843,0.7536,"[235.2, 482.1, 499.3, 560.7]",True,0.9505724250004093,37ن23768,37-N-237-68,0.0,True
003440.jpg,64ل28455,64-L-284-55,0.908,0.7673,"[517.8, 349.6, 902.1, 448.6]",True,0.958846860486179,64ل28455,64-L-284-55,0.0,True
003449.jpg,96ط42188,96-Ta-421-88,0.903,0.7444,"[366.0, 84.4, 707.6, 157.6]",True,0.8603318474209316,96ط42188,96-Ta-421-88,0.0,True
003451.jpg,99ص83455,99-Sad-834-55,0.8939,0.6875,"[456.4, 517.0, 690.4, 571.8]",True,0.8760083470893524,99ص83455,99-Sad-834-55,0.0,True
003452.jpg,28ل38222,28-L-382-22,0.8728,0.6703,"[75.2, 322.5, 164.3, 348.8]",True,0.892107766177763,28ل38222,28-L-382-22,0.0,True
003453.jpg,34ع89111,34-Ein-891-11,0.8916,0.8791,"[393.4, 367.2, 653.0, 431.5]",True,0.9349887822582943,34ع89111,34-Ein-891-11,0.0,True
003459.jpg,79ص17155,79-Sad-171-55,0.8954,0.7087,"[145.5, 279.8, 534.0, 372.2]",True,0.8648100411958649,79ص17155,79-Sad-171-55,0.0,True
003475.jpg,62س21965,62-S-219-65,0.9041,0.6711,"[318.6, 166.5, 514.0, 216.0]",True,0.9819397581711065,62س21965,62-S-219-65,0.0,True
003488.jpg,16ن38644,16-N-386-44,0.8909,0.7383,"[829.3, 527.1, 1062.9, 580.5]",True,0.7746050670640342,16ن38644,16-N-386-44,0.0,True
003511.jpg,75ج93477,75-J-934-77,0.8537,0.7134,"[180.6, 441.3, 277.0, 464.2]",True,0.8773193065730902,75ج93477,75-J-934-77,0.0,True
003511.jpg,95ط68463,95-Ta-684-63,0.853,0.7552,"[615.7, 419.5, 704.7, 440.0]",True,0.8822533849125295,95ط68463,95-Ta-684-63,0.0,True
003511.jpg,95ط39766,95-Ta-397-66,0.8519,0.7334,"[1092.4, 417.0, 1192.8, 439.3]",True,0.7941283458119379,95ط39766,95-Ta-397-66,0.0,True
003520.jpg,43م37277,43-M-372-77,0.6532,0.2698,"[394.0, 353.0, 418.4, 360.1]",True,0.8836789900761703,54ج27255,54-J-272-55,6.0,False
003522.jpg,33و99353,33-V-993-53,0.8973,0.7294,"[177.5, 238.2, 290.8, 271.7]",True,0.8110149572647841,33و99353,33-V-993-53,0.0,True
003524.jpg,87ق33410,87-Gh-334-10,0.8868,0.6167,"[363.4, 552.1, 479.1, 603.7]",True,0.9106834897284901,87ق33410,87-Gh-334-10,0.0,True
003527.jpg,37و94499,37-V-944-99,0.9102,0.7372,"[463.7, 648.8, 640.6, 776.2]",True,0.8596458382207992,37و94499,37-V-944-99,0.0,True
003528.jpg,19و88221,19-V-882-21,0.8333,0.7437,"[95.1, 544.5, 170.1, 566.1]",True,0.854879065887764,19و88221,19-V-882-21,0.0,True
003532.jpg,89د35367,89-D-353-67,0.9009,0.7,"[207.3, 243.0, 430.8, 297.6]",True,0.9756268116349898,89د35367,89-D-353-67,0.0,True
003533.jpg,49ج18820,49-J-188-20,0.8814,0.7285,"[225.0, 273.1, 382.3, 331.5]",True,0.7875788751713999,49ج18820,49-J-188-20,0.0,True
003540.jpg,62ط75442,62-Ta-754-42,0.8797,0.7527,"[421.2, 422.0, 636.1, 467.6]",True,0.9373679763412681,62ط75442,62-Ta-754-42,0.0,True
003542.jpg,29ب97320,29-B-973-20,0.8759,0.7847,"[626.2, 279.1, 766.5, 310.8]",True,0.9388815745380742,29ب97320,29-B-973-20,0.0,True
003547.jpg,56ق97477,56-Gh-974-77,0.768,0.7699,"[1136.2, 391.5, 1174.9, 406.0]",True,0.760365853657505,56ق97477,56-Gh-974-77,0.0,True
003564.jpg,29س65953,29-S-659-53,0.8903,0.6906,"[250.7, 219.6, 404.6, 262.6]",True,0.966041148541568,29س65953,29-S-659-53,0.0,True
003567.jpg,44ب14378,44-B-143-78,0.8534,0.7273,"[321.3, 221.9, 394.3, 241.7]",True,0.8759999999994664,44ب14378,44-B-143-78,0.0,True
003569.jpg,83ن65888,83-N-658-88,0.8713,0.7248,"[287.3, 211.0, 414.7, 245.0]",True,0.8726824367520154,83ن65888,83-N-658-88,0.0,True
003570.jpg,65د98266,65-D-982-66,0.8826,0.6729,"[435.6, 395.9, 597.2, 438.8]",True,0.8939574468083962,65د98266,65-D-982-66,0.0,True
003570.jpg,58و14999,58-V-149-99,0.7696,0.5568,"[94.6, 300.6, 158.8, 324.3]",False,0.0,,,,False
003571.jpg,54ل34977,54-L-349-77,0.8871,0.719,"[314.6, 318.1, 434.8, 365.8]",True,0.9684070100930428,54ل34977,54-L-349-77,0.0,True
003584.jpg,12ط14977,12-Ta-149-77,0.8915,0.7274,"[138.5, 272.7, 255.5, 303.5]",True,0.9246395033591546,12ط14977,12-Ta-149-77,0.0,True
003587.jpg,29و72721,29-V-727-21,0.8603,0.7551,"[1039.0, 645.9, 1131.8, 672.5]",True,0.8963539313362409,29و72721,29-V-727-21,0.0,True
003587.jpg,89ب43566,89-B-435-66,0.6587,0.4518,"[486.3, 560.9, 523.5, 569.9]",False,0.0,,,,False
003603.jpg,15ق67698,15-Gh-676-98,0.9022,0.6803,"[558.9, 457.9, 764.5, 506.2]",True,0.9657166192525501,15ق67698,15-Gh-676-98,0.0,True
003607.jpg,42و35124,42-V-351-24,0.8644,0.7013,"[768.9, 278.7, 935.4, 333.4]",True,0.8862609929796097,42و35124,42-V-351-24,0.0,True
003607.jpg,52د37224,52-D-372-24,0.7666,0.7201,"[582.6, 188.3, 648.0, 210.3]",True,0.894776119402429,53د37224,53-D-372-24,1.0,False
003609.jpg,37و42634,37-V-426-34,0.864,0.7371,"[175.2, 446.5, 258.5, 466.8]",True,0.8752536231879535,37و42634,37-V-426-34,0.0,True
003613.jpg,95ص73634,95-Sad-736-34,0.8582,0.7072,"[561.0, 546.7, 732.9, 584.4]",True,0.8090674157302346,95ص73634,95-Sad-736-34,0.0,True
003633.jpg,95ص34234,95-Sad-342-34,0.881,0.7415,"[427.6, 518.0, 533.6, 548.6]",True,0.9688172043007871,95ص34234,95-Sad-342-34,0.0,True
003634.jpg,23س51220,23-S-512-20,0.8792,0.7318,"[203.9, 391.5, 335.1, 422.1]",True,0.8434285714283952,23س51220,23-S-512-20,0.0,True
003640.jpg,74د76424,74-D-764-24,0.877,0.6412,"[733.8, 532.2, 943.3, 603.4]",True,0.8183234584155783,74د76424,74-D-764-24,0.0,True
003640.jpg,89ص91134,89-Sad-911-34,0.8498,0.7282,"[265.4, 370.2, 351.5, 398.8]",True,0.9026612903222532,89ص91134,89-Sad-911-34,0.0,True
003647.jpg,29و72721,29-V-727-21,0.861,0.753,"[1048.4, 675.0, 1141.0, 701.9]",True,0.8671425245084736,29و72721,29-V-727-21,0.0,True
003647.jpg,87ع44668,87-Ein-446-68,0.7551,0.6956,"[469.4, 565.7, 509.6, 578.1]",True,0.867540556197747,87ع44668,87-Ein-446-68,0.0,True
003650.jpg,72ص75434,72-Sad-754-34,0.8934,0.692,"[535.6, 516.3, 759.0, 566.5]",True,0.8042851328061512,72ص75434,72-Sad-754-34,0.0,True
003655.jpg,29و72721,29-V-727-21,0.854,0.7541,"[1045.0, 700.5, 1137.5, 728.2]",True,0.9053889978515323,29و72721,29-V-727-21,0.0,True
003655.jpg,15ت33868,15-T-338-68,0.8108,0.6415,"[510.3, 636.4, 552.7, 649.9]",True,0.7916905823645005,95ت22868,95-T-228-68,3.0,False
003659.jpg,29و72721,29-V-727-21,0.8443,0.7572,"[1040.9, 701.8, 1134.3, 729.8]",True,0.9711421628185805,29و72721,29-V-727-21,0.0,True
003659.jpg,59ط41668,59-Ta-416-68,0.8401,0.715,"[375.3, 651.7, 454.5, 676.6]",True,0.888804351960625,59ط41668,59-Ta-416-68,0.0,True
003668.jpg,57د94514,57-D-945-14,0.8727,0.6541,"[145.0, 502.5, 223.5, 527.9]",True,0.9467195489076519,57د94514,57-D-945-14,0.0,True
003668.jpg,99ز97777,99-Z-977-77,0.7945,0.1175,"[1214.7, 596.9, 1279.8, 662.1]",False,0.0,,,,False
003668.jpg,37ب91533,37-B-915-33,0.7944,0.4508,"[712.8, 501.4, 768.2, 514.5]",True,0.7816906681299073,32ب91533,32-B-915-33,1.0,False
003679.jpg,72ق41553,72-Gh-415-53,0.8286,0.7684,"[231.4, 156.9, 287.2, 170.8]",True,0.8080370354703341,72ق41553,72-Gh-415-53,0.0,True
003679.jpg,72ج62853,72-J-628-53,0.7348,0.7244,"[536.2, 154.2, 614.3, 175.3]",False,0.0,,,,False
003691.jpg,64م53711,64-M-537-11,0.7305,0.4774,"[1195.9, 444.9, 1228.0, 457.3]",False,0.0,,,,False
003691.jpg,33د89334,33-D-893-34,0.6668,0.428,"[356.8, 410.5, 381.2, 418.7]",True,0.7087075361152392,22ق19344,22-Gh-193-44,5.0,False
003694.jpg,84ق75713,84-Gh-757-13,0.9027,0.7251,"[337.7, 246.6, 457.7, 279.0]",True,0.9521206989451791,84ق75713,84-Gh-757-13,0.0,True
003699.jpg,64ق38866,64-Gh-388-66,0.8918,0.7239,"[158.0, 373.3, 260.8, 408.6]",True,0.8548191543006913,64ق38866,64-Gh-388-66,0.0,True
003709.jpg,49ع84534,49-Ein-845-34,0.7487,0.3219,"[525.2, 337.0, 555.2, 347.4]",True,0.9171974522263776,49ع84533,49-Ein-845-33,1.0,False
003716.jpg,16ج75267,16-J-752-67,0.868,0.7478,"[29.3, 219.8, 409.7, 302.3]",True,0.9009654908708249,16ج75267,16-J-752-67,0.0,True
003725.jpg,26و58313,26-V-583-13,0.8941,0.7122,"[390.0, 186.9, 497.4, 214.0]",True,0.874064606567554,26و58313,26-V-583-13,0.0,True
003729.jpg,38ج62638,38-J-626-38,0.8737,0.6617,"[565.7, 314.4, 688.1, 347.0]",True,0.8997395774563219,38ج62638,38-J-626-38,0.0,True
003736.jpg,61ب22420,61-B-224-20,0.8895,0.7317,"[73.4, 174.1, 273.4, 221.5]",True,0.8594936708859853,61ب22420,61-B-224-20,0.0,True
003741.jpg,51ل89488,51-L-894-88,0.88,0.817,"[225.4, 297.4, 437.7, 358.0]",True,0.8711123046710422,51ل89488,51-L-894-88,0.0,True
003742.jpg,67و65153,67-V-651-53,0.9017,0.7336,"[394.8, 179.6, 495.4, 212.5]",True,0.9264915132136289,67و65153,67-V-651-53,0.0,True
003743.jpg,62د47320,62-D-473-20,0.665,0.6992,"[398.1, 198.8, 480.8, 224.4]",True,0.8859256085174413,62د47320,62-D-473-20,0.0,True
003745.jpg,71م38322,71-M-383-22,0.8838,0.7061,"[29.6, 291.8, 179.2, 337.6]",True,0.8624643132277755,71م38322,71-M-383-22,0.0,True
003754.jpg,94ص85978,94-Sad-859-78,0.8833,0.649,"[213.9, 289.1, 346.0, 324.7]",True,0.7863827481206728,94ص85978,94-Sad-859-78,0.0,True
003760.jpg,79ق15953,79-Gh-159-53,0.8376,0.6928,"[500.5, 163.8, 612.7, 187.5]",True,0.9558215667467823,79ق15953,79-Gh-159-53,0.0,True
003765.jpg,28د68453,28-D-684-53,0.895,0.6948,"[140.3, 157.9, 273.1, 188.1]",True,0.8982505763602835,28د68453,28-D-684-53,0.0,True
003771.jpg,48ق52613,48-Gh-526-13,0.9021,0.7618,"[249.1, 364.1, 439.3, 407.4]",True,0.9593606442983093,48ق52613,48-Gh-526-13,0.0,True
003781.jpg,79د72331,79-D-723-31,0.9065,0.7103,"[27.5, 172.8, 229.7, 217.4]",True,0.8890247305682661,79د72331,79-D-723-31,0.0,True
003788.jpg,44د95399,44-D-953-99,0.8054,0.696,"[192.1, 412.2, 233.1, 424.2]",True,0.9625832701724011,44د95399,44-D-953-99,0.0,True
003788.jpg,65ص74788,65-Sad-747-88,0.7774,0.6607,"[584.3, 410.5, 626.1, 426.9]",True,0.8366693354672222,65ص74788,65-Sad-747-88,0.0,True
003790.jpg,65ی24712,65-Y-247-12,0.8939,0.7294,"[349.5, 194.6, 549.4, 242.8]",True,0.9452859209686849,65ی24712,65-Y-247-12,0.0,True
003795.jpg,35ج53667,35-J-536-67,0.8237,0.725,"[451.3, 130.6, 552.2, 154.5]",True,0.857416903083943,35ج53667,35-J-536-67,0.0,True
003808.jpg,86م41979,86-M-419-79,0.8951,0.3059,"[1080.7, 453.8, 1280.0, 500.6]",False,0.0,,,,False
003808.jpg,12ق85522,12-Gh-855-22,0.8614,0.7201,"[237.3, 583.9, 423.6, 627.4]",True,0.958155134244873,12ق85522,12-Gh-855-22,0.0,True
003809.jpg,61ق48444,61-Gh-484-44,0.7663,0.4133,"[709.8, 403.2, 747.8, 414.2]",True,0.7873941674487595,61ق48444,61-Gh-484-44,0.0,True
003821.jpg,93س16336,93-S-163-36,0.8841,0.6561,"[338.5, 271.0, 548.1, 336.5]",True,0.972115192510705,93س16336,93-S-163-36,0.0,True
003829.jpg,21ب24674,21-B-246-74,0.9036,0.7864,"[557.2, 354.9, 766.5, 448.5]",True,0.9593808214855184,21ب24674,21-B-246-74,0.0,True
003830.jpg,57ن99866,57-N-998-66,0.9072,0.7583,"[297.3, 904.0, 621.3, 1019.4]",True,0.8682897666364089,57ن99866,57-N-998-66,0.0,True
003830.jpg,36ع48155,36-Ein-481-55,0.8437,0.8647,"[90.6, 422.0, 209.0, 455.4]",True,0.7133044733043432,36ع48155,36-Ein-481-55,0.0,True
003838.jpg,27و32634,27-V-326-34,0.8644,0.6968,"[494.4, 155.9, 586.8, 179.1]",True,0.9056242506661653,27و32634,27-V-326-34,0.0,True
003847.jpg,85ص12234,85-Sad-122-34,0.8769,0.68,"[448.6, 242.8, 558.5, 271.5]",True,0.9681702159485611,85ص12234,85-Sad-122-34,0.0,True
003848.jpg,14ص82593,14-Sad-825-93,0.8913,0.6719,"[572.7, 261.2, 752.1, 314.7]",True,0.936241644877974,14ص82593,14-Sad-825-93,0.0,True
003851.jpg,64ق38344,64-Gh-383-44,0.8786,0.6868,"[244.4, 553.8, 345.9, 587.0]",True,0.9333874427500353,64ق38344,64-Gh-383-44,0.0,True
003852.jpg,88ه64799,88-H-647-99,0.8799,0.7706,"[180.8, 473.6, 251.4, 496.2]",True,0.9550161095938462,88ه64799,88-H-647-99,0.0,True
003858.jpg,31ه92763,31-H-927-63,0.8948,0.7507,"[170.5, 170.3, 304.9, 203.0]",True,0.8733863275038004,31ه92763,31-H-927-63,0.0,True
003865.jpg,95س19622,95-S-196-22,0.8659,0.7428,"[15.5, 429.0, 85.7, 455.5]",True,0.8530882115783189,95س19622,95-S-196-22,0.0,True
003866.jpg,98ص12199,98-Sad-121-99,0.8819,0.7544,"[403.4, 277.9, 537.4, 312.6]",True,0.9503947312870032,98ص12199,98-Sad-121-99,0.0,True
003867.jpg,73ص46299,73-Sad-462-99,0.8884,0.7397,"[273.0, 300.6, 407.6, 341.7]",True,0.9688976619919222,73ص46299,73-Sad-462-99,0.0,True
003869.jpg,28ب21363,28-B-213-63,0.908,0.669,"[78.5, 354.4, 286.9, 414.9]",True,0.9484841645978381,28ب21363,28-B-213-63,0.0,True
003870.jpg,87م12333,87-M-123-33,0.8648,0.7394,"[471.1, 534.3, 542.8, 555.8]",True,0.9652672239102315,87م12333,87-M-123-33,0.0,True
003870.jpg,21م34438,21-M-344-38,0.8166,0.6892,"[190.9, 457.7, 239.9, 473.9]",True,0.9306325106126819,21م34438,21-M-344-38,0.0,True
003876.jpg,37ت94263,37-T-942-63,0.8856,0.7258,"[528.6, 261.8, 725.8, 311.3]",True,0.9648547049345658,37ت94263,37-T-942-63,0.0,True
003879.jpg,62ق25663,62-Gh-256-63,0.8679,0.7673,"[162.0, 145.8, 265.9, 174.4]",True,0.9516950806649231,62ق25663,62-Gh-256-63,0.0,True
003880.jpg,11ن97410,11-N-974-10,0.8701,0.7827,"[440.6, 538.9, 497.5, 568.7]",True,0.9464731410063724,11ن97410,11-N-974-10,0.0,True
003880.jpg,57ب97977,57-B-979-77,0.7671,0.736,"[76.3, 455.7, 122.8, 476.5]",True,0.8304058146569447,57ب97977,57-B-979-77,0.0,True
003889.jpg,28ص61447,28-Sad-614-47,0.8748,0.7305,"[563.6, 587.4, 653.0, 631.1]",True,0.933296703296481,28ص61447,28-Sad-614-47,0.0,True
003900.jpg,91ب11393,91-B-113-93,0.8672,0.7072,"[257.4, 291.0, 518.2, 359.6]",True,0.9859751422100403,91ب11393,91-B-113-93,0.0,True
003913.jpg,47ل74210,47-L-742-10,0.8588,0.7532,"[176.6, 522.2, 248.1, 552.5]",True,0.9677040837206157,47ل74210,47-L-742-10,0.0,True
003917.jpg,42م58810,42-M-588-10,0.8541,0.7404,"[379.6, 195.0, 534.1, 248.5]",True,0.9452042707137333,42م58810,42-M-588-10,0.0,True
003920.jpg,84ه97255,84-H-972-55,0.8886,0.8232,"[175.9, 392.3, 268.7, 429.1]",True,0.9455596450422974,84ه97255,84-H-972-55,0.0,True
003933.jpg,59م73663,59-M-736-63,0.8964,0.7297,"[342.5, 682.0, 632.6, 760.3]",True,0.9496179415525807,59م73663,59-M-736-63,0.0,True
003934.jpg,31و23163,31-V-231-63,0.909,0.7225,"[171.5, 201.4, 362.7, 255.4]",True,0.9386317304232248,31و23163,31-V-231-63,0.0,True
003947.jpg,75د51863,75-D-518-63,0.8715,0.7528,"[434.2, 528.0, 819.7, 602.9]",True,0.9664597000936882,75د51863,75-D-518-63,0.0,True
003973.jpg,92ج42966,92-J-429-66,0.864,0.7134,"[558.1, 338.0, 615.9, 355.1]",True,0.9034955743557821,92ج42966,92-J-429-66,0.0,True
003996.jpg,57د67724,57-D-677-24,0.8959,0.7349,"[578.1, 192.9, 797.3, 331.0]",True,0.9764950854732805,57د67724,57-D-677-24,0.0,True
003997.jpg,55ط48899,55-Ta-488-99,0.9028,0.7218,"[530.6, 611.5, 666.7, 702.7]",True,0.9560499779946404,55ط48899,55-Ta-488-99,0.0,True
004015.jpg,93د63810,93-D-638-10,0.8637,0.7091,"[212.2, 477.6, 263.7, 501.9]",True,0.9445978853672257,93د63810,93-D-638-10,0.0,True
004021.jpg,68ب22757,68-B-227-57,0.8921,0.7493,"[540.1, 621.4, 687.4, 661.9]",True,0.9420006121049557,68ب22757,68-B-227-57,0.0,True
004036.jpg,86ج24493,86-J-244-93,0.858,0.7469,"[185.4, 208.5, 331.7, 261.5]",True,0.957323495135831,86ج24493,86-J-244-93,0.0,True
004044.jpg,37ق79229,37-Gh-792-29,0.8929,0.7435,"[466.5, 456.7, 641.9, 503.2]",True,0.9351180921805863,37ق79229,37-Gh-792-29,0.0,True
004045.jpg,52ق42229,52-Gh-422-29,0.8982,0.7752,"[221.9, 543.6, 305.2, 571.9]",True,0.9311348320831208,52ق42229,52-Gh-422-29,0.0,True
004046.jpg,97ج88377,97-J-883-77,0.7395,0.6783,"[439.2, 551.2, 522.8, 605.7]",True,0.8980057981198227,97ج88377,97-J-883-77,0.0,True
004046.jpg,55ت56622,55-T-566-22,0.6947,0.4367,"[658.6, 448.8, 713.7, 489.4]",True,0.8924713312277966,54ت56622,54-T-566-22,1.0,False
004056.jpg,57ص27555,57-Sad-275-55,0.8842,0.7146,"[205.0, 298.5, 318.1, 348.2]",True,0.9765921673587631,57ص27555,57-Sad-275-55,0.0,True
004061.jpg,55ل18399,55-L-183-99,0.8728,0.5249,"[214.5, 495.8, 367.8, 617.4]",True,0.9374395534554205,55ل18399,55-L-183-99,0.0,True
004084.jpg,57س74799,57-S-747-99,0.8512,0.6018,"[343.7, 456.9, 458.7, 531.4]",True,0.927779786261404,57س74799,57-S-747-99,0.0,True
004086.jpg,42ق86629,42-Gh-866-29,0.8436,0.7368,"[442.6, 398.7, 503.9, 413.2]",True,0.8480791901705521,42ق86629,42-Gh-866-29,0.0,True
004086.jpg,22ق38229,22-Gh-382-29,0.8313,0.7594,"[739.5, 412.0, 803.6, 428.8]",True,0.9597860962558283,22ق38229,22-Gh-382-29,0.0,True
004092.jpg,42ی18155,42-Y-181-55,0.812,0.791,"[472.9, 596.0, 543.6, 613.6]",True,0.9574719066237072,42ی18155,42-Y-181-55,0.0,True
004114.jpg,61ب41410,61-B-414-10,0.8658,0.7487,"[853.8, 678.1, 965.2, 710.5]",True,0.9226364559921271,61ب41410,61-B-414-10,0.0,True
004116.jpg,55ق25813,55-Gh-258-13,0.8568,0.7001,"[854.8, 124.5, 1086.5, 177.3]",True,0.9006775641063169,55ق25813,55-Gh-258-13,0.0,True
004132.jpg,22ج26920,22-J-269-20,0.8916,0.7138,"[466.4, 414.9, 654.8, 541.2]",True,0.960907472097579,22ج26920,22-J-269-20,0.0,True
004136.jpg,36ج87211,36-J-872-11,0.8746,0.6919,"[365.3, 536.3, 544.4, 571.2]",True,0.8769214112564102,36ج87211,36-J-872-11,0.0,True
004142.jpg,79ن59610,79-N-596-10,0.871,0.4812,"[395.1, 693.4, 462.2, 733.7]",True,0.9490662954247391,79ن59610,79-N-596-10,0.0,True
004146.jpg,32ق47929,32-Gh-479-29,0.8867,0.7113,"[569.7, 336.3, 813.6, 391.0]",True,0.9470037554874031,32ق47929,32-Gh-479-29,0.0,True
004160.jpg,41ق97529,41-Gh-975-29,0.9132,0.6951,"[255.2, 508.4, 577.9, 610.6]",True,0.9371891312499325,41ق97529,41-Gh-975-29,0.0,True
004161.jpg,32ق53729,32-Gh-537-29,0.9149,0.7312,"[466.4, 217.4, 842.8, 337.3]",True,0.9766288363073226,32ق53729,32-Gh-537-29,0.0,True
004170.jpg,95ج98610,95-J-986-10,0.8748,0.7388,"[356.5, 168.6, 509.6, 212.9]",True,0.9636806230305862,95ج98610,95-J-986-10,0.0,True
004174.jpg,35ق31729,35-Gh-317-29,0.8918,0.7173,"[508.7, 452.5, 793.0, 516.1]",True,0.9545707950585494,35ق31729,35-Gh-317-29,0.0,True
004176.jpg,19ق84129,19-Gh-841-29,0.9061,0.6929,"[414.5, 260.6, 845.3, 394.4]",True,0.9721191528820309,19ق84129,19-Gh-841-29,0.0,True
004188.jpg,56ق75113,56-Gh-751-13,0.8791,0.7275,"[684.3, 100.4, 1007.5, 186.9]",True,0.9737038611735014,56ق75113,56-Gh-751-13,0.0,True
004189.jpg,47ی85688,47-Y-856-88,0.8773,0.7523,"[205.1, 334.3, 364.6, 388.0]",True,0.8742403810790386,47ی85688,47-Y-856-88,0.0,True
004190.jpg,92ص53519,92-Sad-535-19,0.8189,0.7309,"[567.6, 447.1, 669.3, 469.9]",True,0.9693812709026048,92ص53519,92-Sad-535-19,0.0,True
004199.jpg,52ق33729,52-Gh-337-29,0.8673,0.7403,"[494.1, 170.7, 772.5, 271.8]",True,0.9796791323775067,52ق33729,52-Gh-337-29,0.0,True
004200.jpg,31ص24310,31-Sad-243-10,0.8257,0.6414,"[509.3, 598.6, 573.0, 625.8]",True,0.9007895916415356,31ص34310,31-Sad-343-10,1.0,False
004207.jpg,36ب49722,36-B-497-22,0.8814,0.716,"[318.2, 524.4, 543.7, 600.1]",True,0.9841625977205507,36ب49722,36-B-497-22,0.0,True
004209.jpg,99ط25910,99-Ta-259-10,0.867,0.7016,"[318.6, 407.4, 456.8, 435.2]",True,0.9491779814322854,99ط25910,99-Ta-259-10,0.0,True
004209.jpg,85ص16810,85-Sad-168-10,0.8628,0.6589,"[1069.3, 367.6, 1230.9, 404.6]",True,0.961023342621154,85ص16810,85-Sad-168-10,0.0,True
004230.jpg,54ق71588,54-Gh-715-88,0.8829,0.7156,"[316.4, 497.1, 559.1, 606.9]",True,0.9775637783487051,54ق71588,54-Gh-715-88,0.0,True
004244.jpg,52ص31388,52-Sad-313-88,0.9064,0.7865,"[377.3, 441.0, 542.5, 515.2]",True,0.9574280623665372,52ص31388,52-Sad-313-88,0.0,True
004252.jpg,36ط82810,36-Ta-828-10,0.8634,0.7355,"[1009.7, 369.1, 1207.4, 413.9]",True,0.9246965098633259,36ط82810,36-Ta-828-10,0.0,True
004252.jpg,86ط31199,86-Ta-311-99,0.8583,0.7437,"[309.3, 284.7, 448.3, 316.2]",True,0.9651492967742663,86ط31199,86-Ta-311-99,0.0,True
004254.jpg,85ل13755,85-L-137-55,0.8968,0.7855,"[373.5, 459.7, 499.1, 515.4]",True,0.9562382844922456,85ل13755,85-L-137-55,0.0,True
004258.jpg,88ل73319,88-L-733-19,0.9073,0.6141,"[645.4, 626.0, 805.2, 694.6]",True,0.9725130088765567,88ل73319,88-L-733-19,0.0,True
004262.jpg,33ط26438,33-Ta-264-38,0.8871,0.775,"[229.6, 437.5, 416.6, 508.9]",True,0.9727649583623037,33ط26438,33-Ta-264-38,0.0,True
004273.jpg,34ق17429,34-Gh-174-29,0.8482,0.7194,"[413.1, 207.2, 515.5, 231.5]",True,0.9193055608199378,34ق17429,34-Gh-174-29,0.0,True
004273.jpg,23ت97319,23-T-973-19,0.8384,0.8209,"[1.2, 225.2, 78.5, 245.8]",True,0.8547396672029773,23ت97319,23-T-973-19,0.0,True
004300.jpg,67ط96519,67-Ta-965-19,0.8876,0.6987,"[456.0, 612.6, 646.2, 671.2]",True,0.9716734315951792,67ط96519,67-Ta-965-19,0.0,True
004301.jpg,36و84122,36-V-841-22,0.8988,0.73,"[83.5, 315.2, 312.1, 383.7]",True,0.9718372221372797,36و84122,36-V-841-22,0.0,True
004318.jpg,91ج99922,91-J-999-22,0.8806,0.7097,"[264.1, 456.9, 426.0, 503.8]",True,0.9474794505318578,91ج99922,91-J-999-22,0.0,True
004319.jpg,12ق71229,12-Gh-712-29,0.898,0.7415,"[632.7, 259.4, 855.3, 331.9]",True,0.9798806873699918,12ق71229,12-Gh-712-29,0.0,True
004325.jpg,31ه14966,31-H-149-66,0.9028,0.7329,"[433.8, 329.4, 725.0, 399.5]",True,0.9694934271957237,31ه14966,31-H-149-66,0.0,True
004353.jpg,27ب12788,27-B-127-88,0.8511,0.7108,"[420.7, 341.0, 483.3, 361.7]",True,0.6310128250390977,27ب12788,27-B-127-88,0.0,True
004359.jpg,49م97910,49-M-979-10,0.7329,0.7227,"[360.9, 213.4, 574.2, 284.1]",True,0.7034338153525557,49م97910,49-M-979-10,0.0,True
004372.jpg,46و95944,46-V-959-44,0.8576,0.7188,"[922.9, 430.4, 1112.3, 482.9]",True,0.8449485977224993,46و95944,46-V-959-44,0.0,True
004372.jpg,51ی19488,51-Y-194-88,0.8262,0.7974,"[335.3, 278.8, 450.8, 313.8]",True,0.9597578347576068,51ی19488,51-Y-194-88,0.0,True
004372.jpg,75ی31866,75-Y-318-66,0.8085,0.7608,"[117.3, 259.9, 177.5, 283.8]",True,0.8423770491798359,75ی31866,75-Y-318-66,0.0,True
004373.jpg,14ق88722,14-Gh-887-22,0.862,0.6615,"[619.9, 353.0, 816.7, 436.8]",True,0.9340983177134303,14ق88722,14-Gh-887-22,0.0,True
004396.jpg,89ی55666,89-Y-556-66,0.8151,0.8014,"[654.4, 125.5, 867.3, 221.2]",True,0.8838976899098585,89ی55666,89-Y-556-66,0.0,True
004432.jpg,41ط48799,41-Ta-487-99,0.8569,0.6879,"[760.2, 400.0, 860.8, 426.9]",True,0.6150318181816765,41ط48799,41-Ta-487-99,0.0,True
004432.jpg,21ه72144,21-H-721-44,0.802,0.7562,"[253.3, 325.3, 302.5, 340.3]",False,0.0,,,,False
004434.jpg,33د81144,33-D-811-44,0.8323,0.7411,"[663.9, 215.8, 848.8, 281.8]",True,0.9260806252646551,33د81144,33-D-811-44,0.0,True
004442.jpg,43م44710,43-M-447-10,0.8601,0.7113,"[624.9, 160.5, 879.8, 264.5]",True,0.9477191477191135,43م44710,43-M-447-10,0.0,True
004446.jpg,89ه68566,89-H-685-66,0.8717,0.7423,"[237.8, 195.5, 343.8, 237.2]",True,0.6301069137561466,89ه68566,89-H-685-66,0.0,True
004448.jpg,31ل27555,31-L-275-55,0.8331,0.6384,"[244.4, 193.1, 521.5, 264.1]",True,0.7221645913303731,21ل22555,21-L-225-55,2.0,False
004459.jpg,63ص32977,63-Sad-329-77,0.873,0.7104,"[611.6, 256.9, 705.8, 278.5]",True,0.652153846153638,63ص32977,63-Sad-329-77,0.0,True
004459.jpg,34و33766,34-V-337-66,0.7677,0.634,"[326.6, 159.5, 364.8, 169.8]",True,0.9171561771540387,34و33766,34-V-337-66,0.0,True
004460.jpg,64ص78599,64-Sad-785-99,0.8781,0.7626,"[645.4, 35.4, 848.2, 149.2]",True,0.898493915073376,64ص78599,64-Sad-785-99,0.0,True
004465.jpg,85ص42234,85-Sad-422-34,0.751,0.4653,"[701.9, 291.1, 739.9, 301.1]",True,0.7364341085256991,85ص42234,85-Sad-422-34,0.0,True
004465.jpg,94ق55117,94-Gh-551-17,0.7283,0.2708,"[562.8, 288.4, 595.3, 296.4]",True,0.6018518518504586,74ق55111,74-Gh-551-11,2.0,False
004465.jpg,68ص84466,68-Sad-844-66,0.6875,0.5945,"[414.6, 297.2, 444.6, 305.3]",True,0.5192307692296619,68س52466,68-S-524-66,3.0,False
004477.jpg,85ع46444,85-Ein-464-44,0.8769,0.8595,"[303.8, 146.1, 439.8, 190.2]",True,0.8740308947827352,85ع46444,85-Ein-464-44,0.0,True
004483.jpg,87م76433,87-M-764-33,0.7624,0.7492,"[94.4, 54.5, 249.0, 111.1]",True,0.8910010679077841,87م76433,87-M-764-33,0.0,True
004486.jpg,96ن29411,96-N-294-11,0.8275,0.7835,"[459.4, 120.4, 704.0, 211.8]",True,0.61860653016047,96ن29411,96-N-294-11,0.0,True
004486.jpg,64س28633,64-S-286-33,0.7137,0.7356,"[77.1, 156.4, 207.7, 201.8]",True,0.767837347837248,64س28633,64-S-286-33,0.0,True
004495.jpg,69ص97666,69-Sad-976-66,0.7286,0.6568,"[393.7, 91.6, 511.6, 151.7]",True,0.7499201567487086,69ص97666,69-Sad-976-66,0.0,True
004499.jpg,29س85333,29-S-853-33,0.6781,0.5007,"[262.5, 87.6, 369.5, 133.9]",True,0.6904017162601425,39س85333,39-S-853-33,1.0,False
004510.jpg,46ه29110,46-H-291-10,0.8827,0.7389,"[323.2, 516.1, 533.0, 571.0]",True,0.8823364485980627,46ه29110,46-H-291-10,0.0,True
004516.jpg,14ج45320,14-J-453-20,0.8836,0.7614,"[123.7, 542.9, 436.4, 667.6]",True,0.9429987262041386,14ج45320,14-J-453-20,0.0,True
004522.jpg,21و44110,21-V-441-10,0.874,0.7163,"[142.6, 330.8, 330.4, 417.5]",True,0.9050997817928769,21و44110,21-V-441-10,0.0,True
004524.jpg,64س46422,64-S-464-22,0.8451,0.7578,"[269.4, 328.0, 429.4, 376.8]",True,0.9282120505582359,64س46422,64-S-464-22,0.0,True
004531.jpg,31ه46853,31-H-468-53,0.9014,0.7482,"[181.0, 580.3, 358.6, 633.3]",True,0.8909001120628223,31ه46853,31-H-468-53,0.0,True
004534.jpg,52ژ53811,52-Zh-538-11,0.8668,0.7643,"[365.8, 421.4, 517.5, 459.1]",True,0.9622629112092639,52ژ53811,52-Zh-538-11,0.0,True
004546.jpg,75ل19778,75-L-197-78,0.8548,0.739,"[154.4, 134.6, 312.9, 205.1]",True,0.8139750874125279,75ل19778,75-L-197-78,0.0,True
004553.jpg,97و14277,97-V-142-77,0.8857,0.7292,"[213.8, 306.5, 336.5, 347.8]",True,0.8739027094998545,97و14277,97-V-142-77,0.0,True
004557.jpg,77د93588,77-D-935-88,0.8597,0.5757,"[228.4, 80.7, 429.4, 204.9]",True,0.928529654465157,77د93588,77-D-935-88,0.0,True
004564.jpg,46د95710,46-D-957-10,0.8641,0.7062,"[281.0, 414.8, 370.9, 444.1]",True,0.9779179810721905,46د95710,46-D-957-10,0.0,True
004565.jpg,65ص38922,65-Sad-389-22,0.8974,0.7137,"[281.5, 278.3, 425.9, 318.9]",True,0.5466331002330488,65ص38922,65-Sad-389-22,0.0,True
004566.jpg,45م55355,45-M-553-55,0.8922,0.7447,"[361.3, 325.2, 524.7, 374.5]",True,0.688749999999942,45م55355,45-M-553-55,0.0,True
004568.jpg,37ه57688,37-H-576-88,0.8173,0.7479,"[468.0, 456.5, 652.0, 516.7]",True,0.5301172529312983,37ه57688,37-H-576-88,0.0,True
004574.jpg,14ق16710,14-Gh-167-10,0.8499,0.7039,"[85.8, 244.5, 164.3, 264.8]",False,0.0,,,,False
004574.jpg,17س44411,17-S-444-11,0.7625,0.5528,"[637.8, 249.3, 695.6, 269.7]",True,0.5026086956519601,17س44411,17-S-444-11,0.0,True
004576.jpg,94م69777,94-M-697-77,0.842,0.7545,"[32.2, 518.0, 80.4, 544.9]",True,0.7604574780054185,94م69777,94-M-697-77,0.0,True
004576.jpg,55ه95788,55-H-957-88,0.7305,0.6511,"[542.6, 464.9, 581.4, 480.3]",True,0.7147368421044069,55ه95788,55-H-957-88,0.0,True
004576.jpg,49م81710,49-M-817-10,0.706,0.4429,"[426.8, 445.7, 458.0, 456.3]",True,0.5103703703695845,39م81710,39-M-817-10,1.0,False
004577.jpg,96م69322,96-M-693-22,0.8671,0.7691,"[443.1, 434.5, 585.4, 471.6]",False,0.0,,,,False
004589.jpg,18م16710,18-M-167-10,0.8113,0.7437,"[497.7, 250.3, 619.9, 294.1]",True,0.8295406138598997,18م16710,18-M-167-10,0.0,True
004599.jpg,12م95778,12-M-957-78,0.8173,0.6984,"[884.8, 133.5, 1072.1, 207.8]",True,0.7834459216489083,12م95778,12-M-957-78,0.0,True
004599.jpg,12ل17153,12-L-171-53,0.795,0.6509,"[167.1, 3.0, 330.5, 76.7]",True,0.685210810810772,12ل17153,12-L-171-53,0.0,True
004600.jpg,18ق69823,18-Gh-698-23,0.8132,0.7511,"[775.9, 215.1, 918.0, 264.8]",True,0.7009796526053897,18ق69823,18-Gh-698-23,0.0,True
004600.jpg,62و88657,62-V-886-57,0.7535,0.734,"[233.9, 206.6, 355.0, 249.9]",True,0.5977690378476294,62و88657,62-V-886-57,0.0,True
004601.jpg,64د75223,64-D-752-23,0.8188,0.7166,"[396.4, 271.8, 557.6, 327.3]",True,0.8415934684258631,64د75223,64-D-752-23,0.0,True
004601.jpg,76س74978,76-S-749-78,0.7779,0.7618,"[899.0, 237.8, 977.7, 264.9]",True,0.563628435517821,76س74978,76-S-749-78,0.0,True
004610.jpg,44ج28621,44-J-286-21,0.7754,0.7869,"[246.9, 47.2, 364.6, 102.6]",True,0.8420170454544367,44ج28621,44-J-286-21,0.0,True
004610.jpg,95م59978,95-M-599-78,0.7366,0.7234,"[726.7, 112.2, 848.9, 167.0]",True,0.8740820994340989,95م59978,95-M-599-78,0.0,True
004610.jpg,64ل97938,64-L-979-38,0.6771,0.7106,"[1020.7, 155.2, 1083.8, 184.5]",True,0.7880775788572932,64ل97938,64-L-979-38,0.0,True
004618.jpg,51ص52913,51-Sad-529-13,0.7982,0.7379,"[3.0, 129.5, 116.6, 167.1]",True,0.8069541242243993,51ص52913,51-Sad-529-13,0.0,True
004618.jpg,54م57378,54-M-573-78,0.78,0.7286,"[475.8, 71.6, 597.8, 113.1]",True,0.8687371310911335,54م57378,54-M-573-78,0.0,True
004618.jpg,95ن54413,95-N-544-13,0.7773,0.7298,"[974.0, 77.0, 1088.6, 110.1]",True,0.5158792329660653,95ن54413,95-N-544-13,0.0,True
004623.jpg,86ل27511,86-L-275-11,0.844,0.7558,"[301.1, 351.5, 385.3, 377.1]",True,0.7507906652731643,86ل27511,86-L-275-11,0.0,True
004629.jpg,45ن91844,45-N-918-44,0.8779,0.7454,"[240.3, 184.9, 390.6, 222.0]",True,0.9590786860435075,45ن91844,45-N-918-44,0.0,True
004636.jpg,35و13366,35-V-133-66,0.8941,0.7341,"[248.6, 245.4, 355.7, 288.5]",True,0.924126126125941,35و13366,35-V-133-66,0.0,True
004642.jpg,46ص19711,46-Sad-197-11,0.8687,0.6771,"[176.2, 261.2, 265.5, 295.1]",True,0.9835154272006906,46ص19711,46-Sad-197-11,0.0,True
004643.jpg,13ی66299,13-Y-662-99,0.8827,0.3098,"[466.2, 513.4, 718.5, 694.1]",True,0.9315735762927833,23ی66499,23-Y-664-99,2.0,False
004644.jpg,57ه24610,57-H-246-10,0.9083,0.7421,"[70.9, 432.2, 230.1, 504.4]",True,0.9759670930830585,57ه24610,57-H-246-10,0.0,True
004646.jpg,56ل18210,56-L-182-10,0.8891,0.7603,"[466.9, 653.7, 573.5, 694.9]",True,0.9313303399161529,56ل18210,56-L-182-10,0.0,True
004646.jpg,41س51116,41-S-511-16,0.7178,0.2549,"[630.7, 319.6, 676.6, 331.5]",False,0.0,,,,False
004646.jpg,88ب73538,88-B-735-38,0.7134,0.3738,"[468.5, 310.1, 500.7, 319.3]",False,0.0,,,,False
004651.jpg,78ط72755,78-Ta-727-55,0.7809,0.5807,"[248.5, 297.6, 308.3, 312.1]",False,0.0,,,,False
004651.jpg,15ه86622,15-H-866-22,0.7752,0.6806,"[397.7, 277.9, 495.6, 303.0]",True,0.9232079531790031,15ه86622,15-H-866-22,0.0,True
004654.jpg,37ه72766,37-H-727-66,0.868,0.7477,"[472.0, 484.1, 620.2, 521.0]",True,0.86018673951906,37ه72766,37-H-727-66,0.0,True
004676.jpg,35ط78611,35-Ta-786-11,0.878,0.7507,"[335.2, 391.5, 446.7, 432.1]",True,0.874763285023986,35ط78611,35-Ta-786-11,0.0,True
004676.jpg,76ل89866,76-L-898-66,0.8284,0.6255,"[1019.2, 373.8, 1077.9, 394.1]",True,0.9525010643673992,76ل89866,76-L-898-66,0.0,True
004678.jpg,59د84768,59-D-847-68,0.893,0.6898,"[362.1, 449.9, 507.2, 496.6]",True,0.7882971893331309,59د84768,59-D-847-68,0.0,True
004697.jpg,14ت34211,14-T-342-11,0.8905,0.8253,"[367.1, 223.2, 577.4, 287.2]",True,0.9656362478336787,14ت34211,14-T-342-11,0.0,True
004705.jpg,51ن63722,51-N-637-22,0.8973,0.7736,"[309.6, 390.0, 468.0, 476.9]",True,0.9193187737927654,51ن63722,51-N-637-22,0.0,True
004706.jpg,65ی23177,65-Y-231-77,0.8489,0.7713,"[270.5, 363.3, 364.3, 389.4]",True,0.9302114020041056,65ی23177,65-Y-231-77,0.0,True
004709.jpg,26س94911,26-S-949-11,0.8664,0.7067,"[441.0, 232.6, 567.9, 268.1]",True,0.9388748785465042,26س94911,26-S-949-11,0.0,True
004721.jpg,59ب57699,59-B-576-99,0.7918,0.7538,"[331.6, 223.6, 398.9, 244.7]",True,0.8756485423393573,59ب57699,59-B-576-99,0.0,True
004725.jpg,43ق82688,43-Gh-826-88,0.8636,0.7607,"[385.1, 368.7, 525.4, 447.0]",True,0.9053997894730854,43ق82688,43-Gh-826-88,0.0,True
004731.jpg,51ط94910,51-Ta-949-10,0.8736,0.7049,"[494.0, 228.9, 721.6, 275.2]",True,0.7853438584373912,51ط94910,51-Ta-949-10,0.0,True
004732.jpg,56ه59355,56-H-593-55,0.9172,0.7111,"[366.3, 231.2, 745.4, 442.9]",True,0.9593291157294829,56ه59355,56-H-593-55,0.0,True
004736.jpg,63ه34455,63-H-344-55,0.835,0.7289,"[746.9, 265.1, 809.6, 284.1]",True,0.9817285671603919,63ه34455,63-H-344-55,0.0,True
004736.jpg,31ج31777,31-J-317-77,0.755,0.4398,"[313.6, 205.1, 349.3, 217.0]",True,0.8216698001512821,31ج21777,31-J-217-77,1.0,False
004736.jpg,49ج33969,49-J-339-69,0.6605,0.1516,"[546.6, 188.8, 574.0, 196.4]",True,0.8739915482094005,39ج26921,39-J-269-21,5.0,False
004744.jpg,79ن45155,79-N-451-55,0.8609,0.5253,"[714.8, 380.7, 872.5, 440.9]",True,0.9633928469472436,79ن45155,79-N-451-55,0.0,True
004744.jpg,37م56799,37-M-567-99,0.7549,0.7266,"[247.1, 188.6, 295.1, 205.8]",True,0.8957943721992602,37م56799,37-M-567-99,0.0,True
004761.jpg,18د77199,18-D-771-99,0.8765,0.7259,"[360.6, 322.4, 679.9, 386.5]",False,0.0,,,,False
004766.jpg,38ی22144,38-Y-221-44,0.8886,0.7479,"[180.4, 588.7, 399.8, 670.6]",True,0.9411722187303087,38ی22144,38-Y-221-44,0.0,True
004767.jpg,58ط24279,58-Ta-242-79,0.9076,0.7295,"[184.1, 381.7, 346.5, 440.2]",True,0.9390721830543247,58ط24279,58-Ta-242-79,0.0,True
004780.jpg,73ج94391,73-J-943-91,0.8625,0.7312,"[303.9, 357.4, 403.7, 389.4]",True,0.8937031775874581,73ج94391,73-J-943-91,0.0,True
004793.jpg,85ب24120,85-B-241-20,0.6824,0.4211,"[868.7, 408.8, 897.9, 417.1]",True,0.7791237316102373,85ب24120,85-B-241-20,0.0,True
004830.jpg,84ه83443,84-H-834-43,0.8959,0.7323,"[144.2, 347.1, 275.0, 426.0]",True,0.9531639467399228,84ه83443,84-H-834-43,0.0,True
004836.jpg,94ق79458,94-Gh-794-58,0.7301,0.4033,"[445.9, 275.8, 478.6, 284.9]",True,0.8065329166219529,94ق79411,94-Gh-794-11,2.0,False
004838.jpg,38ی58755,38-Y-587-55,0.8375,0.381,"[215.1, 287.2, 359.8, 420.9]",True,0.9250939014111703,93ه69791,93-H-697-91,7.0,False
004841.jpg,79ی55691,79-Y-556-91,0.8793,0.7692,"[101.5, 317.0, 213.5, 348.6]",True,0.9636537541843306,79ی55691,79-Y-556-91,0.0,True
004850.jpg,93ص56178,93-Sad-561-78,0.879,0.6843,"[1134.9, 459.4, 1241.7, 485.0]",True,0.8942433607456102,93ص56178,93-Sad-561-78,0.0,True
004850.jpg,84ب96419,84-B-964-19,0.8539,0.7578,"[642.9, 422.1, 717.0, 439.9]",True,0.8765029276353337,84ب96419,84-B-964-19,0.0,True
004850.jpg,71ق18199,71-Gh-181-99,0.825,0.7022,"[111.0, 431.9, 177.4, 453.0]",True,0.8569667394369749,71ق18199,71-Gh-181-99,0.0,True
004861.jpg,71ی81710,71-Y-817-10,0.6984,0.817,"[429.0, 403.8, 475.4, 420.1]",False,0.0,,,,False
004865.jpg,57ط43153,57-Ta-431-53,0.7992,0.7159,"[332.2, 361.3, 375.3, 375.4]",True,0.8497602154266195,57ط43153,57-Ta-431-53,0.0,True
004879.jpg,45ه27413,45-H-274-13,0.8795,0.7706,"[107.2, 303.1, 225.1, 333.4]",True,0.9491018210216497,45ه27413,45-H-274-13,0.0,True
004885.jpg,53ق74755,53-Gh-747-55,0.8647,0.7687,"[289.8, 274.0, 406.8, 307.2]",True,0.8223968565813528,53ق74755,53-Gh-747-55,0.0,True
004898.jpg,43ل84311,43-L-843-11,0.8476,0.7403,"[274.1, 141.5, 361.6, 166.2]",True,0.943732590528827,43ل84311,43-L-843-11,0.0,True
004902.jpg,97ط51316,97-Ta-513-16,0.8829,0.7369,"[681.1, 415.7, 967.9, 487.4]",True,0.9454510344827147,97ط51316,97-Ta-513-16,0.0,True
004917.jpg,45ق85216,45-Gh-852-16,0.8834,0.6992,"[566.4, 391.9, 771.7, 446.4]",True,0.963528860527815,45ق85216,45-Gh-852-16,0.0,True
004918.jpg,31ه21421,31-H-214-21,0.858,0.7515,"[545.6, 445.7, 767.0, 506.2]",True,0.892845425022538,31ه21421,31-H-214-21,0.0,True
004927.jpg,51س13216,51-S-132-16,0.8782,0.7157,"[628.5, 427.1, 769.6, 469.0]",True,0.9843256835895045,51س13216,51-S-132-16,0.0,True
004931.jpg,92ه68899,92-H-688-99,0.8396,0.7148,"[234.9, 309.2, 343.2, 350.5]",True,0.8422364634936609,92ه68899,92-H-688-99,0.0,True
004953.jpg,49ب71216,49-B-712-16,0.863,0.7292,"[561.8, 405.9, 735.4, 457.6]",True,0.9359206339301374,49ب71216,49-B-712-16,0.0,True
004962.jpg,92ج67116,92-J-671-16,0.8925,0.6953,"[502.7, 710.5, 667.4, 759.1]",True,0.902207702276267,92ج67116,92-J-671-16,0.0,True
004978.jpg,16ل16916,16-L-169-16,0.857,0.7356,"[734.7, 301.3, 805.0, 319.7]",True,0.8910288339138237,16ل16916,16-L-169-16,0.0,True
004978.jpg,86ج14916,86-J-149-16,0.8414,0.6876,"[469.3, 308.2, 527.3, 325.2]",True,0.9261477045898932,86ج14916,86-J-149-16,0.0,True
004980.jpg,61ط68416,61-Ta-684-16,0.871,0.7548,"[230.4, 491.7, 322.5, 529.8]",True,0.9670300206949883,61ط68416,61-Ta-684-16,0.0,True
004980.jpg,88ق32116,88-Gh-321-16,0.7039,0.7323,"[618.0, 522.1, 659.9, 537.4]",False,0.0,,,,False
004982.jpg,21م41516,21-M-415-16,0.8815,0.6953,"[425.2, 672.9, 527.8, 714.1]",True,0.9134960516867924,21م41516,21-M-415-16,0.0,True
004982.jpg,29ق69991,29-Gh-699-91,0.7611,0.5098,"[177.3, 567.4, 213.0, 581.9]",False,0.0,,,,False
004984.jpg,18ه68399,18-H-683-99,0.7197,0.7233,"[412.8, 311.1, 517.7, 358.6]",True,0.6953991269879687,18ه68399,18-H-683-99,0.0,True
004985.jpg,41ق55316,41-Gh-553-16,0.866,0.6846,"[396.1, 489.9, 461.1, 514.3]",True,0.9104477611935076,41ق55316,41-Gh-553-16,0.0,True
004987.jpg,14ب83916,14-B-839-16,0.8368,0.7766,"[609.1, 592.1, 679.0, 616.5]",True,0.9170008677496454,14ب83916,14-B-839-16,0.0,True
004993.jpg,85ق68616,85-Gh-686-16,0.872,0.5658,"[113.8, 479.6, 208.8, 509.5]",True,0.9052264092819596,85ق68616,85-Gh-686-16,0.0,True
004993.jpg,88ل91116,88-L-911-16,0.8321,0.237,"[514.0, 507.7, 586.8, 534.5]",False,0.0,,,,False
004994.jpg,68ل82166,68-L-821-66,0.8818,0.5949,"[130.7, 403.0, 276.6, 461.0]",True,0.94024444444434,68ل82116,68-L-821-16,1.0,False
004996.jpg,96ق94213,96-Gh-942-13,0.8714,0.6665,"[533.9, 600.8, 625.2, 634.0]",True,0.9515692883412072,96ق94213,96-Gh-942-13,0.0,True
004998.jpg,47ه32943,47-H-329-43,0.8958,0.6299,"[362.7, 595.1, 495.1, 651.5]",True,0.905478215284139,47ه32942,47-H-329-42,1.0,False
005001.jpg,74ق55111,74-Gh-551-11,0.6673,0.7682,"[387.8, 285.9, 464.7, 319.9]",True,0.8976440414486136,74ق55111,74-Gh-551-11,0.0,True
005008.jpg,34ت56416,34-T-564-16,0.8929,0.7624,"[278.4, 495.9, 380.7, 551.5]",True,0.9806829258120477,34ت56416,34-T-564-16,0.0,True
005045.jpg,26ق42816,26-Gh-428-16,0.8726,0.6975,"[291.6, 319.9, 381.7, 342.6]",True,0.8661728395057939,26ق42816,26-Gh-428-16,0.0,True
005049.jpg,52ب93716,52-B-937-16,0.8514,0.3683,"[536.7, 440.5, 644.7, 467.4]",True,0.6648054919906939,52ب92616,52-B-926-16,2.0,False
005050.jpg,54د44288,54-D-442-88,0.8856,0.6364,"[824.0, 291.9, 950.6, 386.9]",True,0.8946673639902993,54د14278,54-D-142-78,2.0,False
005052.jpg,29و49944,29-V-499-44,0.8832,0.7009,"[602.1, 481.6, 913.0, 576.0]",True,0.9406717948717653,29و49944,29-V-499-44,0.0,True
005054.jpg,84ق41416,84-Gh-414-16,0.8698,0.7331,"[173.3, 479.3, 373.7, 530.2]",True,0.8105438084050973,84ق41416,84-Gh-414-16,0.0,True
005060.jpg,95م68222,95-M-682-22,0.7647,0.6451,"[418.1, 418.8, 469.3, 438.0]",True,0.6898526315784602,95م68233,95-M-682-33,2.0,False
005064.jpg,33ت48722,33-T-487-22,0.8185,0.8622,"[268.8, 385.2, 398.3, 451.8]",True,0.7568181818181148,33ت48722,33-T-487-22,0.0,True
005068.jpg,55ط96516,55-Ta-965-16,0.8082,0.7543,"[243.8, 378.7, 374.2, 419.2]",True,0.9117900172115414,55ط96516,55-Ta-965-16,0.0,True
005069.jpg,12ل51216,12-L-512-16,0.8096,0.7371,"[144.5, 391.2, 255.2, 426.7]",True,0.8850970678032409,12ل51216,12-L-512-16,0.0,True
005077.jpg,25ت63116,25-T-631-16,0.8201,0.8101,"[669.3, 355.7, 749.8, 383.2]",True,0.8785537250324398,25ت63116,25-T-631-16,0.0,True
005089.jpg,88ب67216,88-B-672-16,0.8306,0.7225,"[0.1, 276.5, 144.3, 318.5]",True,0.9399623568442049,88ب67216,88-B-672-16,0.0,True
005090.jpg,85ط87716,85-Ta-877-16,0.766,0.7851,"[456.9, 291.0, 555.9, 321.1]",True,0.915007018706974,85ط87716,85-Ta-877-16,0.0,True
005094.jpg,59ص82116,59-Sad-821-16,0.8463,0.6901,"[8.9, 358.8, 159.4, 403.6]",True,0.8938953488370764,59ص82116,59-Sad-821-16,0.0,True
005096.jpg,12ط64816,12-Ta-648-16,0.8714,0.7337,"[468.8, 424.3, 588.2, 462.6]",True,0.9444751071515867,12ط64816,12-Ta-648-16,0.0,True
005115.jpg,76ب22420,76-B-224-20,0.8718,0.7487,"[790.1, 393.9, 933.7, 428.7]",True,0.9474047984796286,76ب22420,76-B-224-20,0.0,True
005115.jpg,68ل17316,68-L-173-16,0.8628,0.7129,"[285.5, 410.4, 391.4, 440.9]",True,0.8850806146390499,68ل17316,68-L-173-16,0.0,True
005117.jpg,45ع65816,45-Ein-658-16,0.7633,0.8236,"[520.5, 298.0, 611.5, 319.7]",True,0.8911658343374292,45ع65816,45-Ein-658-16,0.0,True
005121.jpg,23ط17616,23-Ta-176-16,0.7803,0.737,"[544.6, 420.1, 615.6, 439.2]",True,0.9025883046966268,23ط17616,23-Ta-176-16,0.0,True
005132.jpg,53ط72844,53-Ta-728-44,0.6775,0.7613,"[346.5, 264.9, 453.9, 308.3]",True,0.6655327901272655,53ط72844,53-Ta-728-44,0.0,True
005136.jpg,44ب36418,44-B-364-18,0.8855,0.6916,"[443.1, 238.2, 704.7, 293.3]",True,0.9349876862711746,44ب36418,44-B-364-18,0.0,True
005140.jpg,58ب39218,58-B-392-18,0.8764,0.7237,"[524.5, 321.1, 911.6, 404.2]",True,0.8330608523246485,58ب39218,58-B-392-18,0.0,True
005141.jpg,35ط52918,35-Ta-529-18,0.8684,0.7786,"[586.3, 288.6, 784.4, 333.3]",True,0.9296369198661412,35ط52918,35-Ta-529-18,0.0,True
005151.jpg,48ص63418,48-Sad-634-18,0.8988,0.7055,"[384.4, 209.7, 744.0, 328.4]",True,0.9670353064044905,48ص63418,48-Sad-634-18,0.0,True
005153.jpg,69ط85818,69-Ta-858-18,0.8864,0.7141,"[512.7, 90.2, 757.9, 145.7]",True,0.9432571103247926,69ط85818,69-Ta-858-18,0.0,True
005159.jpg,43ج38918,43-J-389-18,0.854,0.7148,"[537.5, 174.9, 882.3, 259.2]",True,0.9186476317867875,43ج38918,43-J-389-18,0.0,True
005161.jpg,25ج42418,25-J-424-18,0.91,0.6818,"[260.4, 171.6, 739.6, 269.0]",True,0.9840071459617233,25ج42418,25-J-424-18,0.0,True
005163.jpg,16ج56218,16-J-562-18,0.8865,0.7491,"[467.0, 132.7, 811.8, 221.9]",True,0.964912884699707,16ج56218,16-J-562-18,0.0,True
005172.jpg,34ب13518,34-B-135-18,0.904,0.7168,"[452.0, 296.4, 924.2, 394.9]",True,0.9153221000490706,34ب13518,34-B-135-18,0.0,True
005187.jpg,18ط37418,18-Ta-374-18,0.9034,0.7626,"[487.0, 269.9, 884.2, 355.9]",True,0.9338705256810576,18ط37418,18-Ta-374-18,0.0,True
005188.jpg,98د89318,98-D-893-18,0.8996,0.658,"[376.2, 107.3, 936.8, 241.9]",True,0.9673683224200431,98د89318,98-D-893-18,0.0,True
005200.jpg,61د59518,61-D-595-18,0.8783,0.7223,"[431.0, 803.3, 740.7, 892.9]",True,0.9636926164394697,61د59518,61-D-595-18,0.0,True
005208.jpg,38ب64618,38-B-646-18,0.9186,0.7006,"[326.8, 681.3, 760.1, 803.1]",True,0.9624527882692565,38ب64618,38-B-646-18,0.0,True
005214.jpg,31س58318,31-S-583-18,0.909,0.7386,"[273.3, 304.4, 669.2, 481.3]",True,0.9830536762022267,31س58318,31-S-583-18,0.0,True
005224.jpg,87ب16547,87-B-165-47,0.8715,0.2266,"[363.0, 131.3, 518.8, 176.0]",False,0.0,,,,False
005227.jpg,51ص76328,51-Sad-763-28,0.876,0.7126,"[302.8, 211.2, 612.2, 291.1]",True,0.9481539362556722,51ص76328,51-Sad-763-28,0.0,True
005229.jpg,71س34518,71-S-345-18,0.8753,0.7479,"[653.8, 298.3, 959.3, 377.2]",True,0.9368033424018287,71س34518,71-S-345-18,0.0,True
005230.jpg,71د23718,71-D-237-18,0.9071,0.6752,"[507.5, 173.1, 928.3, 313.5]",True,0.8738104329834222,71د23718,71-D-237-18,0.0,True
005232.jpg,16ب81728,16-B-817-28,0.8851,0.7655,"[320.0, 329.9, 744.0, 415.4]",True,0.9386717508738229,16ب81728,16-B-817-28,0.0,True
005237.jpg,83ج54818,83-J-548-18,0.8982,0.6686,"[240.2, 448.8, 613.3, 569.8]",True,0.8869179600886726,83ج54818,83-J-548-18,0.0,True
005244.jpg,84س26718,84-S-267-18,0.8497,0.7844,"[441.3, 464.0, 796.6, 530.5]",True,0.9040193602693258,84س26718,84-S-267-18,0.0,True
005248.jpg,36د76518,36-D-765-18,0.8914,0.6827,"[482.5, 523.8, 948.5, 610.3]",True,0.9132611122697895,36د76518,36-D-765-18,0.0,True
005252.jpg,72ط62818,72-Ta-628-18,0.8931,0.7472,"[505.3, 412.6, 905.7, 494.2]",True,0.8807832264771885,72ط62818,72-Ta-628-18,0.0,True
005255.jpg,48ط29328,48-Ta-293-28,0.9141,0.7215,"[415.5, 521.4, 847.1, 609.4]",True,0.9596137229987062,48ط29328,48-Ta-293-28,0.0,True
005260.jpg,42ج46918,42-J-469-18,0.894,0.7204,"[456.2, 482.2, 891.0, 578.5]",True,0.9260568530888673,42ج46918,42-J-469-18,0.0,True
005266.jpg,53س91818,53-S-918-18,0.8796,0.7671,"[409.7, 698.7, 816.0, 776.4]",True,0.897475293222338,53س91818,53-S-918-18,0.0,True
005270.jpg,63ط67828,63-Ta-678-28,0.8915,0.7001,"[419.0, 676.4, 876.4, 751.2]",True,0.9034180599168063,63ط67828,63-Ta-678-28,0.0,True
005275.jpg,45ط75918,45-Ta-759-18,0.8971,0.7261,"[367.4, 330.4, 955.5, 471.6]",True,0.9641019633524982,45ط75918,45-Ta-759-18,0.0,True
005276.jpg,28س39328,28-S-393-28,0.8514,0.741,"[571.0, 454.4, 877.2, 520.0]",True,0.82795825457644,28س39328,28-S-393-28,0.0,True
005277.jpg,31ط37918,31-Ta-379-18,0.9159,0.7481,"[416.0, 378.4, 908.0, 485.9]",True,0.9412364130434597,31ط37918,31-Ta-379-18,0.0,True
005316.jpg,15ط68718,15-Ta-687-18,0.8606,0.76,"[244.3, 232.9, 403.7, 273.2]",True,0.9346463630673142,15ط68718,15-Ta-687-18,0.0,True
005318.jpg,59ط24528,59-Ta-245-28,0.9038,0.7623,"[291.1, 415.0, 865.9, 629.8]",True,0.938570967947461,59ط24528,59-Ta-245-28,0.0,True
005321.jpg,29د53118,29-D-531-18,0.9244,0.7264,"[474.5, 217.5, 858.4, 357.3]",True,0.9629355522588001,29د53118,29-D-531-18,0.0,True
005325.jpg,95ص35618,95-Sad-356-18,0.8698,0.7105,"[392.0, 180.2, 562.9, 240.2]",True,0.8741954359273573,95ص35618,95-Sad-356-18,0.0,True
005336.jpg,58ب92597,58-B-925-97,0.8583,0.7448,"[579.1, 367.6, 672.8, 394.3]",True,0.5924200805113445,58ب92597,58-B-925-97,0.0,True
005336.jpg,92ن25433,92-N-254-33,0.8531,0.7687,"[125.1, 340.5, 244.4, 370.5]",True,0.7973063973062194,92ن25433,92-N-254-33,0.0,True
005338.jpg,99ی27311,99-Y-273-11,0.8629,0.7758,"[304.0, 378.0, 473.1, 453.4]",False,0.0,,,,False
005348.jpg,28م17777,28-M-177-77,0.8502,0.4552,"[355.5, 269.7, 426.0, 290.5]",True,0.6092230992934734,28م17177,28-M-171-77,1.0,False
005348.jpg,12ی35166,12-Y-351-66,0.7371,0.3405,"[141.5, 186.0, 176.2, 196.3]",True,0.8681210840168381,13ی25166,13-Y-251-66,2.0,False
005351.jpg,62و73877,62-V-738-77,0.7697,0.7412,"[293.3, 340.4, 436.8, 388.2]",True,0.8449157620433329,62و73877,62-V-738-77,0.0,True
005353.jpg,41ق79510,41-Gh-795-10,0.8844,0.7626,"[771.3, 252.7, 857.4, 292.2]",True,0.7616909294511173,41ق79510,41-Gh-795-10,0.0,True
005354.jpg,13ل94144,13-L-941-44,0.8792,0.7033,"[730.5, 267.7, 951.1, 378.8]",True,0.7860882673679906,13ل94144,13-L-941-44,0.0,True
005355.jpg,23م53211,23-M-532-11,0.8772,0.6454,"[608.8, 118.1, 860.9, 244.8]",True,0.7570947403351407,22م52211,22-M-522-11,2.0,False
005359.jpg,39ق42688,39-Gh-426-88,0.7493,0.7674,"[186.2, 304.2, 330.8, 366.4]",True,0.8373067023085818,39ق42688,39-Gh-426-88,0.0,True
005361.jpg,89ب21820,89-B-218-20,0.7906,0.7712,"[566.1, 140.9, 776.5, 221.6]",True,0.981718231519611,89ب21820,89-B-218-20,0.0,True
005362.jpg,53ق74755,53-Gh-747-55,0.8657,0.8012,"[615.8, 192.3, 819.6, 306.4]",True,0.8938527772438639,53ق74755,53-Gh-747-55,0.0,True
005379.jpg,92و47599,92-V-475-99,0.7894,0.6938,"[578.0, 194.1, 806.4, 272.9]",True,0.7043368684694278,92و47599,92-V-475-99,0.0,True
005397.jpg,47ص35155,47-Sad-351-55,0.8417,0.6982,"[557.7, 378.4, 788.3, 477.5]",True,0.9413601911352394,47ص35155,47-Sad-351-55,0.0,True
005404.jpg,56ج43620,56-J-436-20,0.8084,0.7344,"[596.2, 160.1, 816.8, 229.6]",True,0.7079000831101337,56ج43620,56-J-436-20,0.0,True
005417.jpg,27س82844,27-S-828-44,0.8466,0.7576,"[363.2, 245.3, 616.0, 330.7]",True,0.7927267386355,27س82844,27-S-828-44,0.0,True
005419.jpg,72و41211,72-V-412-11,0.7899,0.7346,"[616.4, 109.3, 755.7, 147.0]",True,0.5574957537154401,72و41211,72-V-412-11,0.0,True
005419.jpg,36ج32288,36-J-322-88,0.7814,0.7233,"[1175.2, 59.4, 1258.4, 79.1]",False,0.0,,,,False
005420.jpg,74و31288,74-V-312-88,0.8691,0.6729,"[245.1, 269.9, 428.3, 314.5]",True,0.5979742388758348,74و31288,74-V-312-88,0.0,True
005436.jpg,87ب76320,87-B-763-20,0.8743,0.7537,"[116.1, 582.1, 442.5, 655.0]",True,0.9030635573845075,87ب76320,87-B-763-20,0.0,True
005441.jpg,25ل94999,25-L-949-99,0.8849,0.7521,"[359.1, 428.8, 471.4, 454.7]",True,0.9213193544745063,25ل94999,25-L-949-99,0.0,True
005448.jpg,87م73410,87-M-734-10,0.8912,0.701,"[544.7, 405.8, 765.2, 456.9]",True,0.9745588384921141,87م73410,87-M-734-10,0.0,True
005461.jpg,41ل57210,41-L-572-10,0.8694,0.7533,"[472.4, 306.3, 547.0, 327.5]",True,0.9458851674635488,41ل57210,41-L-572-10,0.0,True
005468.jpg,63د37620,63-D-376-20,0.8245,0.6639,"[592.0, 410.4, 716.9, 444.4]",True,0.873067434210348,63د37620,63-D-376-20,0.0,True
005469.jpg,74د31538,74-D-315-38,0.8725,0.7227,"[544.5, 324.2, 791.0, 378.4]",True,0.9282833375345924,74د31538,74-D-315-38,0.0,True
005474.jpg,54م94316,54-M-943-16,0.8976,0.6991,"[491.4, 433.0, 706.8, 495.8]",True,0.8869835356410858,54م94316,54-M-943-16,0.0,True
005479.jpg,15ط48516,15-Ta-485-16,0.8877,0.6905,"[417.4, 549.9, 612.1, 593.4]",True,0.971801074371618,15ط48516,15-Ta-485-16,0.0,True
005480.jpg,32م21298,32-M-212-98,0.9027,0.7153,"[471.6, 365.3, 814.0, 489.1]",True,0.7853327404772348,32م21298,32-M-212-98,0.0,True
005486.jpg,66ن29810,66-N-298-10,0.8498,0.7521,"[505.2, 336.0, 715.8, 390.6]",True,0.7526454542733889,66ن29810,66-N-298-10,0.0,True
005488.jpg,45ج11798,45-J-117-98,0.879,0.734,"[549.2, 499.9, 833.4, 565.0]",True,0.9451802611691228,45ج11798,45-J-117-98,0.0,True
005490.jpg,23م65598,23-M-655-98,0.9003,0.7142,"[526.4, 347.0, 761.5, 400.0]",True,0.9215776971140686,23م65598,23-M-655-98,0.0,True
005498.jpg,13ن97998,13-N-979-98,0.8404,0.7467,"[602.5, 474.1, 706.7, 499.1]",True,0.7893939393937005,13ن97998,13-N-979-98,0.0,True
005500.jpg,15و59488,15-V-594-88,0.8769,0.6713,"[568.9, 358.2, 855.6, 410.1]",True,0.7497405668761465,15و59488,15-V-594-88,0.0,True
005505.jpg,32ج37798,32-J-377-98,0.9179,0.6831,"[459.7, 505.5, 905.5, 632.4]",True,0.8730232691076059,32ج37798,32-J-377-98,0.0,True
005508.jpg,29م21798,29-M-217-98,0.9008,0.7268,"[391.5, 341.9, 827.5, 434.3]",True,0.9286713744869615,29م21798,29-M-217-98,0.0,True
005516.jpg,79ج66798,79-J-667-98,0.8729,0.7585,"[230.1, 362.0, 387.2, 397.6]",True,0.8473878787877518,79ج66798,79-J-667-98,0.0,True
005516.jpg,89ل78788,89-L-787-88,0.7083,0.1552,"[951.1, 392.3, 1157.4, 441.8]",False,0.0,,,,False
005527.jpg,15ق39442,15-Gh-394-42,0.8564,0.7134,"[915.7, 624.2, 1003.7, 645.2]",True,0.8796390238688118,15ق39442,15-Gh-394-42,0.0,True
005531.jpg,38ل81388,38-L-813-88,0.898,0.7736,"[583.7, 550.4, 696.2, 602.5]",True,0.9215519770406715,38ل81388,38-L-813-88,0.0,True
005535.jpg,21ی57615,21-Y-576-15,0.6803,0.753,"[893.1, 552.1, 975.5, 572.3]",True,0.9521078376011424,21ی57615,21-Y-576-15,0.0,True
005547.jpg,94د61299,94-D-612-99,0.8832,0.7114,"[184.3, 399.5, 315.0, 429.4]",True,0.9467158553610224,94د61299,94-D-612-99,0.0,True
005549.jpg,81ی92699,81-Y-926-99,0.8815,0.7429,"[213.4, 430.0, 348.9, 462.6]",True,0.8408931520483138,81ی92699,81-Y-926-99,0.0,True
005555.jpg,51ع43979,51-Ein-439-79,0.8895,0.8993,"[215.1, 598.6, 364.4, 633.3]",True,0.800975572046875,51ع43979,51-Ein-439-79,0.0,True
005556.jpg,52ط48726,52-Ta-487-26,0.7358,0.6826,"[360.4, 518.3, 429.1, 535.7]",True,0.9092737328024573,52ط48726,52-Ta-487-26,0.0,True
005567.jpg,98ج11668,98-J-116-68,0.8564,0.7454,"[166.2, 289.3, 263.9, 312.2]",True,0.8913041579311267,98ج11668,98-J-116-68,0.0,True
005573.jpg,89س63738,89-S-637-38,0.8709,0.755,"[211.7, 527.8, 377.3, 566.9]",True,0.9147494670950442,89س63738,89-S-637-38,0.0,True
005587.jpg,12ج52774,12-J-527-74,0.8499,0.6747,"[711.1, 433.3, 783.8, 451.7]",True,0.9162191780815597,12ج52774,12-J-527-74,0.0,True
005611.jpg,31ج21561,31-J-215-61,0.8842,0.7366,"[429.9, 653.2, 603.8, 691.0]",True,0.8622989194043149,31ج21561,31-J-215-61,0.0,True
005616.jpg,65س94996,65-S-949-96,0.83,0.6171,"[372.3, 674.4, 465.9, 702.8]",True,0.8998435054769708,65ص94996,65-Sad-949-96,1.0,False
005619.jpg,15ل42815,15-L-428-15,0.8247,0.8036,"[1019.2, 657.4, 1108.7, 677.3]",True,0.9057634239197059,15ل42815,15-L-428-15,0.0,True
005621.jpg,14ق29168,14-Gh-291-68,0.8722,0.7062,"[230.4, 536.0, 400.9, 573.8]",True,0.9004559270515333,14ق29168,14-Gh-291-68,0.0,True
005623.jpg,79ط93578,79-Ta-935-78,0.8837,0.7503,"[231.4, 521.7, 397.1, 559.1]",True,0.9585004792500854,79ط93578,79-Ta-935-78,0.0,True
005626.jpg,86ج33120,86-J-331-20,0.8872,0.7018,"[399.8, 518.4, 625.8, 577.5]",True,0.9246551262101718,86ج33120,86-J-331-20,0.0,True
005627.jpg,29ص67511,29-Sad-675-11,0.9169,0.5841,"[367.6, 172.9, 722.1, 378.7]",True,0.970967284931551,29ص67511,29-Sad-675-11,0.0,True
005634.jpg,32ه75610,32-H-756-10,0.8866,0.7448,"[341.7, 5.4, 505.2, 63.5]",True,0.9558970228887901,32ه75610,32-H-756-10,0.0,True
005637.jpg,32ه75610,32-H-756-10,0.8866,0.7448,"[341.7, 5.4, 505.2, 63.5]",True,0.9372901526851906,32ه75610,32-H-756-10,0.0,True
005641.jpg,78ص13466,78-Sad-134-66,0.9167,0.3427,"[344.5, 127.8, 804.6, 351.1]",True,0.9525978529798352,78ص13466,78-Sad-134-66,0.0,True
005644.jpg,38ص74324,38-Sad-743-24,0.895,0.6995,"[412.0, 384.5, 761.0, 474.8]",True,0.9016880095083919,38ص74324,38-Sad-743-24,0.0,True
005647.jpg,83ب49144,83-B-491-44,0.8591,0.6887,"[326.5, 218.4, 581.5, 282.7]",True,0.9337542614131387,83ب49144,83-B-491-44,0.0,True
005656.jpg,52ب71699,52-B-716-99,0.9111,0.752,"[400.2, 427.8, 589.5, 490.4]",True,0.9626014119615941,52ب71699,52-B-716-99,0.0,True
005670.jpg,11ص59688,11-Sad-596-88,0.8903,0.7162,"[356.3, 405.8, 549.6, 469.2]",True,0.9840265242772815,11ص59688,11-Sad-596-88,0.0,True
005672.jpg,24و83366,24-V-833-66,0.885,0.6813,"[101.1, 458.4, 457.8, 578.4]",True,0.9607994571113251,24و83366,24-V-833-66,0.0,True
005674.jpg,97ق43610,97-Gh-436-10,0.8928,0.6928,"[453.4, 284.8, 699.1, 423.0]",True,0.9548772593815117,97ق43610,97-Gh-436-10,0.0,True
005677.jpg,66ع94323,66-Ein-943-23,0.9001,0.6446,"[333.7, 561.4, 640.8, 630.1]",True,0.963471213622755,66ع94323,66-Ein-943-23,0.0,True
005679.jpg,46ی39999,46-Y-399-99,0.916,0.7851,"[102.8, 612.6, 480.4, 792.6]",True,0.9775140698501252,46ی39999,46-Y-399-99,0.0,True
005700.jpg,47ن93822,47-N-938-22,0.8752,0.7914,"[205.8, 382.6, 550.7, 473.6]",True,0.9543291674113105,47ن93822,47-N-938-22,0.0,True
005703.jpg,76و86588,76-V-865-88,0.8968,0.7427,"[286.5, 322.2, 485.7, 369.9]",True,0.9428327321002541,76و86588,76-V-865-88,0.0,True
005715.jpg,66ط75768,66-Ta-757-68,0.8894,0.7042,"[157.8, 464.3, 499.3, 578.4]",True,0.804030442458441,66ط75768,66-Ta-757-68,0.0,True
005721.jpg,56و68938,56-V-689-38,0.91,0.7206,"[266.4, 351.2, 715.9, 457.3]",True,0.8495726227631127,56و68938,56-V-689-38,0.0,True
005735.jpg,51و35799,51-V-357-99,0.8541,0.7608,"[995.5, 175.4, 1118.7, 214.2]",True,0.9604294569359992,51و35799,51-V-357-99,0.0,True
005735.jpg,73ص65999,73-Sad-659-99,0.8503,0.6908,"[351.7, 288.8, 521.2, 330.8]",True,0.9568886949786699,73ص65999,73-Sad-659-99,0.0,True
005738.jpg,75و92911,75-V-929-11,0.8708,0.7098,"[28.8, 247.5, 142.4, 273.4]",True,0.9134359322031058,75و92911,75-V-929-11,0.0,True
005738.jpg,32ب48788,32-B-487-88,0.866,0.7429,"[520.9, 342.6, 642.2, 370.1]",True,0.9394800058469277,32ب48788,32-B-487-88,0.0,True
005738.jpg,67ی95110,67-Y-951-10,0.8403,0.7868,"[1143.0, 283.6, 1258.1, 310.5]",True,0.9616240159472536,67ی95110,67-Y-951-10,0.0,True
005739.jpg,36م67455,36-M-674-55,0.8625,0.7525,"[923.7, 340.6, 1069.2, 380.6]",True,0.96030708258716,36م67455,36-M-674-55,0.0,True
005753.jpg,58ط48510,58-Ta-485-10,0.878,0.7167,"[1014.8, 318.9, 1175.4, 354.2]",True,0.9327895483298082,58ط48510,58-Ta-485-10,0.0,True
005753.jpg,79و92777,79-V-927-77,0.8733,0.7726,"[266.1, 248.9, 399.3, 280.6]",True,0.9545430942433955,79و92777,79-V-927-77,0.0,True
005754.jpg,59ط29311,59-Ta-293-11,0.8818,0.7466,"[912.2, 302.9, 1088.0, 351.1]",True,0.9434114425588898,59ط29311,59-Ta-293-11,0.0,True
005754.jpg,34ن65411,34-N-654-11,0.8681,0.711,"[98.7, 343.4, 298.1, 388.1]",True,0.9340177446172996,34ن65411,34-N-654-11,0.0,True
005759.jpg,79ط85522,79-Ta-855-22,0.8563,0.7677,"[1001.8, 254.0, 1112.1, 279.5]",True,0.9888233982910472,79ط85522,79-Ta-855-22,0.0,True
005759.jpg,47ج89220,47-J-892-20,0.8435,0.7241,"[515.1, 273.9, 624.9, 300.5]",True,0.9366986892009833,47ج89220,47-J-892-20,0.0,True
005759.jpg,16د51110,16-D-511-10,0.7798,0.6894,"[104.4, 273.6, 198.3, 295.7]",True,0.9035169976064678,16د51110,16-D-511-10,0.0,True
005760.jpg,57و37410,57-V-374-10,0.8497,0.6915,"[705.9, 138.0, 809.8, 163.0]",True,0.9335500881983771,57و37410,57-V-374-10,0.0,True
005760.jpg,94ج41446,94-J-414-46,0.8454,0.7302,"[242.9, 147.6, 352.2, 172.8]",True,0.9272988075922051,94ج41446,94-J-414-46,0.0,True
005760.jpg,89م86699,89-M-866-99,0.8412,0.6584,"[1095.3, 197.7, 1183.7, 221.6]",True,0.9422709934208421,89م86699,89-M-866-99,0.0,True
005763.jpg,48م77329,48-M-773-29,0.8662,0.6755,"[442.0, 660.0, 783.3, 745.6]",True,0.998535013184846,48م77329,48-M-773-29,0.0,True
005764.jpg,25د49310,25-D-493-10,0.8904,0.6898,"[627.1, 383.1, 829.1, 467.2]",True,0.9806851597011792,25د49310,25-D-493-10,0.0,True
005774.jpg,41ص41816,41-Sad-418-16,0.866,0.7501,"[363.3, 371.6, 451.7, 394.7]",True,0.9582403074858058,41ص41816,41-Sad-418-16,0.0,True
005780.jpg,36ل45216,36-L-452-16,0.7069,0.7094,"[329.3, 456.7, 438.3, 479.5]",True,0.8183437098233919,36ل45216,36-L-452-16,0.0,True
005783.jpg,25د71916,25-D-719-16,0.8788,0.7265,"[378.6, 415.1, 484.3, 453.4]",True,0.9161814288274119,25د71916,25-D-719-16,0.0,True
005799.jpg,22ت82916,22-T-829-16,0.8508,0.8197,"[296.2, 333.7, 402.5, 358.6]",True,0.9628387672491971,22ت82916,22-T-829-16,0.0,True
005803.jpg,11ن44316,11-N-443-16,0.8657,0.6846,"[279.1, 428.6, 365.9, 452.5]",True,0.9641349543451778,11ن44316,11-N-443-16,0.0,True
005809.jpg,61ن74416,61-N-744-16,0.8641,0.6806,"[412.9, 417.1, 507.5, 441.5]",True,0.9506894910430861,61ن74416,61-N-744-16,0.0,True
005814.jpg,93م67816,93-M-678-16,0.8529,0.4856,"[268.4, 477.6, 332.2, 496.8]",True,0.9628294237824607,93م67816,93-M-678-16,0.0,True
005815.jpg,14ط28316,14-Ta-283-16,0.8603,0.7664,"[341.1, 392.5, 452.7, 418.2]",True,0.9577936336034517,14ط28316,14-Ta-283-16,0.0,True
005824.jpg,59س57610,59-S-576-10,0.8505,0.7948,"[272.5, 419.4, 355.4, 437.5]",True,0.906838465171164,59س57610,59-S-576-10,0.0,True
005828.jpg,83د31358,83-D-313-58,0.8586,0.6833,"[356.5, 320.9, 425.5, 342.2]",True,0.9080869993265519,83د31358,83-D-313-58,0.0,True
005831.jpg,31ص14216,31-Sad-142-16,0.8558,0.7955,"[347.4, 427.7, 425.6, 446.3]",True,0.9560271532110741,31ص14216,31-Sad-142-16,0.0,True
005835.jpg,48ه42591,48-H-425-91,0.8667,0.7536,"[392.8, 493.1, 522.9, 523.3]",True,0.9378358185348127,48ه42591,48-H-425-91,0.0,True
005852.jpg,66و21116,66-V-211-16,0.8841,0.7302,"[701.1, 509.0, 852.4, 549.5]",True,0.9469358114286286,66و21116,66-V-211-16,0.0,True
005852.jpg,41و42816,41-V-428-16,0.8511,0.7417,"[144.4, 426.8, 249.0, 450.9]",True,0.9211846412700349,41و42816,41-V-428-16,0.0,True
005861.jpg,28ت72116,28-T-721-16,0.8758,0.8189,"[381.3, 428.1, 491.2, 454.1]",True,0.9489687912368386,28ت72116,28-T-721-16,0.0,True
005868.jpg,28س99211,28-S-992-11,0.8853,0.5151,"[317.8, 323.4, 382.4, 354.0]",True,0.8724224683809844,38س99211,38-S-992-11,1.0,False
005871.jpg,14ط66116,14-Ta-661-16,0.8295,0.7396,"[478.4, 370.2, 566.4, 392.5]",True,0.8597128983464741,14ط66116,14-Ta-661-16,0.0,True
005878.jpg,47ص85716,47-Sad-857-16,0.8688,0.6197,"[450.4, 331.7, 534.5, 353.9]",True,0.8734610399290618,47ص85716,47-Sad-857-16,0.0,True
005879.jpg,57ص34216,57-Sad-342-16,0.7928,0.5251,"[369.7, 397.7, 467.9, 419.8]",True,0.9021431138154496,57س34216,57-S-342-16,1.0,False
005880.jpg,71ب94316,71-B-943-16,0.871,0.7642,"[387.6, 448.6, 488.5, 471.8]",True,0.897384334633066,71ب94316,71-B-943-16,0.0,True
005892.jpg,74ب94816,74-B-948-16,0.8847,0.7165,"[360.6, 177.2, 470.0, 211.5]",True,0.9767460272807602,74ب94816,74-B-948-16,0.0,True
005896.jpg,71ق71216,71-Gh-712-16,0.8579,0.6306,"[347.2, 308.7, 433.8, 329.8]",True,0.9500466962773406,71ق71216,71-Gh-712-16,0.0,True
005904.jpg,56د83716,56-D-837-16,0.8709,0.6924,"[365.1, 319.1, 463.1, 347.5]",True,0.9186210257371032,56د83716,56-D-837-16,0.0,True
005912.jpg,47ج97766,47-J-977-66,0.8773,0.6831,"[507.3, 410.9, 601.2, 437.5]",True,0.9332494147917775,47ج97766,47-J-977-66,0.0,True
005916.jpg,89و25316,89-V-253-16,0.8858,0.7179,"[336.2, 412.7, 430.7, 439.2]",True,0.9300262785047776,89و25316,89-V-253-16,0.0,True
005918.jpg,49ن53329,49-N-533-29,0.8605,0.7537,"[363.4, 317.7, 449.5, 340.2]",True,0.943694017731431,49ن53329,49-N-533-29,0.0,True
005921.jpg,35ق23816,35-Gh-238-16,0.8852,0.7073,"[432.7, 413.2, 526.5, 439.9]",True,0.9548856127516236,35ق23816,35-Gh-238-16,0.0,True
005925.jpg,84د14916,84-D-149-16,0.8988,0.6938,"[411.1, 379.9, 502.8, 410.9]",True,0.9609214298443794,84د14916,84-D-149-16,0.0,True
005926.jpg,38ج16816,38-J-168-16,0.8836,0.7427,"[502.0, 359.3, 593.9, 392.2]",True,0.9422932743321684,38ج16816,38-J-168-16,0.0,True
005933.jpg,97ق28616,97-Gh-286-16,0.854,0.7326,"[387.1, 355.0, 470.2, 374.2]",True,0.9327324940758226,97ق28616,97-Gh-286-16,0.0,True
005935.jpg,97س97516,97-S-975-16,0.878,0.7909,"[426.9, 325.7, 521.3, 348.0]",True,0.9219977597766807,97س97516,97-S-975-16,0.0,True
005941.jpg,79ط68588,79-Ta-685-88,0.8858,0.7755,"[838.7, 527.3, 930.2, 552.1]",True,0.9347513941292394,79ط68588,79-Ta-685-88,0.0,True
005941.jpg,46د47455,46-D-474-55,0.8637,0.6976,"[268.6, 497.1, 411.4, 529.8]",True,0.8799278696677788,46د47455,46-D-474-55,0.0,True
005960.jpg,64ص14916,64-Sad-149-16,0.8984,0.7614,"[199.7, 70.2, 357.0, 108.0]",True,0.9377039870491168,64ص14916,64-Sad-149-16,0.0,True
005962.jpg,71ق51816,71-Gh-518-16,0.9163,0.7021,"[125.8, 312.2, 466.7, 535.2]",True,0.957437754605595,71ق51816,71-Gh-518-16,0.0,True
005966.jpg,36م75916,36-M-759-16,0.803,0.6192,"[255.5, 585.1, 371.8, 614.8]",True,0.8512039815557985,46م75916,46-M-759-16,1.0,False
005966.jpg,22ز54421,22-Z-544-21,0.7495,0.1736,"[595.2, 977.9, 719.0, 1116.3]",False,0.0,,,,False
005967.jpg,46م75916,46-M-759-16,0.849,0.7081,"[220.5, 587.1, 342.3, 615.0]",True,0.810837508947551,46م75916,46-M-759-16,0.0,True
005967.jpg,55ل52222,55-L-522-22,0.8229,0.1177,"[567.7, 981.0, 719.0, 1123.2]",False,0.0,,,,False
005975.jpg,45ق12173,45-Gh-121-73,0.9179,0.7607,"[431.0, 256.6, 894.1, 417.1]",True,0.9629168286047285,45ق12173,45-Gh-121-73,0.0,True
005993.jpg,77ل33616,77-L-336-16,0.8735,0.7695,"[406.4, 305.3, 555.7, 345.2]",True,0.9107364731625405,77ل33616,77-L-336-16,0.0,True
005995.jpg,56س25544,56-S-255-44,0.8133,0.5365,"[306.4, 97.1, 958.9, 521.8]",True,0.9012479529326106,56س25516,56-S-255-16,2.0,False
006001.jpg,17س11816,17-S-118-16,0.912,0.7114,"[234.7, 133.8, 850.1, 403.7]",True,0.9664354065489571,17س11816,17-S-118-16,0.0,True
006004.jpg,64ص14916,64-Sad-149-16,0.8936,0.7618,"[491.9, 174.6, 877.3, 265.5]",True,0.903286166549294,64ص14916,64-Sad-149-16,0.0,True
006007.jpg,71ق47816,71-Gh-478-16,0.8921,0.7525,"[492.7, 489.6, 702.3, 541.8]",True,0.9359090228320069,71ق47816,71-Gh-478-16,0.0,True
006008.jpg,22ج27316,22-J-273-16,0.8803,0.7248,"[289.1, 577.7, 407.3, 615.5]",True,0.9308249999998047,22ج27316,22-J-273-16,0.0,True
006009.jpg,85ب72116,85-B-721-16,0.8488,0.7034,"[248.1, 480.8, 355.0, 519.0]",True,0.8920008737437967,85ب72116,85-B-721-16,0.0,True
006035.jpg,98ب59716,98-B-597-16,0.8782,0.7504,"[246.8, 575.5, 530.0, 648.6]",True,0.921707154697448,98ب59716,98-B-597-16,0.0,True
006042.jpg,36م93616,36-M-936-16,0.8807,0.7131,"[981.5, 448.0, 1218.5, 501.0]",True,0.9016959557976458,36م93616,36-M-936-16,0.0,True
006053.jpg,64ب98818,64-B-988-18,0.9096,0.6892,"[614.2, 480.8, 1072.0, 609.6]",True,0.9267043354279815,64ب98818,64-B-988-18,0.0,True
006054.jpg,55ط48818,55-Ta-488-18,0.9129,0.7337,"[292.1, 486.7, 846.2, 668.4]",True,0.8620069309711582,55ط48818,55-Ta-488-18,0.0,True
006062.jpg,93ب69618,93-B-696-18,0.8921,0.7077,"[454.3, 440.6, 855.7, 546.4]",True,0.8763422334155759,93ب69618,93-B-696-18,0.0,True
006075.jpg,57ص83218,57-Sad-832-18,0.867,0.7113,"[428.6, 453.4, 814.1, 525.0]",True,0.8535675209587475,57ص83218,57-Sad-832-18,0.0,True
006077.jpg,56ص53118,56-Sad-531-18,0.8834,0.6706,"[250.0, 435.2, 812.5, 576.2]",True,0.917490890161364,56ص53118,56-Sad-531-18,0.0,True
006079.jpg,65د36218,65-D-362-18,0.8669,0.678,"[450.5, 525.2, 848.8, 611.4]",True,0.8455017350421201,65د36218,65-D-362-18,0.0,True
006082.jpg,18س62418,18-S-624-18,0.8738,0.7785,"[508.1, 498.5, 822.5, 575.2]",True,0.9426526371971168,18س62418,18-S-624-18,0.0,True
006083.jpg,75د94818,75-D-948-18,0.8781,0.6372,"[574.7, 356.5, 875.5, 431.3]",True,0.8119527187759913,75د94818,75-D-948-18,0.0,True
006087.jpg,88س54418,88-S-544-18,0.8991,0.7601,"[435.6, 580.5, 997.1, 696.9]",True,0.9643489939544997,88س54418,88-S-544-18,0.0,True
006092.jpg,84ج61218,84-J-612-18,0.9173,0.707,"[678.4, 343.9, 1084.4, 507.7]",True,0.7660429335306063,84ج61218,84-J-612-18,0.0,True
006100.jpg,15د36918,15-D-369-18,0.9016,0.6687,"[394.4, 421.4, 912.7, 507.2]",True,0.9276772182787861,15د36918,15-D-369-18,0.0,True
006102.jpg,37و39173,37-V-391-73,0.8467,0.5853,"[445.9, 491.2, 913.1, 575.2]",True,0.8028805237315718,37و39173,37-V-391-73,0.0,True
006103.jpg,26ص72918,26-Sad-729-18,0.8922,0.3673,"[434.2, 391.5, 897.8, 484.3]",True,0.9402406992446387,26ص72918,26-Sad-729-18,0.0,True
006104.jpg,42د31920,42-D-319-20,0.8943,0.7608,"[432.1, 530.7, 576.3, 581.7]",True,0.970055349818691,42د31920,42-D-319-20,0.0,True
006112.jpg,37ج65666,37-J-656-66,0.8353,0.7165,"[424.4, 508.4, 530.7, 533.5]",True,0.8905974916802037,37ج65666,37-J-656-66,0.0,True
006114.jpg,77ن18255,77-N-182-55,0.8751,0.7911,"[468.3, 359.5, 598.1, 395.6]",True,0.9314600173353773,77ن18255,77-N-182-55,0.0,True
006125.jpg,52ط58755,52-Ta-587-55,0.8728,0.7248,"[382.6, 583.3, 510.7, 611.9]",True,0.9486801444983476,52ط58755,52-Ta-587-55,0.0,True
006127.jpg,93ب25410,93-B-254-10,0.8931,0.728,"[415.1, 690.2, 657.6, 746.3]",True,0.8866543112464277,93ب25410,93-B-254-10,0.0,True
006131.jpg,19د92466,19-D-924-66,0.8623,0.665,"[503.0, 406.5, 604.9, 430.0]",True,0.8841896387366972,19د92466,19-D-924-66,0.0,True
006145.jpg,25ل42599,25-L-425-99,0.8789,0.8014,"[525.2, 450.3, 619.1, 478.7]",True,0.9301091911968362,25ل42599,25-L-425-99,0.0,True
006148.jpg,77ن18255,77-N-182-55,0.8972,0.7949,"[579.3, 643.4, 711.9, 681.9]",True,0.9013859579077738,77ن18255,77-N-182-55,0.0,True
006160.jpg,99و44233,99-V-442-33,0.8953,0.7457,"[516.3, 283.6, 679.3, 325.7]",True,0.9623720173378215,99و44233,99-V-442-33,0.0,True
006171.jpg,79ص15188,79-Sad-151-88,0.8835,0.6458,"[536.4, 466.9, 637.5, 496.5]",True,0.9356537546445372,79ص15188,79-Sad-151-88,0.0,True
006172.jpg,44د56933,44-D-569-33,0.8238,0.7072,"[548.5, 423.9, 602.7, 437.5]",True,0.9352895295971887,44د56933,44-D-569-33,0.0,True
006173.jpg,27ه78468,27-H-784-68,0.9043,0.7758,"[514.2, 349.3, 631.5, 395.3]",True,0.9729174179587143,27ه78468,27-H-784-68,0.0,True
006176.jpg,75ی54899,75-Y-548-99,0.8627,0.7442,"[506.3, 401.0, 627.7, 434.9]",True,0.8862939361222293,75ی54899,75-Y-548-99,0.0,True
006179.jpg,77ق91110,77-Gh-911-10,0.889,0.733,"[321.9, 641.5, 491.0, 680.1]",True,0.9225478149780747,77ق91110,77-Gh-911-10,0.0,True
006180.jpg,68ل15640,68-L-156-40,0.9121,0.5722,"[358.4, 397.9, 650.1, 530.3]",True,0.9666102391694497,68ل15640,68-L-156-40,0.0,True
006181.jpg,99ب69777,99-B-697-77,0.8824,0.7306,"[469.0, 546.1, 594.4, 587.0]",True,0.9691723356007219,99ب69777,99-B-697-77,0.0,True
006184.jpg,75س37255,75-S-372-55,0.8043,0.641,"[401.5, 410.3, 497.0, 430.0]",True,0.8740391003127668,75س37255,75-S-372-55,0.0,True
006185.jpg,28ط99888,28-Ta-998-88,0.875,0.7485,"[446.2, 495.6, 523.9, 522.4]",True,0.8173418621175912,28ط99888,28-Ta-998-88,0.0,True
006188.jpg,54د65940,54-D-659-40,0.877,0.6887,"[501.9, 377.5, 643.3, 418.7]",True,0.9782301194916901,54د65940,54-D-659-40,0.0,True
006190.jpg,26س62123,26-S-621-23,0.9073,0.6387,"[510.0, 283.0, 654.4, 335.3]",True,0.8533468926552714,26س62122,26-S-621-22,1.0,False
006216.jpg,22ص56340,22-Sad-563-40,0.8308,0.6774,"[311.4, 443.0, 421.0, 468.2]",True,0.9555106167842932,22ص56340,22-Sad-563-40,0.0,True
006219.jpg,96س44510,96-S-445-10,0.8516,0.3308,"[550.2, 542.6, 605.7, 562.8]",True,0.8982249576301,96ص44510,96-Sad-445-10,1.0,False
006222.jpg,65ی79253,65-Y-792-53,0.8941,0.756,"[376.4, 346.4, 628.6, 402.6]",True,0.9277455060559179,65ی79253,65-Y-792-53,0.0,True
006228.jpg,61م14254,61-M-142-54,0.8795,0.721,"[479.3, 401.4, 552.1, 426.9]",True,0.9228866489389852,61م14254,61-M-142-54,0.0,True
006240.jpg,36س46888,36-S-468-88,0.9032,0.6986,"[550.5, 398.3, 697.5, 444.0]",True,0.9201342281877919,36س46888,36-S-468-88,0.0,True
