filename,label
1.jpg,98ع89511
2.jpg,19ش24611
3.jpg,25ت71433
5.jpg,44ه67355
6.jpg,68ث81811
8.jpg,74ج82499
9.jpg,67ژ18611
10.jpg,99س85855
11.jpg,64س29988
12.jpg,51ژ66416
13.jpg,11ژ14452
14.jpg,57ژ46711
15.jpg,14ی73233
17.jpg,93م78755
18.jpg,79م32710
22.jpg,46ن25655
23.jpg,69ن83321
24.jpg,11ژ57816
25.jpg,11ژ23818
27.jpg,41و23455
28.jpg,19آ36322
29.jpg,12آ28211
30.jpg,12آ33219
32.jpg,72ص58388
35.jpg,11آ32898
36.jpg,12آ79498
37.jpg,11آ75898
38.jpg,77ق24711
39.jpg,94ل81710
41.jpg,11آ47898
42.jpg,67آ92511
43.jpg,78ل24244
44.jpg,78ل24244
45.jpg,68ب54410
46.jpg,54ب19244
48.jpg,11آ94698
49.jpg,15آ11531
50.jpg,68ب31699
51.jpg,27ب69677
52.jpg,59د35510
53.jpg,97د72488
55.jpg,16آ96223
56.jpg,18د52633
57.jpg,13د19955
58.jpg,52د87611
59.jpg,12آ81111
60.jpg,11آ47271
63.jpg,14آ28818
64.jpg,12آ41118
65.jpg,12آ68418
66.jpg,98ع89511
67.jpg,34ع25716
68.jpg,11ع76316
69.jpg,88ع18678
70.jpg,54ع99425
71.jpg,35ع34155
72.jpg,42ع55944
73.jpg,95ع69462
74.jpg,71ع21778
75.jpg,57ع36291
76.jpg,11ع32155
77.jpg,55ع73842
78.jpg,14ع33725
80.jpg,76ع74911
81.jpg,67ع77379
82.jpg,36ع74586
83.jpg,81ع42478
84.jpg,27ع69687
86.jpg,12ع58342
88.jpg,79ع88617
89.jpg,42ع27547
90.jpg,71ع34479
91.jpg,71ع17278
92.jpg,56ع16651
93.jpg,28ع66655
95.jpg,42ع63168
96.jpg,26ع55426
98.jpg,52ع71332
100.jpg,14ع77226
101.jpg,74ع58132
103.jpg,76ع33519
105.jpg,53ع66877
106.jpg,44ع76855
107.jpg,72ع64668
108.jpg,68ع43519
111.jpg,56ع96819
112.jpg,21ع91429
113.jpg,29ع57378
115.jpg,19ع42719
116.jpg,76ع91222
117.jpg,49ع69244
118.jpg,81ع27744
120.jpg,12ع81911
122.jpg,12ع79911
124.jpg,12ع81111
126.jpg,94ع54533
127.jpg,99ع52844
128.jpg,22ع76878
129.jpg,68ع31311
130.jpg,29ع75828
131.jpg,65ع56411
132.jpg,12ع99598
133.jpg,12ع85898
134.jpg,86ع77322
136.jpg,47ع61716
137.jpg,47ع61716
138.jpg,24ع85855
139.jpg,27ع51798
140.jpg,78ع24731
141.jpg,78ع24731
143.jpg,21ع66898
144.jpg,24ع49398
147.jpg,97ع46232
148.jpg,22ع82155
149.jpg,15ع65478
150.jpg,15ع65478
151.jpg,94ع17544
152.jpg,13ع49444
153.jpg,15ع65478
154.jpg,94ع58422
155.jpg,38ع48115
156.jpg,18ع44111
158.jpg,27ع56724
159.jpg,81ع72932
160.jpg,72ع31442
161.jpg,46ع89711
162.jpg,52ع35813
163.jpg,84ع23512
164.jpg,94ع92212
165.jpg,95ع79712
166.jpg,57ع28143
169.jpg,52ع79544
170.jpg,41ع58855
171.jpg,67ع59414
173.jpg,83ع71833
174.jpg,48ع83647
176.jpg,65ع87622
177.jpg,94ع89944
178.jpg,59ع12611
179.jpg,94ع17544
180.jpg,69ع12811
181.jpg,45ع56323
182.jpg,39ع63211
183.jpg,12ع25244
184.jpg,79ع23478
186.jpg,25ع22968
187.jpg,64ع93578
188.jpg,29ع24478
190.jpg,48ع83647
192.jpg,81ع69222
193.jpg,35ع38216
194.jpg,15ع65478
196.jpg,24ع67955
197.jpg,65ع57544
198.jpg,65ع57544
200.jpg,53ع11144
201.jpg,53ع11144
202.jpg,19ع39943
203.jpg,56ع21991
204.jpg,48ع98471
205.jpg,94ع54533
206.jpg,21ع89827
207.jpg,98ع98717
208.jpg,89ع66825
209.jpg,35ع98718
210.jpg,44ع85316
211.jpg,51ع62218
212.jpg,25ت71433
214.jpg,18ت26216
215.jpg,33ت12616
218.jpg,86ت54568
219.jpg,44ت18715
220.jpg,27ت67968
222.jpg,45ت28368
223.jpg,54ت93419
224.jpg,27ت66219
225.jpg,48ت41419
226.jpg,29ت91619
227.jpg,29ت41211
229.jpg,46ت63722
230.jpg,41ت58913
231.jpg,31ت21111
232.jpg,48ت92419
233.jpg,16ت63619
234.jpg,23ت26519
235.jpg,25ت27711
236.jpg,76ت78133
237.jpg,49ت46133
238.jpg,88ت45633
239.jpg,15ت74111
240.jpg,75ت46622
241.jpg,75ت64622
242.jpg,11ت53411
243.jpg,63ت48422
244.jpg,82ت29833
246.jpg,39ت69722
247.jpg,54ت37322
249.jpg,73ت46433
251.jpg,44ت24463
252.jpg,54ت41422
253.jpg,22ت21911
254.jpg,47ت67163
255.jpg,16ت74863
257.jpg,17ت44811
258.jpg,13ت21322
259.jpg,62ت38722
260.jpg,83ت18833
261.jpg,34ت62622
262.jpg,14ت59822
263.jpg,82ت73722
265.jpg,51ت98622
267.jpg,16ت55433
268.jpg,95ت74533
269.jpg,56ت58633
270.jpg,75ت15922
272.jpg,71ت57322
273.jpg,24ت25333
274.jpg,92ت12833
275.jpg,16ت57616
276.jpg,16ت68698
277.jpg,16ت61198
278.jpg,29ت54416
279.jpg,26ت92133
281.jpg,47ت85863
282.jpg,38ت53763
283.jpg,43ت37463
285.jpg,66ت16933
287.jpg,51ت45422
288.jpg,27ت52216
289.jpg,67ت86622
290.jpg,56ت94733
291.jpg,64ت83833
294.jpg,77ت92622
295.jpg,32ت25533
296.jpg,45ت42622
297.jpg,73ت96633
300.jpg,73ت86733
301.jpg,35ت25622
302.jpg,69ت69833
303.jpg,81ت74133
305.jpg,18ت66122
306.jpg,16ت44511
307.jpg,48ت63912
308.jpg,71ت11912
309.jpg,19ت45511
310.jpg,84ت42933
314.jpg,16ت65133
315.jpg,32ت21712
317.jpg,53ت89522
319.jpg,82ت18733
320.jpg,27ت51922
321.jpg,34ت76922
322.jpg,97ت58333
323.jpg,69ت67232
324.jpg,71ت82222
325.jpg,14ت26914
326.jpg,61ت19268
329.jpg,76ت18122
330.jpg,85ت72633
331.jpg,26ت44822
332.jpg,51ت32322
333.jpg,68ت72122
334.jpg,96ت37933
335.jpg,36ت98822
336.jpg,56ت56833
338.jpg,33ت64322
339.jpg,45ت87733
340.jpg,82ت57622
343.jpg,66ت28133
344.jpg,96ت89968
346.jpg,44ت25822
347.jpg,44ت69622
351.jpg,37ت58922
352.jpg,16ت84533
353.jpg,93ت57132
355.jpg,97ت82633
356.jpg,69ت57222
358.jpg,66ت11832
359.jpg,74ت13522
360.jpg,39ت62522
361.jpg,87ت42732
362.jpg,65ت44622
363.jpg,57ت19822
365.jpg,32ت25533
366.jpg,54ت64233
367.jpg,28ت88616
368.jpg,77ت81333
369.jpg,13ت53422
370.jpg,47ت97622
371.jpg,78ت45933
372.jpg,75ت43122
374.jpg,77ت68333
376.jpg,65ت32533
377.jpg,55ت98533
378.jpg,81ت35822
379.jpg,54ت88622
380.jpg,67ت54522
381.jpg,61ت68922
382.jpg,37ت72414
384.jpg,65ت85833
385.jpg,86ت18968
386.jpg,25ت69933
388.jpg,19ت13278
389.jpg,19ت21278
390.jpg,32ت41214
391.jpg,32ت42311
393.jpg,14ت26914
394.jpg,91ت42468
395.jpg,36ت72214
396.jpg,15ت99768
399.jpg,42ت62222
400.jpg,91ت42468
401.jpg,46ت27533
402.jpg,44ت15714
403.jpg,32ت41214
404.jpg,32ت21712
406.jpg,84ت99768
407.jpg,42ت91168
408.jpg,17ت21411
409.jpg,28ت92711
411.jpg,44ت33621
412.jpg,94ت93533
413.jpg,67ت81133
414.jpg,74ت16244
415.jpg,49ت44368
416.jpg,12ت75211
419.jpg,41ت27833
420.jpg,62ت79733
421.jpg,75ت57422
422.jpg,25ت59133
423.jpg,63ت63122
424.jpg,39ت48433
425.jpg,84ت24622
428.jpg,25ت89216
429.jpg,34ت18661
430.jpg,24ت51316
431.jpg,31ت74116
432.jpg,31ت46418
433.jpg,27ت57718
435.jpg,14ی73233
437.jpg,16ی64277
438.jpg,61ی23711
442.jpg,71ی16974
443.jpg,73ی34174
444.jpg,98ی81432
445.jpg,62ی49712
446.jpg,94ی61974
448.jpg,24ی22299
450.jpg,29ی37811
451.jpg,49ی22625
452.jpg,87ی94477
454.jpg,58ی52510
455.jpg,36ی51638
456.jpg,52ی74766
457.jpg,67ی81244
458.jpg,28ی27810
459.jpg,39ی77822
460.jpg,99ی99115
461.jpg,44ی61615
462.jpg,87ی75568
463.jpg,63ی68999
464.jpg,14ی62720
465.jpg,33ی29799
466.jpg,25ی63155
467.jpg,65ی51710
468.jpg,93ی33910
469.jpg,22ی23744
470.jpg,21ی75213
472.jpg,98ی38122
473.jpg,29ی23723
474.jpg,19ی91110
475.jpg,84ی61488
476.jpg,89ی74213
477.jpg,84ی75813
478.jpg,55ی72311
483.jpg,76ی96291
486.jpg,91ی47544
488.jpg,29ی48522
489.jpg,39ی12288
490.jpg,38ی15999
491.jpg,42ی12111
492.jpg,63ی37377
494.jpg,61ی32422
495.jpg,89ی95699
496.jpg,61ی57810
497.jpg,94ی13510
498.jpg,32ی79655
499.jpg,58ی71355
500.jpg,86ی96388
501.jpg,41ی13299
502.jpg,33ی11699
503.jpg,49ی69633
504.jpg,16ی65222
505.jpg,33ی68510
506.jpg,52ی95866
507.jpg,82ی65910
509.jpg,23ی57276
510.jpg,99ی24855
511.jpg,66ی45110
512.jpg,75ی96444
513.jpg,18ی94933
514.jpg,49ی69633
515.jpg,58ی71355
516.jpg,31ی13733
517.jpg,89ی17763
519.jpg,78ی15663
521.jpg,77ی45263
522.jpg,22ی22363
524.jpg,16ی14299
527.jpg,34ی35663
528.jpg,64ی69763
529.jpg,62ی29163
531.jpg,95ی29299
532.jpg,65ی82611
533.jpg,14ی81383
534.jpg,58ی77344
535.jpg,58ی36488
536.jpg,89ی48211
537.jpg,65ی82611
538.jpg,21ی83488
539.jpg,93ی32144
541.jpg,71ی56855
542.jpg,86ی69555
544.jpg,74ی33723
545.jpg,99ی66111
546.jpg,39ی23721
547.jpg,31ی13455
548.jpg,96ی45110
549.jpg,39ی28988
550.jpg,27ی94822
551.jpg,39ی28988
553.jpg,91ی36388
554.jpg,75ی77210
555.jpg,15ی48877
557.jpg,16ی43810
560.jpg,44ی27133
561.jpg,37ی36899
562.jpg,59ی26466
563.jpg,84ی51655
564.jpg,96ی31610
565.jpg,66ی38623
566.jpg,36ی38511
567.jpg,76ی97688
568.jpg,72ی85724
569.jpg,41ی34413
570.jpg,62ی63711
571.jpg,21ی65777
572.jpg,93ی57410
573.jpg,45ی71677
576.jpg,82ی45810
577.jpg,47ی13178
578.jpg,98ی68510
579.jpg,26ی77711
580.jpg,21ی52333
582.jpg,63ی85455
583.jpg,95ی62910
586.jpg,88ی95177
587.jpg,54ی25413
588.jpg,65ی29710
589.jpg,84ی64744
590.jpg,93ی31610
592.jpg,29ی23723
596.jpg,21ی47566
597.jpg,28ی67333
598.jpg,17ی96972
599.jpg,33ی15310
600.jpg,94ی22799
603.jpg,35ی82463
604.jpg,12ی55363
606.jpg,79ی37999
607.jpg,25ی46173
608.jpg,69ی89466
609.jpg,91ی59910
611.jpg,91ی36763
612.jpg,25ی46173
616.jpg,29ی93288
617.jpg,85ی55388
618.jpg,69ی49563
621.jpg,47ی51963
622.jpg,61ی26210
624.jpg,91ی12568
625.jpg,69ی11663
626.jpg,51ی26768
627.jpg,17ی18410
628.jpg,19ی91110
629.jpg,75ی58422
630.jpg,25ی31599
632.jpg,14ی68277
633.jpg,98ی29122
634.jpg,74ی15688
635.jpg,66ی94577
636.jpg,16ی83910
641.jpg,25ی62310
642.jpg,58ی29222
643.jpg,52ی74221
644.jpg,53ی28266
646.jpg,51ی33112
648.jpg,35ی15933
649.jpg,41ی41899
650.jpg,18ی87311
651.jpg,71ی64688
653.jpg,69ی53310
654.jpg,47ی87312
655.jpg,38ی32712
656.jpg,22ی61355
660.jpg,34ی81326
664.jpg,55ی41822
666.jpg,58ی72322
667.jpg,82ی14244
668.jpg,51ی26510
669.jpg,28ی75311
671.jpg,27ی94822
672.jpg,99ی23899
673.jpg,48ی34710
674.jpg,92ی41477
675.jpg,19ی35399
677.jpg,63ی58711
678.jpg,49ی26221
679.jpg,13ی14399
680.jpg,31ی82766
681.jpg,77ی26455
682.jpg,55ی96188
684.jpg,16ی88910
685.jpg,94ی26722
688.jpg,45ی64919
689.jpg,98ی46311
690.jpg,41ی56568
691.jpg,61ی56988
692.jpg,48ی68611
693.jpg,13ی32568
695.jpg,86ی33788
696.jpg,82ی36810
699.jpg,73ی89868
700.jpg,92ی29768
702.jpg,13ی32568
703.jpg,12ی85810
704.jpg,34ی85968
705.jpg,15ی13166
706.jpg,45ی64919
707.jpg,24ی37877
708.jpg,68ی93888
709.jpg,14ی95812
712.jpg,34ی35266
713.jpg,93ی65155
714.jpg,47ی36777
715.jpg,13ی13110
716.jpg,18ی47488
717.jpg,26ی29888
720.jpg,17ی97210
721.jpg,68ی69777
722.jpg,93ی32588
723.jpg,49ی21469
725.jpg,25ی82433
726.jpg,44ی21991
728.jpg,27ی22388
731.jpg,71ی29499
732.jpg,86ی34299
733.jpg,61ی78499
734.jpg,95ی31988
737.jpg,56ی48955
738.jpg,25ی91111
739.jpg,89ی38255
741.jpg,71ی67733
743.jpg,46ی55721
744.jpg,28ی25910
745.jpg,22ی55210
746.jpg,98ی62899
747.jpg,46ی94488
748.jpg,29ی39466
749.jpg,55ی34266
750.jpg,47ی94199
751.jpg,52ی71888
752.jpg,27ی34622
753.jpg,64ی81299
754.jpg,65ی39977
756.jpg,13ی64510
757.jpg,16ی99366
758.jpg,49ی99488
762.jpg,81ی87699
764.jpg,54ی34466
766.jpg,97ی51522
768.jpg,45ی86199
771.jpg,98ی47977
772.jpg,81ی97599
773.jpg,22ی62610
774.jpg,84ی11988
775.jpg,25ی94288
776.jpg,15ی68211
780.jpg,68ی14899
781.jpg,68ی14899
782.jpg,49ی21466
783.jpg,64ی53591
784.jpg,85ی57491
785.jpg,69ی87991
786.jpg,25ی47391
788.jpg,52ی34710
789.jpg,16ی25577
792.jpg,83ی17191
793.jpg,56ی28743
794.jpg,81ی77591
795.jpg,73ی79591
797.jpg,26ی42991
800.jpg,55ی47411
801.jpg,65ی67144
804.jpg,91ی43177
805.jpg,16ی39933
806.jpg,45ی96922
807.jpg,78ی41766
808.jpg,78ی41766
809.jpg,46ی45633
810.jpg,94ی45310
811.jpg,79ی43488
812.jpg,64ی22810
814.jpg,88ی66288
815.jpg,75ی79868
816.jpg,88ی11899
817.jpg,78ی68766
819.jpg,25ی73488
820.jpg,39ی71112
821.jpg,49ی21466
823.jpg,93ی62977
825.jpg,55ی78210
827.jpg,99ی58877
828.jpg,71ی69210
829.jpg,23ی82155
830.jpg,69ی21820
831.jpg,22ی26844
832.jpg,81ی44910
833.jpg,75ه59211
834.jpg,44ه67355
835.jpg,72ه72410
837.jpg,14ه88316
838.jpg,11ه54716
839.jpg,25ه81357
840.jpg,51ه33734
841.jpg,31ه93757
842.jpg,15ه37116
846.jpg,39ه36857
847.jpg,13ه66812
848.jpg,56ه65936
849.jpg,88ه22436
850.jpg,69ه32843
851.jpg,88ه12642
852.jpg,82ه51242
853.jpg,12ه99474
854.jpg,38ه85442
855.jpg,78ه44136
856.jpg,31ه62974
857.jpg,29ه11712
858.jpg,98ه15438
859.jpg,16ه15868
861.jpg,21ه61668
866.jpg,53ه45853
867.jpg,61ه53333
870.jpg,34ه75599
871.jpg,24ه26299
873.jpg,67ه89521
874.jpg,92ه76310
876.jpg,61ه45433
877.jpg,76ه46110
878.jpg,99ه63733
879.jpg,13ه91110
880.jpg,58ه96813
881.jpg,81ه86511
882.jpg,75ه88523
883.jpg,93ه14533
884.jpg,88ه51771
886.jpg,81ه86511
887.jpg,74ه83444
888.jpg,72ه46643
889.jpg,21ه58199
891.jpg,46ه48811
892.jpg,35ه89755
893.jpg,96ه13777
894.jpg,43ه25699
898.jpg,33ه12277
899.jpg,21ه57444
900.jpg,74ه77199
901.jpg,62ه19855
902.jpg,11ه29238
903.jpg,82ه44988
906.jpg,96ه84599
907.jpg,84ه33722
908.jpg,74ه32111
909.jpg,56ه32410
910.jpg,19ه55455
911.jpg,43ه48344
912.jpg,67ه21199
914.jpg,16ه87911
916.jpg,51ه98244
917.jpg,23ه25388
918.jpg,27ه48588
920.jpg,34ه43144
921.jpg,92ه41866
923.jpg,74ه62255
924.jpg,62ه44510
925.jpg,29ه29988
926.jpg,15ه97444
927.jpg,63ه64822
930.jpg,61ه49163
931.jpg,15ه83433
932.jpg,41ه92411
933.jpg,53ه14783
934.jpg,99ه63444
936.jpg,85ه74721
940.jpg,27ه15511
941.jpg,48ه68911
943.jpg,86ه34677
944.jpg,54ه65763
945.jpg,62ه99199
946.jpg,61ه59863
947.jpg,89ه53978
948.jpg,26ه32999
949.jpg,16ه18199
950.jpg,57ه79899
951.jpg,31ه45677
952.jpg,62ه75844
953.jpg,18ه99655
954.jpg,89ه77244
955.jpg,21ه61310
956.jpg,78ه49488
957.jpg,43ه22166
958.jpg,73ه58666
960.jpg,44ه48966
961.jpg,21ه78466
962.jpg,24ه44322
963.jpg,51ه77155
964.jpg,99ه58410
965.jpg,68ه13743
966.jpg,83ه22666
968.jpg,53ه84272
969.jpg,79ه53913
971.jpg,68ه31599
972.jpg,65ه68188
974.jpg,44ه84355
975.jpg,76ه52922
976.jpg,47ه22199
977.jpg,51ه82299
981.jpg,76ه48833
982.jpg,36ه32355
983.jpg,72ه79222
985.jpg,93ه81999
986.jpg,98ه25144
987.jpg,95ه96344
988.jpg,99ه11566
989.jpg,29ه37377
990.jpg,94ه24922
991.jpg,15ه67344
992.jpg,28ه22377
993.jpg,81ه46899
994.jpg,66ه31888
995.jpg,66ه29321
998.jpg,52ه88133
1001.jpg,87ه67577
1002.jpg,52ه23588
1003.jpg,97ه32666
1005.jpg,37ه14966
1006.jpg,45ه34110
1007.jpg,66ه48166
1008.jpg,53ه82433
1009.jpg,99ه11510
1010.jpg,79ه51421
1011.jpg,73ه13810
1015.jpg,95ه69310
1016.jpg,88ه82999
1017.jpg,91ه81666
1018.jpg,72ه39111
1019.jpg,53ه41599
1021.jpg,27ه15438
1022.jpg,84ه32199
1023.jpg,13ه88538
1024.jpg,88ه55188
1025.jpg,12ه74811
1026.jpg,82ه54211
1027.jpg,54ه24533
1028.jpg,33ه21210
1032.jpg,55ه93522
1035.jpg,86ه96999
1036.jpg,38ه29910
1037.jpg,95ه22127
1038.jpg,16ه25721
1039.jpg,53ه51673
1040.jpg,28ه23968
1041.jpg,71ه19110
1042.jpg,89ه51321
1045.jpg,89ه51321
1046.jpg,18ه61944
1048.jpg,65ه78444
1049.jpg,78ه61510
1050.jpg,24ه27712
1051.jpg,79ه89836
1054.jpg,57ه47836
1055.jpg,95ه94736
1056.jpg,42ه17899
1057.jpg,95ه33810
1058.jpg,97ه67742
1059.jpg,57ه55836
1060.jpg,14ه77532
1062.jpg,79ه46612
1064.jpg,53ه85212
1065.jpg,53ه85212
1066.jpg,96ه89312
1067.jpg,48ه44122
1068.jpg,98ه21212
1071.jpg,43ه42399
1073.jpg,18ه14836
1074.jpg,45ه55442
1077.jpg,69ه76699
1079.jpg,42ه52710
1080.jpg,73ه42422
1081.jpg,88ه51666
1082.jpg,65ه74788
1084.jpg,63ه59138
1085.jpg,21ه37855
1086.jpg,72ه81638
1088.jpg,59ه42799
1090.jpg,35ه27344
1091.jpg,95ه32677
1092.jpg,95ه34578
1093.jpg,46ه48610
1094.jpg,72ه81638
1095.jpg,57ه99310
1096.jpg,97ه79888
1097.jpg,81ه71944
1098.jpg,77ه72338
1099.jpg,25ه28611
1100.jpg,71ه19866
1101.jpg,23ه15134
1102.jpg,65ه82166
1103.jpg,13ه38614
1104.jpg,77ه61778
1106.jpg,65ه19668
1107.jpg,45ه42810
1108.jpg,59ه84438
1109.jpg,75ه52538
1110.jpg,61ه24411
1112.jpg,19ه18938
1113.jpg,78ه83838
1114.jpg,79ه18511
1115.jpg,79ه91899
1116.jpg,52ه12711
1117.jpg,22ه87222
1119.jpg,53ه16810
1120.jpg,31ه37521
1121.jpg,35ه18338
1122.jpg,16ه24138
1123.jpg,71ه94510
1124.jpg,43ه26268
1125.jpg,71ه29244
1128.jpg,37ه45433
1129.jpg,94ه15368
1130.jpg,95ه44238
1131.jpg,13ه63168
1132.jpg,25ه88338
1133.jpg,55ه82543
1134.jpg,55ه27968
1136.jpg,17ه84838
1137.jpg,98ه84938
1139.jpg,21ه78469
1140.jpg,88ه19544
1141.jpg,32ه55755
1142.jpg,14ه44666
1144.jpg,58ه38910
1145.jpg,32ه55755
1146.jpg,73ه68938
1147.jpg,19ه13466
1148.jpg,56ه24277
1151.jpg,98ه75211
1153.jpg,71ه59538
1154.jpg,74ه88599
1155.jpg,52ه31210
1156.jpg,89ه51321
1157.jpg,89ه51321
1158.jpg,68ه54288
1159.jpg,48ه49588
1160.jpg,53ه67799
1161.jpg,45ه92299
1162.jpg,22ه72677
1163.jpg,76ه35966
1164.jpg,69ه84999
1166.jpg,28ه28710
1168.jpg,39ه97610
1169.jpg,21ه61955
1171.jpg,37ه15788
1172.jpg,91ه23822
1173.jpg,75ه92466
1175.jpg,89ه79799
1176.jpg,67ه19844
1177.jpg,39ه14777
1180.jpg,29ه56438
1181.jpg,65ه58111
1182.jpg,44ه63842
1184.jpg,32ه51155
1186.jpg,59ه74544
1188.jpg,48ه58910
1189.jpg,75ه52311
1190.jpg,36ه73622
1191.jpg,61ه19122
1192.jpg,58ه82910
1193.jpg,87ه58611
1194.jpg,87ه58611
1195.jpg,27ه15511
1199.jpg,52ه45477
1200.jpg,14ه46988
1201.jpg,74ه77888
1202.jpg,84ه25733
1203.jpg,17ه69399
1204.jpg,58ه38344
1205.jpg,84ه17199
1206.jpg,86ه85410
1208.jpg,21ه35955
1209.jpg,71ه16822
1210.jpg,84ه49755
1211.jpg,84ه49755
1212.jpg,71ه16822
1213.jpg,69ه58311
1214.jpg,85ه27555
1215.jpg,21ه12533
1216.jpg,71ه89799
1217.jpg,61ه31891
1218.jpg,38ه87791
1221.jpg,53ه97910
1222.jpg,58ه15891
1223.jpg,95ه31513
1224.jpg,51ه26143
1225.jpg,22ه27391
1226.jpg,77ه27438
1227.jpg,17ه46766
1228.jpg,44ه49999
1229.jpg,34ه49110
1230.jpg,87ه59611
1231.jpg,95ه69210
1232.jpg,66ه44166
1233.jpg,35ه81510
1234.jpg,55ه18288
1235.jpg,69ه96899
1236.jpg,63ه56577
1237.jpg,18ه45833
1238.jpg,94ه92738
1240.jpg,38ه68566
1241.jpg,95ه26566
1242.jpg,47ه26788
1243.jpg,31ه48988
1244.jpg,52ه76166
1245.jpg,56ه91142
1246.jpg,89ه61199
1248.jpg,53ه69455
1249.jpg,64ه65878
1250.jpg,41ه84733
1251.jpg,32ه98399
1252.jpg,29ه18222
1253.jpg,84ه73533
1254.jpg,57ه36511
1255.jpg,94ه22466
1256.jpg,46ن25655
1257.jpg,69ن83321
1258.jpg,35ن96144
1259.jpg,35ن94488
1260.jpg,23ن31711
1261.jpg,45ن22316
1262.jpg,68ن35916
1263.jpg,43ن98316
1264.jpg,89ن25716
1267.jpg,97ن79316
1268.jpg,99ن65416
1269.jpg,43ن93316
1270.jpg,58ن57816
1271.jpg,79ن61516
1272.jpg,48ن88516
1273.jpg,43ن91916
1276.jpg,38ن89616
1277.jpg,16ن67816
1278.jpg,49ن87216
1279.jpg,55ن62916
1280.jpg,97ن37774
1281.jpg,85ن82974
1282.jpg,77ن41474
1283.jpg,43ن79212
1284.jpg,15ن45974
1285.jpg,53ن72574
1286.jpg,22ن91374
1287.jpg,62ن64411
1288.jpg,11ن59610
1290.jpg,81ن16421
1291.jpg,76ن87425
1292.jpg,21ن33833
1293.jpg,44ن28538
1295.jpg,75ن76242
1296.jpg,25ن55138
1297.jpg,51ن84599
1298.jpg,17ن12919
1299.jpg,42ن83619
1300.jpg,37ن32819
1301.jpg,25ن39719
1302.jpg,43ن97929
1303.jpg,49ن61319
1304.jpg,71ن28819
1306.jpg,29ن16819
1307.jpg,62ن33888
1308.jpg,89ن15466
1309.jpg,18ن31913
1310.jpg,18ن99643
1311.jpg,36ن81866
1313.jpg,39ن38510
1314.jpg,89ن99313
1316.jpg,12ن76188
1317.jpg,77ن98313
1318.jpg,84ن37888
1320.jpg,41ن17710
1322.jpg,37ن34444
1324.jpg,23ن34188
1325.jpg,61ن64966
1326.jpg,23ن34188
1327.jpg,71ن31110
1329.jpg,41ن43977
1330.jpg,61ن64966
1332.jpg,59ن37310
1333.jpg,96ن52488
1335.jpg,98ن55188
1336.jpg,38ن47238
1337.jpg,67ن98521
1339.jpg,52ن56988
1340.jpg,37ن24729
1341.jpg,29ن94738
1342.jpg,71ن31110
1344.jpg,73ن87944
1345.jpg,24ن13529
1346.jpg,61ن64966
1348.jpg,14ن45710
1350.jpg,38ن13355
1352.jpg,95ن38599
1354.jpg,52ن56988
1356.jpg,18ن77291
1357.jpg,44ن96611
1358.jpg,12ن93429
1359.jpg,14ن21299
1360.jpg,19ن75477
1361.jpg,13ن73199
1363.jpg,18ن77291
1365.jpg,62ن27599
1366.jpg,85ن79366
1367.jpg,35ن82538
1368.jpg,64ن77988
1369.jpg,15ن97268
1371.jpg,15ن98698
1372.jpg,37ن35788
1374.jpg,23ن55310
1375.jpg,61ن69266
1376.jpg,58ن68910
1378.jpg,86ن92611
1379.jpg,84ن36763
1380.jpg,99ن88310
1381.jpg,53ن71199
1382.jpg,68ن65968
1386.jpg,49ن45863
1388.jpg,72ن76763
1389.jpg,53ن95899
1390.jpg,76ن73455
1392.jpg,48ن46688
1395.jpg,58ن39155
1396.jpg,49ن28352
1397.jpg,72ن12443
1398.jpg,48ن93388
1399.jpg,27ن72668
1401.jpg,51ن24388
1402.jpg,57ن89711
1403.jpg,39ن79777
1404.jpg,59ن86655
1405.jpg,74ن46577
1407.jpg,67ن93210
1408.jpg,48ن93388
1409.jpg,97ن41413
1410.jpg,33ن67510
1412.jpg,57ن85910
1413.jpg,99ن44899
1414.jpg,68ن24511
1415.jpg,59ن28555
1416.jpg,81ن23222
1418.jpg,37ن82611
1422.jpg,59ن28555
1423.jpg,72ن77577
1424.jpg,49ن92922
1425.jpg,67ن93210
1426.jpg,33ن72855
1427.jpg,14ن61244
1428.jpg,17ن17466
1429.jpg,27ن87466
1431.jpg,64ن79211
1432.jpg,88ن98644
1433.jpg,48ن71433
1434.jpg,42ن87799
1436.jpg,78ن79313
1438.jpg,95ن52233
1439.jpg,56ن35225
1443.jpg,13ن19222
1444.jpg,21ن26866
1447.jpg,64ن79211
1448.jpg,87ن71277
1451.jpg,27ن95513
1452.jpg,72ن32877
1453.jpg,47ن88214
1454.jpg,13ن72198
1455.jpg,74ن95433
1456.jpg,61ن98722
1458.jpg,81ن66377
1460.jpg,13ن27398
1461.jpg,23ن78899
1462.jpg,73ن72455
1466.jpg,17ن53961
1467.jpg,82ن82212
1470.jpg,85ن81113
1472.jpg,62ن37377
1473.jpg,38ن81763
1474.jpg,29ن61138
1476.jpg,83ن76814
1477.jpg,68ن26538
1479.jpg,27ن79511
1480.jpg,47ن96544
1481.jpg,54ن88938
1482.jpg,97ن64699
1483.jpg,15ن66822
1485.jpg,62ن29821
1486.jpg,37ن82521
1489.jpg,75ن61988
1491.jpg,74ن88732
1492.jpg,54ن94210
1494.jpg,88ن46844
1499.jpg,83ن12768
1500.jpg,82ن96766
1503.jpg,68ن85477
1506.jpg,61ن77612
1507.jpg,42ن25612
1508.jpg,86ن54117
1509.jpg,33ن25236
1510.jpg,74ن17612
1511.jpg,49ن19836
1512.jpg,14ن83310
1513.jpg,56ن91144
1516.jpg,67ن72936
1517.jpg,59ن95636
1518.jpg,81ن42711
1520.jpg,19ن75477
1522.jpg,37ن75610
1523.jpg,47ن36777
1524.jpg,66ن68436
1525.jpg,81ن42711
1526.jpg,85ن54299
1527.jpg,68ن41536
1528.jpg,11ن26633
1529.jpg,29ن36310
1530.jpg,12ن25821
1531.jpg,54ن93838
1532.jpg,29ن11577
1533.jpg,28ن41255
1534.jpg,77ن84599
1535.jpg,48ن93388
1536.jpg,12ن64510
1537.jpg,69ن55211
1538.jpg,78ن86721
1539.jpg,37ن36599
1540.jpg,36ن24721
1541.jpg,17ن61544
1542.jpg,66ن31488
1543.jpg,38ن72655
1544.jpg,47ن99799
1545.jpg,59ن86655
1546.jpg,86ن91822
1547.jpg,32ن54788
1548.jpg,82ن66788
1549.jpg,46ن12544
1550.jpg,37ن29222
1551.jpg,66ن31488
1552.jpg,91ن12344
1555.jpg,65ن18414
1556.jpg,77ن31129
1557.jpg,65ن34524
1558.jpg,27ن79511
1559.jpg,34ن14210
1560.jpg,66ن47824
1562.jpg,36ن84182
1563.jpg,81ن79268
1564.jpg,94ن75968
1565.jpg,24ن88738
1566.jpg,54ن46938
1567.jpg,64ن77133
1568.jpg,29ن57111
1570.jpg,29ن35838
1571.jpg,22ن27238
1572.jpg,77ن23338
1573.jpg,45ن96768
1574.jpg,42ن29282
1575.jpg,88ن48388
1576.jpg,71ن53466
1577.jpg,48ن71238
1578.jpg,92ن76310
1579.jpg,62ن43966
1581.jpg,55ن53468
1583.jpg,56ن22438
1584.jpg,23ن36568
1585.jpg,13ن58924
1586.jpg,78ن57624
1587.jpg,18ن13368
1588.jpg,65ن18414
1589.jpg,78ن57624
1590.jpg,82ن17568
1591.jpg,25ن26368
1592.jpg,69ن43766
1594.jpg,25ن26368
1595.jpg,76ن82338
1596.jpg,25ن26368
1597.jpg,28ن87838
1598.jpg,95ن56338
1599.jpg,25ن26368
1600.jpg,64ن97638
1601.jpg,83ن22110
1602.jpg,65ن18414
1603.jpg,25ن26368
1604.jpg,64ن69671
1605.jpg,34ن41488
1606.jpg,16ن61233
1607.jpg,96ن33324
1608.jpg,74ن17612
1610.jpg,48ن81924
1613.jpg,48ن57988
1614.jpg,23ن42133
1615.jpg,17ن22422
1616.jpg,11ن11610
1618.jpg,38ن69377
1619.jpg,24ن98656
1620.jpg,59ن95228
1621.jpg,22ن58110
1622.jpg,63ن65999
1623.jpg,56ن73888
1625.jpg,92ن53677
1626.jpg,61ن39788
1627.jpg,29ن54611
1628.jpg,34ن96910
1629.jpg,81ن94155
1630.jpg,43ن82688
1631.jpg,22ن83655
1632.jpg,55ن98311
1634.jpg,71ن37510
1636.jpg,13ن37199
1637.jpg,61ن98677
1639.jpg,19ن85288
1640.jpg,17ن92210
1641.jpg,11ن94710
1642.jpg,17ن83499
1643.jpg,16ن28610
1644.jpg,29ن63244
1645.jpg,39ن62277
1647.jpg,29ن79266
1648.jpg,75ن95210
1649.jpg,12ن69253
1651.jpg,12ن54557
1652.jpg,12ن54557
1655.jpg,59ن36688
1656.jpg,52ن86110
1657.jpg,25ن28966
1658.jpg,79ن95799
1659.jpg,79ن95799
1660.jpg,94ن92322
1661.jpg,95ن25910
1662.jpg,95ن25910
1664.jpg,81ن54133
1665.jpg,49ن14555
1666.jpg,23ن93410
1667.jpg,68ن84488
1668.jpg,82ن44866
1669.jpg,49ن31810
1670.jpg,52ن52899
1671.jpg,45ن54310
1672.jpg,24ن64188
1673.jpg,36ن92733
1675.jpg,24ن64188
1676.jpg,78ن57255
1677.jpg,99ن24210
1678.jpg,34ن28611
1679.jpg,26ن83191
1681.jpg,41ن26621
1683.jpg,45ن97882
1685.jpg,14ن53766
1686.jpg,18ن98988
1687.jpg,95ن21310
1688.jpg,59ن34688
1689.jpg,78ن44438
1690.jpg,14ن51961
1691.jpg,14ن51961
1692.jpg,66ن99799
1694.jpg,99ن22133
1696.jpg,13ن33107
1697.jpg,44ن88215
1698.jpg,45ن27666
1701.jpg,69ن89910
1702.jpg,21ن11544
1703.jpg,72ن43288
1704.jpg,22ن97411
1705.jpg,67ن95399
1706.jpg,94ل81710
1708.jpg,43ل71644
1709.jpg,78ل24244
1710.jpg,78ل24244
1711.jpg,41ل59516
1712.jpg,83ل52116
1713.jpg,53ل99416
1715.jpg,67ل56816
1716.jpg,68ل29116
1717.jpg,46ل25316
1718.jpg,28ل12338
1719.jpg,78ل51716
1720.jpg,78ل31616
1721.jpg,41ل71916
1722.jpg,51ل31816
1723.jpg,27ل82195
1724.jpg,61ل93516
1725.jpg,84ل96416
1726.jpg,37ل35816
1727.jpg,74ل99816
1730.jpg,16ل98112
1731.jpg,71ل89712
1732.jpg,66ل64238
1733.jpg,28ل66911
1734.jpg,22ل22414
1735.jpg,15ل39574
1736.jpg,55ل89911
1737.jpg,78ل18144
1739.jpg,87ل89768
1740.jpg,73ل86228
1741.jpg,18ل86836
1744.jpg,88ل84188
1745.jpg,42ل41619
1748.jpg,61ل15319
1750.jpg,19ل66319
1751.jpg,25ل96119
1752.jpg,18ل57153
1753.jpg,53ل89953
1755.jpg,59ل57799
1756.jpg,53ل78327
1757.jpg,84ل73488
1758.jpg,76ل29955
1759.jpg,67ل49238
1761.jpg,35ل16522
1762.jpg,47ل16353
1763.jpg,95ل35199
1764.jpg,29ل49338
1766.jpg,14ل33644
1767.jpg,42ل63688
1768.jpg,14ل23788
1769.jpg,53ل18311
1770.jpg,14ل26553
1771.jpg,42ل74999
1774.jpg,29ل23244
1775.jpg,13ل42977
1776.jpg,18ل15778
1777.jpg,27ل27355
1778.jpg,26ل44719
1779.jpg,22ل88588
1780.jpg,77ل22988
1781.jpg,42ل63688
1785.jpg,24ل87210
1788.jpg,83ل65511
1790.jpg,92ل74722
1795.jpg,84ل41399
1799.jpg,48ل25419
1800.jpg,86ل51722
1801.jpg,69ل14199
1802.jpg,53ل42199
1804.jpg,55ل67963
1805.jpg,15ل48410
1806.jpg,66ل99138
1807.jpg,76ل23610
1808.jpg,65ل47299
1809.jpg,94ل35419
1810.jpg,78ل99410
1812.jpg,36ل66944
1814.jpg,94ل35419
1817.jpg,77ل99810
1818.jpg,75ل25799
1819.jpg,26ل53141
1820.jpg,58ل53263
1821.jpg,89ل84411
1822.jpg,49ل69566
1823.jpg,24ل12228
1826.jpg,76ل29955
1827.jpg,61ل55710
1828.jpg,48ل56466
1829.jpg,88ل39511
1830.jpg,94ل26963
1831.jpg,27ل33732
1833.jpg,57ل85555
1834.jpg,81ل95888
1835.jpg,97ل18566
1836.jpg,17ل59263
1837.jpg,11ل94157
1838.jpg,97ل75588
1839.jpg,23ل92611
1840.jpg,68ل67299
1841.jpg,85ل34711
1842.jpg,71ل24744
1843.jpg,74ل15111
1844.jpg,44ل44841
1845.jpg,57ل16155
1846.jpg,65ل21419
1847.jpg,33ل38410
1849.jpg,39ل78766
1850.jpg,72ل92855
1851.jpg,78ل49544
1852.jpg,28ل56144
1853.jpg,22ل69668
1854.jpg,35ل25512
1855.jpg,66ل54299
1856.jpg,81ل54888
1857.jpg,69ل42413
1858.jpg,24ل13644
1860.jpg,35ل64855
1861.jpg,15ل37488
1862.jpg,29ل87944
1863.jpg,82ل23377
1864.jpg,86ل29910
1866.jpg,79ل94752
1868.jpg,37ل28899
1870.jpg,68ل67299
1871.jpg,83ل97222
1872.jpg,65ل74253
1873.jpg,18ل21922
1874.jpg,31ل74610
1875.jpg,24ل76953
1876.jpg,14ل12555
1877.jpg,65ل74253
1878.jpg,38ل21833
1879.jpg,46ل97566
1880.jpg,52ل63310
1882.jpg,91ل21666
1884.jpg,36ل83243
1885.jpg,29ل94410
1887.jpg,88ل52811
1888.jpg,24ل29410
1889.jpg,82ل23813
1890.jpg,55ل33133
1891.jpg,69ل67544
1892.jpg,26ل67883
1893.jpg,14ل23788
1894.jpg,14ل26553
1895.jpg,17ل26811
1896.jpg,77ل77416
1897.jpg,58ل23266
1898.jpg,86ل65916
1899.jpg,17ل24498
1900.jpg,19ل33798
1901.jpg,89ل95116
1902.jpg,28ل47698
1903.jpg,25ل72213
1904.jpg,97ل67919
1905.jpg,86ل19244
1906.jpg,22ل18298
1907.jpg,21ل19619
1908.jpg,99ل42316
1909.jpg,91ل47716
1910.jpg,42ل45616
1911.jpg,43ل51716
1912.jpg,25ل22398
1914.jpg,74ل67411
1916.jpg,89ل19373
1917.jpg,46ل27410
1919.jpg,42ل56212
1920.jpg,74ل46316
1921.jpg,82ل43316
1922.jpg,21ل82321
1923.jpg,55ل27710
1924.jpg,14ل61716
1925.jpg,49ل43266
1926.jpg,35ل43969
1927.jpg,58ل23710
1929.jpg,15ل14363
1930.jpg,32ل77137
1932.jpg,36ل84527
1933.jpg,15ل14363
1934.jpg,78ل73273
1936.jpg,59ل87335
1937.jpg,54ل17782
1939.jpg,75ل55788
1941.jpg,27ل33732
1942.jpg,66ل79538
1943.jpg,54ل23910
1944.jpg,29ل33810
1945.jpg,79ل19910
1946.jpg,87ل11946
1947.jpg,75ل31711
1948.jpg,48ل96977
1949.jpg,55ل98110
1950.jpg,32ل82116
1951.jpg,78ل72711
1953.jpg,34ل57644
1954.jpg,81ل31310
1955.jpg,33ل81166
1956.jpg,75ل73412
1957.jpg,25ل36111
1958.jpg,53ل38212
1959.jpg,56ل87412
1960.jpg,32ل85644
1962.jpg,67ل12955
1963.jpg,35ل95755
1964.jpg,87ل83699
1965.jpg,45ل24612
1966.jpg,81ل31499
1967.jpg,38ل91622
1968.jpg,72ل77844
1970.jpg,97ل48178
1972.jpg,22ل43766
1973.jpg,68ل75422
1974.jpg,79ل12599
1976.jpg,25ل45938
1977.jpg,97ل13877
1979.jpg,25ل44555
1980.jpg,72ل61399
1981.jpg,59ل36119
1983.jpg,98ل94644
1984.jpg,78ل33233
1985.jpg,22ل46699
1987.jpg,81ل61324
1989.jpg,62ل69338
1990.jpg,52ل76366
1991.jpg,16ل63922
1993.jpg,63ل44988
1994.jpg,25ل55924
1995.jpg,97ل78124
1996.jpg,14ل55899
1997.jpg,21ل56222
1998.jpg,84ل24414
1999.jpg,35ل17841
2000.jpg,68ل62843
2001.jpg,83ل37777
2002.jpg,66ل45611
2003.jpg,88ل98144
2006.jpg,24ل97968
2007.jpg,33ل66341
2009.jpg,89ل35419
2011.jpg,44ل99177
2012.jpg,42ل27444
2014.jpg,79ل37368
2015.jpg,84ل14211
2017.jpg,12ل97768
2018.jpg,86ل66968
2019.jpg,45ل46268
2022.jpg,95ل35624
2023.jpg,32ل43321
2024.jpg,84ل24414
2025.jpg,59ل72916
2027.jpg,91ل69916
2028.jpg,67ل78124
2029.jpg,67ل25616
2031.jpg,36ل45227
2032.jpg,28ل61755
2033.jpg,61ل18812
2034.jpg,24ل87266
2037.jpg,83ل78210
2038.jpg,56ل95577
2039.jpg,66ل19999
2040.jpg,69ل12388
2041.jpg,93ل91711
2042.jpg,56ل95577
2043.jpg,99ل63621
2044.jpg,52ل74988
2045.jpg,11ل53299
2046.jpg,75ل77188
2047.jpg,99ل63621
2048.jpg,74ل21611
2049.jpg,27ل65166
2051.jpg,98ل76278
2052.jpg,92ل61144
2053.jpg,65ل95977
2054.jpg,28ل43855
2055.jpg,74ل55388
2056.jpg,43ل92711
2057.jpg,22ل79699
2058.jpg,92ل44811
2059.jpg,56ل77522
2061.jpg,55ل98555
2062.jpg,62ل96422
2063.jpg,79ل95811
2064.jpg,28ل15655
2065.jpg,45ل54366
2066.jpg,46ل79221
2068.jpg,48ل65499
2069.jpg,88ل33199
2070.jpg,99ل23299
2071.jpg,48ل32610
2072.jpg,78ل23238
2073.jpg,97ل24216
2080.jpg,26ل67238
2081.jpg,27ل92157
2082.jpg,49ل75838
2084.jpg,79ل86810
2085.jpg,43ل16444
2086.jpg,36ل91115
2087.jpg,73ل76599
2088.jpg,56ل52811
2089.jpg,44ل53110
2090.jpg,46ل24338
2091.jpg,55ل13510
2092.jpg,61ل55710
2095.jpg,72ل26855
2096.jpg,72ل23888
2099.jpg,69ل16522
2102.jpg,73ل53766
2104.jpg,47ل72321
2107.jpg,95ل55711
2108.jpg,83ل88199
2109.jpg,76ل22613
2110.jpg,25ل14799
2111.jpg,34ل17399
2112.jpg,26ل75555
2113.jpg,91ل21733
2114.jpg,94ل82644
2115.jpg,14ل54938
2118.jpg,26ل42666
2122.jpg,54ل75616
2123.jpg,48ل71916
2125.jpg,48ل37727
2126.jpg,67ل94416
2127.jpg,85ل23977
2128.jpg,64ل65516
2129.jpg,91ل42616
2131.jpg,89ل83516
2134.jpg,32ل49716
2135.jpg,26ل97616
2136.jpg,89ل85516
2137.jpg,88ل85516
2138.jpg,72ل18916
2140.jpg,87ل46555
2141.jpg,82ل32416
2142.jpg,72ل16516
2143.jpg,37ل26110
2144.jpg,38ل49716
2145.jpg,38ل49716
2148.jpg,95ل29811
2149.jpg,72ل61128
2151.jpg,94ل98788
2152.jpg,15ل48155
2153.jpg,21ل11321
2154.jpg,47ل14311
2156.jpg,49ل79310
2157.jpg,81ل77111
2158.jpg,81ل77111
2159.jpg,26ل92688
2161.jpg,68ل82428
2162.jpg,95ل65699
2163.jpg,99ل68766
2164.jpg,14ط59866
2166.jpg,71ط84455
2167.jpg,79ط22499
2169.jpg,89ط63416
2170.jpg,41ط59316
2172.jpg,91ط15916
2174.jpg,14ط88216
2175.jpg,71ط91816
2177.jpg,36ط56316
2178.jpg,53ط13216
2179.jpg,49ط92916
2180.jpg,41ط45616
2181.jpg,36ط33416
2183.jpg,22ط59424
2184.jpg,19ط66436
2185.jpg,67ط98436
2186.jpg,76ط36512
2187.jpg,36ط87736
2188.jpg,11ط66811
2189.jpg,69ط38978
2190.jpg,86ط91278
2192.jpg,83ط53721
2193.jpg,62ط11578
2194.jpg,77ط75478
2195.jpg,37ط45828
2197.jpg,41ط91677
2198.jpg,33ط52149
2200.jpg,39ط52766
2201.jpg,43ط47768
2202.jpg,87ط87933
2203.jpg,27ط93444
2205.jpg,86ط62378
2208.jpg,58ط16119
2210.jpg,14ط72419
2211.jpg,78ط95199
2212.jpg,69ط31677
2213.jpg,46ط68933
2214.jpg,33ط29155
2215.jpg,55ط66988
2216.jpg,67ط45913
2217.jpg,39ط32677
2218.jpg,59ط62413
2219.jpg,38ط59313
2220.jpg,31ط24438
2221.jpg,72ط15212
2222.jpg,38ط19211
2223.jpg,67ط53644
2224.jpg,14ط66811
2225.jpg,38ط38188
2227.jpg,91ط43913
2230.jpg,66ط48844
2232.jpg,31ط61977
2233.jpg,82ط11211
2234.jpg,78ط95199
2235.jpg,13ط42177
2236.jpg,82ط29219
2237.jpg,32ط83222
2238.jpg,67ط19611
2239.jpg,23ط29734
2241.jpg,29ط33310
2242.jpg,58ط82388
2243.jpg,37ط56838
2244.jpg,89ط77621
2245.jpg,65ط61319
2247.jpg,88ط31521
2248.jpg,28ط97168
2249.jpg,67ط26222
2250.jpg,61ط65177
2251.jpg,85ط53777
2253.jpg,44ط97599
2254.jpg,42ط95210
2255.jpg,54ط89910
2256.jpg,56ط75166
2257.jpg,25ط79938
2258.jpg,95ط32811
2259.jpg,38ط94419
2260.jpg,17ط81611
2262.jpg,44ط51844
2263.jpg,72ط29710
2265.jpg,94ط14499
2266.jpg,76ط77466
2267.jpg,62ط81844
2268.jpg,44ط92855
2269.jpg,27ط91810
2272.jpg,54ط89910
2273.jpg,62ط94210
2275.jpg,32ط33155
2277.jpg,89ط91210
2279.jpg,41ط82793
2280.jpg,41ط24477
2281.jpg,27ط64793
2282.jpg,31ط61722
2283.jpg,91ط91410
2284.jpg,26ط72293
2285.jpg,96ط42793
2286.jpg,41ط55633
2287.jpg,11ط41868
2288.jpg,66ط88511
2289.jpg,82ط66944
2290.jpg,22ط21463
2292.jpg,71ط18593
2293.jpg,83ط51493
2294.jpg,78ط17693
2296.jpg,95ط73363
2297.jpg,69ط55999
2298.jpg,77ط82293
2299.jpg,28ط95198
2300.jpg,52ط91177
2301.jpg,72ط65677
2302.jpg,96ط77999
2303.jpg,17ط12911
2304.jpg,69ط71877
2305.jpg,29ط51311
2306.jpg,56ط36338
2307.jpg,71ط23199
2308.jpg,22ط18899
2309.jpg,22ط19599
2310.jpg,49ط55188
2312.jpg,84ط13322
2313.jpg,63ط16713
2314.jpg,23ط69444
2318.jpg,94ط97599
2319.jpg,29ط94910
2320.jpg,71ط51377
2322.jpg,64ط55455
2323.jpg,37ط88811
2324.jpg,84ط35111
2325.jpg,63ط63433
2327.jpg,42ط68710
2328.jpg,72ط32121
2329.jpg,91ط64219
2330.jpg,78ط43766
2332.jpg,17ط54466
2334.jpg,42ط39533
2335.jpg,52ط69499
2336.jpg,24ط44810
2337.jpg,54ط27655
2338.jpg,18ط18210
2341.jpg,57ط16513
2343.jpg,87ط97419
2344.jpg,65ط81416
2345.jpg,35ط95810
2346.jpg,19ط91798
2347.jpg,13ط98298
2348.jpg,24ط41998
2349.jpg,75ط68516
2350.jpg,28ط55816
2352.jpg,28ط64398
2353.jpg,39ط71816
2354.jpg,18ط63610
2355.jpg,73ط68177
2356.jpg,31ط99416
2357.jpg,45ط99316
2358.jpg,64ط69766
2359.jpg,79ط81916
2360.jpg,17ط48398
2361.jpg,81ط44810
2362.jpg,18ط14798
2363.jpg,93ط27677
2366.jpg,23ط99744
2367.jpg,21ط19311
2368.jpg,12ط25347
2369.jpg,92ط43919
2371.jpg,87ط43116
2375.jpg,11ط36955
2376.jpg,12ط25347
2377.jpg,76ط52119
2379.jpg,75ط68710
2380.jpg,21ط19311
2381.jpg,88ط52166
2382.jpg,18ط16755
2384.jpg,69ط36210
2385.jpg,54ط96734
2386.jpg,75ط68710
2387.jpg,22ط42246
2388.jpg,24ط27422
2389.jpg,89ط39410
2390.jpg,42ط26452
2391.jpg,45ط42741
2394.jpg,27ط34436
2395.jpg,29ط79177
2396.jpg,84ط19110
2397.jpg,73ط84178
2398.jpg,41ط81577
2399.jpg,17ط14388
2400.jpg,92ط91799
2401.jpg,91ط32744
2404.jpg,45ط42741
2406.jpg,66ط56736
2407.jpg,19ط65577
2408.jpg,24ط28936
2409.jpg,19ط38755
2411.jpg,15ط35252
2414.jpg,53ط31712
2415.jpg,47ط16655
2416.jpg,87ط94211
2417.jpg,49ط54677
2419.jpg,98ط91512
2420.jpg,29ط74577
2421.jpg,72ط94612
2422.jpg,22ط18710
2423.jpg,48ط86599
2427.jpg,49ط77733
2428.jpg,18ط65636
2430.jpg,61ط17236
2432.jpg,93ط72112
2433.jpg,38ط84542
2434.jpg,24ط43842
2435.jpg,94ط23299
2436.jpg,35ط81442
2437.jpg,14ط87112
2438.jpg,64ط94210
2439.jpg,95ط57655
2441.jpg,44ط54344
2442.jpg,33ط43299
2443.jpg,21ط85977
2445.jpg,98ط14411
2446.jpg,55ط32688
2448.jpg,94ط83938
2449.jpg,34ط65988
2450.jpg,49ط69644
2453.jpg,91ط53399
2454.jpg,19ط35288
2455.jpg,81ط41199
2456.jpg,68ط34710
2457.jpg,63ط59922
2458.jpg,97ط21344
2459.jpg,62ط64866
2460.jpg,84ط95933
2463.jpg,75ط68710
2464.jpg,45ط65911
2465.jpg,23ط87598
2466.jpg,75ط64511
2467.jpg,56ط92721
2468.jpg,11ط47566
2469.jpg,88ط35668
2470.jpg,47ط87988
2472.jpg,85ط37168
2473.jpg,45ط89344
2474.jpg,83ط66178
2476.jpg,65ط53444
2477.jpg,94ط26668
2478.jpg,95ط12468
2480.jpg,27ط27355
2481.jpg,78ط47168
2482.jpg,94ط16499
2483.jpg,61ط67711
2484.jpg,36ط75968
2485.jpg,83ط76468
2486.jpg,36ط75968
2487.jpg,36ط75968
2488.jpg,28ط97541
2489.jpg,36ط75968
2490.jpg,36ط75968
2492.jpg,36ط75968
2493.jpg,45ط42741
2494.jpg,36ط75968
2495.jpg,36ط75968
2496.jpg,36ط75968
2497.jpg,23ط87598
2498.jpg,36ط75968
2499.jpg,29ط83533
2500.jpg,55ط94726
2502.jpg,87ط26712
2503.jpg,62ط11236
2505.jpg,66ط56736
2507.jpg,99ط44210
2508.jpg,58ط52999
2509.jpg,16ط86834
2510.jpg,23ط57466
2511.jpg,39ط15822
2512.jpg,67ط26768
2513.jpg,12ط56168
2516.jpg,84ط51599
2517.jpg,45ط32510
2518.jpg,14ط73177
2519.jpg,69ط59899
2521.jpg,63ط94499
2523.jpg,71ط83799
2526.jpg,89ط74299
2528.jpg,74ط16644
2530.jpg,43ط84266
2531.jpg,96ط47611
2532.jpg,91ط29922
2533.jpg,15ط55877
2534.jpg,22ط28210
2535.jpg,24ط29433
2536.jpg,62ط29910
2537.jpg,89ط51511
2538.jpg,45ط12610
2539.jpg,46ط33822
2540.jpg,63ط74666
2544.jpg,47ط38855
2545.jpg,63ط12255
2546.jpg,19ط31816
2547.jpg,55ط14455
2548.jpg,26ط41511
2549.jpg,92ط26110
2550.jpg,58ط58599
2551.jpg,33ط91433
2552.jpg,69ط22844
2555.jpg,38ط21710
2556.jpg,92ط55210
2557.jpg,14ط92822
2558.jpg,27ط44999
2559.jpg,51ط48833
2561.jpg,49ط76210
2562.jpg,96ط42778
2563.jpg,74ط45499
2564.jpg,72ط48844
2565.jpg,51ط34244
2566.jpg,54ط17299
2567.jpg,42ط28810
2568.jpg,42ط16191
2571.jpg,66ط31779
2572.jpg,62ط22311
2574.jpg,98ط32955
2575.jpg,63ط98779
2576.jpg,94ط82279
2577.jpg,84ط71433
2579.jpg,88ط93299
2580.jpg,33ط58577
2581.jpg,44ط69322
2582.jpg,52ط56782
2583.jpg,23ط69444
2584.jpg,97ط31477
2588.jpg,56ط19828
2589.jpg,87ط19468
2590.jpg,41ط78166
2591.jpg,83ط55299
2593.jpg,31ط55788
2594.jpg,93ط25177
2595.jpg,88ط56816
2596.jpg,14ط17855
2598.jpg,94ط21711
2599.jpg,42ط27816
2600.jpg,29ط19816
2601.jpg,76ط56116
2604.jpg,49ط74816
2605.jpg,81ط58316
2606.jpg,75ط99216
2607.jpg,65ط42816
2608.jpg,58ط89216
2609.jpg,76ط52116
2610.jpg,34ط66116
2611.jpg,59ط32418
2613.jpg,46ط97718
2615.jpg,62ط21428
2616.jpg,65ط37718
2617.jpg,71ط88318
2618.jpg,24ط89518
2619.jpg,61ط41428
2622.jpg,64ط14718
2623.jpg,43ط62628
2624.jpg,58ط37728
2625.jpg,35ط34718
2626.jpg,54ط75618
2628.jpg,63ط33918
2629.jpg,76ط76718
2631.jpg,72ط19118
2632.jpg,99ط47419
2636.jpg,12ط74718
2637.jpg,54ط88418
2638.jpg,88ط47818
2640.jpg,91ط58718
2641.jpg,78ط27718
2642.jpg,54ط93718
2643.jpg,66ط89118
2646.jpg,59ط63818
2649.jpg,68ط38518
2651.jpg,53ط58818
2652.jpg,89ط91118
2653.jpg,23ط54618
2654.jpg,63ط81818
2656.jpg,75ط14818
2657.jpg,29ط24718
2658.jpg,86ط41299
2660.jpg,11ط54618
2661.jpg,84ط48318
2662.jpg,78ط63318
2663.jpg,47ط69918
2664.jpg,54ط89818
2665.jpg,82ط28518
2666.jpg,69ط63318
2671.jpg,51ط72219
2672.jpg,31ط38277
2673.jpg,98ط56966
2674.jpg,43ط32377
2676.jpg,11ط26210
2679.jpg,99س85855
2680.jpg,64س29988
2681.jpg,38س59116
2683.jpg,98س73551
2684.jpg,78س69616
2685.jpg,82س69416
2686.jpg,19س78299
2687.jpg,56س25616
2688.jpg,38س19216
2690.jpg,66س85716
2691.jpg,45س34616
2692.jpg,38س19216
2693.jpg,38س56518
2694.jpg,44س21231
2695.jpg,48س29974
2696.jpg,53س28136
2697.jpg,27س29774
2698.jpg,41س77574
2699.jpg,16س77112
2702.jpg,19س15510
2704.jpg,26س62838
2706.jpg,86س45428
2707.jpg,95س25138
2709.jpg,82س16238
2710.jpg,71س51744
2712.jpg,56س12121
2713.jpg,42س56577
2714.jpg,72س65141
2715.jpg,91س43778
2716.jpg,49س85479
2718.jpg,73س22787
2720.jpg,16س49571
2721.jpg,12س27120
2722.jpg,17س17919
2723.jpg,43س37619
2724.jpg,99س53119
2725.jpg,89س54919
2726.jpg,73س42453
2727.jpg,14س68988
2728.jpg,18س93667
2729.jpg,52س61252
2730.jpg,98س58444
2733.jpg,73س84399
2734.jpg,16س28899
2735.jpg,34س34266
2737.jpg,52س61253
2738.jpg,89س34555
2739.jpg,18س41161
2740.jpg,48س96753
2741.jpg,77س32288
2742.jpg,96س57947
2743.jpg,94س45444
2744.jpg,22س77155
2745.jpg,53س46310
2746.jpg,51س91510
2747.jpg,54س17632
2749.jpg,65س82499
2750.jpg,82س18153
2751.jpg,96س21799
2752.jpg,64س82177
2754.jpg,73س48210
2755.jpg,53س36910
2757.jpg,64س82177
2758.jpg,69س35577
2759.jpg,58س14419
2760.jpg,11س91168
2761.jpg,18س48310
2763.jpg,72س78488
2764.jpg,99س16466
2765.jpg,16س27820
2766.jpg,86س94810
2767.jpg,42س63755
2768.jpg,71س35388
2769.jpg,58س42799
2771.jpg,74س65611
2772.jpg,77س88753
2773.jpg,29س88410
2774.jpg,46س41344
2775.jpg,78س35311
2777.jpg,29س88410
2778.jpg,95س78866
2779.jpg,17س14399
2780.jpg,48س25544
2781.jpg,77س88753
2782.jpg,69س96210
2784.jpg,33س62210
2785.jpg,65س43241
2787.jpg,69س14221
2788.jpg,46س12799
2789.jpg,55س93710
2790.jpg,56س46955
2791.jpg,95س98968
2792.jpg,42س18599
2793.jpg,92س18199
2794.jpg,15س41220
2795.jpg,75س54793
2796.jpg,99س97863
2797.jpg,65س29511
2799.jpg,83س48155
2800.jpg,18س88955
2801.jpg,33س77573
2804.jpg,95س83193
2805.jpg,51س95466
2806.jpg,91س97922
2807.jpg,86س75493
2809.jpg,41س89293
2810.jpg,34س74611
2812.jpg,25س95499
2813.jpg,49س99910
2814.jpg,12س71446
2815.jpg,78س34663
2816.jpg,15س34944
2818.jpg,27س83293
2819.jpg,78س35359
2820.jpg,76س51210
2822.jpg,23س92113
2823.jpg,79س62188
2824.jpg,75س92556
2825.jpg,93س97810
2826.jpg,55س56311
2827.jpg,11س96652
2829.jpg,78س35359
2830.jpg,41س48640
2831.jpg,98س64433
2832.jpg,55س56311
2833.jpg,28س29255
2834.jpg,96س74110
2835.jpg,51س55212
2837.jpg,96س48210
2838.jpg,71س62577
2839.jpg,35س67866
2840.jpg,53س63853
2842.jpg,29س32333
2843.jpg,26س69811
2844.jpg,28س69155
2845.jpg,92س85966
2846.jpg,24س53120
2850.jpg,14س17767
2851.jpg,58س17299
2852.jpg,22س56299
2853.jpg,18س91277
2854.jpg,76س96699
2855.jpg,13س61833
2856.jpg,49س57288
2857.jpg,36س74653
2859.jpg,16س49711
2860.jpg,72س19722
2861.jpg,19س56620
2862.jpg,17س12953
2863.jpg,76س29499
2864.jpg,81س14710
2865.jpg,12س32853
2866.jpg,23س78967
2868.jpg,21س69478
2869.jpg,91س31853
2871.jpg,18س39699
2872.jpg,75س61844
2874.jpg,85س79519
2875.jpg,35س39947
2876.jpg,31س15716
2877.jpg,62س97716
2880.jpg,69س85516
2881.jpg,33س19810
2882.jpg,62س59416
2883.jpg,58س95277
2884.jpg,21س84520
2886.jpg,82س34466
2887.jpg,51س61216
2888.jpg,99س37916
2889.jpg,15س62110
2890.jpg,84س87511
2891.jpg,95س19816
2892.jpg,92س57214
2893.jpg,85س79455
2894.jpg,51س56277
2897.jpg,12س83299
2898.jpg,43س34416
2900.jpg,77س71810
2901.jpg,76س66416
2903.jpg,23س47631
2904.jpg,26س87110
2906.jpg,46س16538
2908.jpg,72س22763
2909.jpg,23س47631
2911.jpg,22س89116
2912.jpg,15س59731
2913.jpg,49س61868
2914.jpg,59س82788
2916.jpg,14س95566
2917.jpg,86س15974
2918.jpg,88س73510
2919.jpg,71س26174
2920.jpg,39س44710
2923.jpg,44س81734
2924.jpg,41س32642
2927.jpg,39س92266
2928.jpg,34س74874
2929.jpg,57س91911
2931.jpg,42س75611
2932.jpg,28س29255
2934.jpg,43س67888
2935.jpg,92س46733
2937.jpg,64س61988
2938.jpg,45س33768
2940.jpg,84س65310
2941.jpg,56س64574
2942.jpg,72س63174
2943.jpg,62س28310
2944.jpg,87س68912
2945.jpg,18س43376
2946.jpg,22س73310
2947.jpg,13س61574
2950.jpg,89س86574
2951.jpg,52س23412
2957.jpg,88س47366
2958.jpg,31س81174
2959.jpg,61س21274
2960.jpg,63س83174
2962.jpg,35س13844
2964.jpg,74س36522
2965.jpg,38س83133
2967.jpg,63س57899
2968.jpg,95س28122
2969.jpg,23س22410
2971.jpg,85س46610
2972.jpg,89س77310
2973.jpg,76س63444
2974.jpg,59س56144
2975.jpg,21س19966
2976.jpg,44س99388
2977.jpg,42س27620
2978.jpg,51س41128
2979.jpg,96س57310
2980.jpg,12س33455
2981.jpg,13س99720
2982.jpg,92س85966
2983.jpg,36س21410
2984.jpg,75س91566
2985.jpg,22س95444
2987.jpg,28س56822
2988.jpg,35س69610
2989.jpg,85س58634
2990.jpg,22س48531
2991.jpg,77س97734
2992.jpg,59س93944
2994.jpg,19س81720
2995.jpg,89س26824
2997.jpg,17س58833
2998.jpg,53س94588
2999.jpg,71س57814
3000.jpg,52س28410
3001.jpg,86س16899
3003.jpg,67س17622
3004.jpg,62س64810
3005.jpg,79س96322
3006.jpg,54س29868
3008.jpg,87س38238
3009.jpg,29س81738
3010.jpg,71س86488
3011.jpg,33س57538
3012.jpg,29س11466
3013.jpg,86س96788
3014.jpg,44س38738
3016.jpg,34س36938
3017.jpg,59س35268
3018.jpg,32س67934
3021.jpg,14س62320
3022.jpg,67س81838
3023.jpg,43س53338
3025.jpg,43س45410
3027.jpg,71س57814
3028.jpg,71س57814
3029.jpg,88س71134
3030.jpg,41س72233
3031.jpg,68س33238
3033.jpg,26س29144
3035.jpg,51س22768
3037.jpg,82س17514
3038.jpg,51س22768
3039.jpg,79س57222
3040.jpg,32س67934
3042.jpg,46س69744
3043.jpg,87س27366
3044.jpg,29س82888
3045.jpg,29س16114
3047.jpg,31س81174
3048.jpg,57س53368
3049.jpg,84س28866
3050.jpg,59س92410
3051.jpg,61س46238
3054.jpg,19س81876
3055.jpg,18س78455
3056.jpg,33س98210
3058.jpg,18س31797
3060.jpg,81س22877
3061.jpg,48س34577
3062.jpg,15س71199
3063.jpg,87س36311
3064.jpg,81س53338
3065.jpg,58س27799
3067.jpg,67س78488
3069.jpg,38س22421
3070.jpg,37س49266
3071.jpg,94س55910
3072.jpg,72س81955
3073.jpg,86س55888
3074.jpg,84س51455
3076.jpg,69س46919
3078.jpg,68س35966
3081.jpg,76س14299
3083.jpg,24س96938
3084.jpg,56س67455
3085.jpg,58س47259
3086.jpg,57س45166
3089.jpg,38س91443
3090.jpg,57س45166
3094.jpg,83س96333
3097.jpg,49س99910
3098.jpg,32س17210
3099.jpg,88س68910
3101.jpg,77س13859
3102.jpg,83س88710
3103.jpg,71س22699
3105.jpg,37س41233
3106.jpg,18س21399
3107.jpg,13س51555
3108.jpg,33س66477
3110.jpg,75س34144
3111.jpg,23س29110
3112.jpg,38س46110
3113.jpg,38س46110
3114.jpg,52س42444
3115.jpg,38س15479
3116.jpg,98س88478
3117.jpg,98س88478
3118.jpg,84س15422
3119.jpg,47س53979
3120.jpg,92س85291
3121.jpg,45س92991
3122.jpg,22س98810
3123.jpg,73س85910
3125.jpg,25س94277
3126.jpg,33س23899
3127.jpg,14س86217
3128.jpg,53س12641
3129.jpg,22س86838
3130.jpg,75س11648
3131.jpg,87س95938
3132.jpg,53س73116
3135.jpg,44س14233
3136.jpg,81س46216
3137.jpg,63س37616
3138.jpg,75س34174
3140.jpg,37س34316
3141.jpg,93س81116
3142.jpg,88س46946
3145.jpg,56س22516
3146.jpg,81س88616
3147.jpg,74س67511
3148.jpg,99س76916
3149.jpg,86س35716
3150.jpg,86س35716
3152.jpg,47س23616
3153.jpg,41س99163
3154.jpg,45س28977
3156.jpg,23س26310
3157.jpg,58س37828
3158.jpg,73س63818
3159.jpg,93س12218
3161.jpg,54س37318
3164.jpg,54س11218
3165.jpg,13س68118
3168.jpg,39س36818
3169.jpg,23س99318
3171.jpg,32س92518
3172.jpg,71س15518
3173.jpg,81س49518
3174.jpg,98س63218
3175.jpg,83س29218
3176.jpg,14س82128
3177.jpg,65س59718
3178.jpg,17س94218
3179.jpg,87س76318
3180.jpg,69س75918
3181.jpg,89س69218
3185.jpg,55س59918
3187.jpg,69س96118
3188.jpg,19س45918
3189.jpg,64س14918
3190.jpg,45س96228
3191.jpg,11س74928
3192.jpg,29س45218
3193.jpg,14س69618
3194.jpg,11س74928
3195.jpg,82س28118
3196.jpg,33س89318
3197.jpg,43س53310
3199.jpg,44س69911
3200.jpg,43س45710
3201.jpg,86س36588
3203.jpg,41و23455
3204.jpg,72و69744
3205.jpg,27و86455
3206.jpg,48و15116
3207.jpg,13و96616
3208.jpg,34و59916
3209.jpg,92و58757
3210.jpg,79و52491
3211.jpg,12و39957
3212.jpg,85و65216
3213.jpg,27و89216
3214.jpg,48و89716
3217.jpg,28و87316
3218.jpg,92و31216
3220.jpg,43و67916
3222.jpg,64و73116
3225.jpg,42و57112
3226.jpg,48و52374
3227.jpg,88و94632
3228.jpg,29و47774
3229.jpg,49و91336
3230.jpg,32و91974
3231.jpg,24و62436
3232.jpg,18و98674
3234.jpg,23و63974
3235.jpg,55و83132
3236.jpg,85و28716
3237.jpg,31و79974
3239.jpg,86و25626
3240.jpg,49و76874
3242.jpg,65و48574
3246.jpg,26و44599
3247.jpg,73و59766
3250.jpg,17و85466
3251.jpg,54و81568
3252.jpg,96و89943
3253.jpg,81و48410
3254.jpg,55و98588
3256.jpg,79و48368
3258.jpg,38و99619
3260.jpg,69و96134
3261.jpg,16و86619
3262.jpg,13و56219
3264.jpg,45و25619
3265.jpg,92و37668
3267.jpg,68و69619
3270.jpg,91و69599
3271.jpg,57و23153
3272.jpg,44و99755
3273.jpg,35و59213
3277.jpg,26و24777
3279.jpg,65و87943
3281.jpg,11و85153
3282.jpg,11و58410
3283.jpg,44و65353
3284.jpg,28و87788
3285.jpg,93و38433
3286.jpg,74و12555
3288.jpg,66و19955
3289.jpg,58و91122
3290.jpg,58و65553
3291.jpg,14و46333
3292.jpg,55و18153
3293.jpg,17و66199
3294.jpg,34و19166
3296.jpg,22و76866
3297.jpg,68و81977
3298.jpg,95و93110
3299.jpg,65و32777
3300.jpg,11و69888
3304.jpg,93و88322
3305.jpg,72و32338
3308.jpg,53و71577
3309.jpg,75و69866
3310.jpg,12و82699
3311.jpg,63و31268
3312.jpg,46و13322
3313.jpg,86و81188
3314.jpg,14و67611
3315.jpg,33و42710
3316.jpg,11و58410
3318.jpg,85و86899
3319.jpg,49و92399
3320.jpg,25و85610
3321.jpg,25و85610
3322.jpg,99و26266
3323.jpg,11و68399
3324.jpg,97و34399
3327.jpg,83و26388
3328.jpg,42و44810
3331.jpg,67و43811
3332.jpg,49و75444
3333.jpg,37و25966
3334.jpg,32و73477
3335.jpg,39و42399
3336.jpg,96و16511
3337.jpg,59و42410
3339.jpg,83و92810
3340.jpg,68و68744
3341.jpg,86و99863
3343.jpg,67و27183
3344.jpg,17و29210
3345.jpg,55و34410
3347.jpg,82و67477
3350.jpg,64و22463
3351.jpg,84و12444
3354.jpg,95و42711
3355.jpg,24و42199
3356.jpg,54و37963
3357.jpg,78و23563
3358.jpg,82و67477
3359.jpg,83و15253
3360.jpg,46و97799
3361.jpg,46و37999
3362.jpg,78و84322
3365.jpg,47و15988
3366.jpg,19و57244
3367.jpg,13و73922
3368.jpg,91و95899
3369.jpg,38و91278
3370.jpg,57و35899
3371.jpg,59و59943
3372.jpg,18و42978
3373.jpg,12و51399
3374.jpg,57و35899
3375.jpg,42و83844
3376.jpg,49و97813
3377.jpg,26و72388
3379.jpg,76و92353
3381.jpg,69و27888
3382.jpg,47و17852
3385.jpg,19و42399
3386.jpg,18و33844
3387.jpg,12و51399
3389.jpg,76و48288
3390.jpg,33و67310
3391.jpg,54و69388
3392.jpg,63و99733
3395.jpg,98و59588
3396.jpg,23و26399
3400.jpg,27و58434
3401.jpg,99و26610
3402.jpg,31و45344
3403.jpg,28و26810
3404.jpg,36و93510
3405.jpg,82و61410
3406.jpg,68و46210
3408.jpg,12و14888
3409.jpg,76و86710
3410.jpg,94و56699
3411.jpg,19و15188
3412.jpg,77و94553
3413.jpg,27و93922
3415.jpg,51و91588
3417.jpg,82و14299
3418.jpg,82و14299
3419.jpg,73و48133
3421.jpg,15و25877
3422.jpg,32و37499
3424.jpg,51و43544
3425.jpg,77و68863
3426.jpg,48و94710
3431.jpg,61و25144
3432.jpg,64و41736
3433.jpg,48و94710
3435.jpg,36و54838
3438.jpg,74و35563
3439.jpg,41و27214
3440.jpg,77و68863
3442.jpg,26و18433
3444.jpg,54و37938
3445.jpg,94و69422
3446.jpg,54و37938
3447.jpg,33و23921
3448.jpg,34و32932
3450.jpg,18و52144
3452.jpg,27و27932
3453.jpg,28و49134
3454.jpg,87و88710
3456.jpg,97و79299
3457.jpg,19و41621
3458.jpg,36و24134
3459.jpg,37و46634
3460.jpg,35و12344
3461.jpg,39و76811
3462.jpg,66و45299
3463.jpg,59و23977
3464.jpg,94و24542
3465.jpg,91و92844
3466.jpg,69و14616
3468.jpg,23و81410
3469.jpg,41و31242
3470.jpg,27و66436
3471.jpg,87و86536
3472.jpg,29و55699
3475.jpg,27و66436
3476.jpg,36و58212
3477.jpg,94و24542
3480.jpg,98و27542
3481.jpg,42و34112
3482.jpg,99و79936
3483.jpg,59و53612
3485.jpg,76و29436
3490.jpg,24و68799
3491.jpg,41و81388
3492.jpg,12و51399
3493.jpg,35و45310
3495.jpg,15و92888
3498.jpg,47و43688
3499.jpg,86و12355
3500.jpg,71و47444
3501.jpg,84و65988
3502.jpg,34و69866
3503.jpg,82و79366
3504.jpg,12و14138
3505.jpg,82و73299
3506.jpg,21و39788
3507.jpg,85و13122
3508.jpg,24و68799
3509.jpg,33و13710
3511.jpg,57و32188
3512.jpg,72و47366
3514.jpg,13و62944
3515.jpg,85و81822
3516.jpg,16و14910
3518.jpg,72و77822
3519.jpg,58و16624
3520.jpg,16و51334
3521.jpg,25و96634
3522.jpg,36و68155
3523.jpg,11و44234
3524.jpg,14و82134
3525.jpg,23و34534
3526.jpg,32و93242
3528.jpg,11و23434
3529.jpg,15و36534
3530.jpg,74و23724
3531.jpg,23و27234
3532.jpg,23و25434
3534.jpg,34و71334
3537.jpg,22و37434
3539.jpg,23و93242
3540.jpg,14و91134
3542.jpg,26و71334
3544.jpg,16و23434
3545.jpg,34و79934
3549.jpg,37و34734
3550.jpg,37و76134
3551.jpg,93و19888
3554.jpg,72و16824
3555.jpg,38و67234
3556.jpg,31و66534
3558.jpg,35و17334
3559.jpg,73و75434
3562.jpg,63و48624
3563.jpg,83و95711
3564.jpg,29و72138
3565.jpg,97و11768
3566.jpg,16و29834
3567.jpg,41و25968
3568.jpg,63و45238
3570.jpg,25و34434
3572.jpg,55و92721
3573.jpg,18و31934
3574.jpg,18و47999
3575.jpg,15و44134
3576.jpg,93و57768
3577.jpg,63و29599
3578.jpg,28و28188
3579.jpg,82و39621
3580.jpg,29و72138
3581.jpg,63و41768
3582.jpg,15و72488
3583.jpg,25و86344
3584.jpg,14و16768
3585.jpg,89و58621
3586.jpg,38و64834
3589.jpg,63و25988
3590.jpg,96و88168
3591.jpg,35و51624
3595.jpg,74و23724
3596.jpg,82و44768
3597.jpg,75و76868
3599.jpg,65و12138
3600.jpg,27و74234
3602.jpg,34و79934
3603.jpg,38و67234
3605.jpg,75و76868
3606.jpg,15و44134
3607.jpg,35و17334
3608.jpg,14و82134
3609.jpg,22و77134
3612.jpg,15و36534
3613.jpg,58و16624
3614.jpg,24و47134
3615.jpg,75و76868
3620.jpg,91و61721
3621.jpg,29و72138
3622.jpg,38و44134
3624.jpg,37و34734
3625.jpg,21و88668
3627.jpg,32و35534
3629.jpg,36و24134
3631.jpg,68و36822
3633.jpg,28و57934
3635.jpg,17و76766
3636.jpg,19و24677
3637.jpg,15و19634
3638.jpg,12و81534
3640.jpg,13و94734
3642.jpg,11و39424
3643.jpg,22و37434
3644.jpg,86و75910
3645.jpg,39و58744
3646.jpg,19و26234
3647.jpg,58و24136
3648.jpg,25و91134
3649.jpg,25و47434
3650.jpg,25و96634
3651.jpg,26و47734
3653.jpg,48و93155
3654.jpg,19و91278
3655.jpg,34و52534
3657.jpg,86و22244
3659.jpg,33و47969
3660.jpg,47و93766
3661.jpg,44و75366
3663.jpg,96و43799
3664.jpg,18و51499
3665.jpg,32و52677
3666.jpg,56و55468
3667.jpg,86و78810
3668.jpg,28و51211
3669.jpg,84و41421
3670.jpg,19و41621
3671.jpg,65و36299
3672.jpg,89و72499
3673.jpg,74و35188
3674.jpg,37و82844
3675.jpg,47و88244
3676.jpg,23و12277
3678.jpg,28و71488
3679.jpg,18و16266
3680.jpg,89و26599
3681.jpg,72و45411
3682.jpg,92و76855
3683.jpg,57و93699
3684.jpg,98و66944
3685.jpg,21و49199
3686.jpg,56و45321
3687.jpg,73و57211
3688.jpg,87و76299
3689.jpg,85و24599
3690.jpg,94و73711
3692.jpg,92و87111
3693.jpg,78و49588
3695.jpg,67و59757
3696.jpg,12و31299
3697.jpg,39و85810
3700.jpg,38و96344
3703.jpg,57و51677
3704.jpg,12و64299
3705.jpg,71و44238
3707.jpg,51و18866
3708.jpg,16و49477
3709.jpg,35و35199
3710.jpg,73و64957
3711.jpg,36و17566
3712.jpg,19و46655
3713.jpg,19و96199
3714.jpg,27و74955
3715.jpg,18و24510
3716.jpg,76و18210
3717.jpg,98و95544
3718.jpg,39و21910
3720.jpg,19و96199
3721.jpg,22و82799
3722.jpg,27و74955
3724.jpg,63و25557
3725.jpg,98و96299
3729.jpg,95و39722
3730.jpg,58و58622
3731.jpg,33و72322
3733.jpg,29و81621
3734.jpg,56و31121
3736.jpg,66و59321
3737.jpg,14و76710
3738.jpg,25و63378
3739.jpg,99و45915
3740.jpg,75و47666
3741.jpg,41و61336
3742.jpg,74و78699
3743.jpg,74و78699
3744.jpg,34و55711
3745.jpg,15و86610
3746.jpg,57و81410
3748.jpg,74و42911
3749.jpg,71و92888
3750.jpg,95و55399
3751.jpg,87و25210
3752.jpg,34و33910
3753.jpg,74ج82499
3754.jpg,56ج58120
3756.jpg,38ج92477
3757.jpg,22ج64521
3759.jpg,53ج78716
3762.jpg,45ج93716
3763.jpg,92ج51640
3766.jpg,75ج73712
3767.jpg,64ج71540
3768.jpg,68ج88812
3769.jpg,35ج34512
3770.jpg,94ج93142
3771.jpg,64ج55136
3772.jpg,23ج41136
3773.jpg,76ج88716
3775.jpg,81ج69586
3776.jpg,87ج37219
3777.jpg,22ج78611
3778.jpg,67ج79679
3779.jpg,73ج81716
3780.jpg,42ج52686
3781.jpg,99ج89221
3782.jpg,98ج13816
3783.jpg,28ج18468
3784.jpg,38ج42647
3786.jpg,87ج93896
3787.jpg,97ج74622
3788.jpg,75ج22211
3789.jpg,22ج29244
3791.jpg,46ج71619
3793.jpg,82ج65419
3794.jpg,39ج54338
3795.jpg,94ج14977
3796.jpg,96ج48966
3797.jpg,17ج67296
3798.jpg,23ج46941
3800.jpg,65ج46488
3801.jpg,77ج17953
3802.jpg,76ج88666
3803.jpg,42ج34953
3807.jpg,72ج94510
3808.jpg,58ج75567
3809.jpg,59ج28210
3810.jpg,81ج64369
3811.jpg,71ج91720
3812.jpg,51ج73553
3814.jpg,12ج49620
3815.jpg,79ج13353
3817.jpg,64ج58811
3818.jpg,21ج24420
3819.jpg,78ج65555
3820.jpg,29ج38620
3821.jpg,29ج13786
3822.jpg,73ج11267
3824.jpg,33ج59110
3827.jpg,14ج87266
3829.jpg,93ج38422
3830.jpg,14ج32920
3831.jpg,82ج82218
3832.jpg,98ج16310
3834.jpg,89ج86425
3835.jpg,51ج28510
3837.jpg,87ج24488
3838.jpg,82ج46644
3839.jpg,61ج18520
3841.jpg,43ج87719
3843.jpg,76ج97699
3844.jpg,21ج86210
3845.jpg,72ج14777
3847.jpg,19ج98344
3848.jpg,61ج13266
3849.jpg,46ج31176
3850.jpg,47ج75655
3851.jpg,35ج32944
3856.jpg,29ج66466
3857.jpg,98ج98720
3859.jpg,55ج24888
3860.jpg,96ج57499
3862.jpg,65ج49244
3864.jpg,95ج16720
3865.jpg,67ج42566
3866.jpg,65ج94120
3868.jpg,45ج85399
3870.jpg,45ج85399
3871.jpg,51ج49999
3872.jpg,77ج27355
3873.jpg,67ج61910
3874.jpg,61ج17422
3875.jpg,13ج57899
3877.jpg,86ج76210
3879.jpg,15ج18244
3880.jpg,13ج75263
3881.jpg,61ج91110
3882.jpg,49ج13163
3883.jpg,16ج42292
3884.jpg,37ج99788
3886.jpg,95ج15593
3887.jpg,13ج49493
3888.jpg,29ج17144
3889.jpg,74ج46487
3890.jpg,72ج17462
3891.jpg,64ج25163
3892.jpg,28ج71420
3893.jpg,33ج18944
3895.jpg,41ج52958
3896.jpg,69ج83644
3897.jpg,46ج27620
3898.jpg,39ج18320
3899.jpg,88ج59793
3902.jpg,58ج16812
3903.jpg,44ج91953
3904.jpg,32ج43199
3905.jpg,16ج24293
3907.jpg,86ج75210
3908.jpg,44ج68711
3909.jpg,63ج37712
3911.jpg,97ج43110
3912.jpg,23ج57168
3913.jpg,47ج78877
3914.jpg,29ج58871
3915.jpg,77ج59577
3916.jpg,48ج98577
3917.jpg,69ج38388
3918.jpg,69ج98110
3919.jpg,68ج68310
3920.jpg,85ج58120
3921.jpg,34ج44467
3922.jpg,61ج62967
3923.jpg,18ج63744
3924.jpg,88ج49544
3926.jpg,17ج61133
3927.jpg,55ج44911
3928.jpg,24ج59555
3929.jpg,95ج26611
3930.jpg,62ج11741
3931.jpg,31ج83820
3934.jpg,76ج59977
3935.jpg,51ج66316
3937.jpg,73ج31655
3939.jpg,67ج75167
3940.jpg,46ج97955
3941.jpg,72ج34818
3942.jpg,42ج54455
3945.jpg,72ج52688
3946.jpg,49ج75410
3947.jpg,11ج72744
3949.jpg,96ج42199
3950.jpg,31ج76811
3951.jpg,67ج37577
3952.jpg,51ج17266
3953.jpg,67ج22955
3954.jpg,72ج62853
3956.jpg,62ج47716
3957.jpg,11ج16822
3958.jpg,27ج75953
3959.jpg,72ج85799
3960.jpg,62ج98899
3961.jpg,46ج12420
3963.jpg,27ج41867
3964.jpg,46ج42238
3965.jpg,95ج77177
3966.jpg,84ج23810
3967.jpg,22ج89198
3968.jpg,97ج63610
3969.jpg,59ج48298
3970.jpg,75ج94298
3971.jpg,44ج65698
3972.jpg,43ج98610
3974.jpg,73ج71557
3975.jpg,13ج81498
3977.jpg,43ج64498
3978.jpg,55ج51398
3979.jpg,74ج61998
3980.jpg,12ج61498
3981.jpg,63ج66798
3982.jpg,47ج69910
3983.jpg,47ج44998
3985.jpg,61ج34198
3986.jpg,19ج59229
3988.jpg,85ج87216
3989.jpg,55ج62698
3991.jpg,13ج81298
3992.jpg,91ج17638
3993.jpg,51ج26698
3994.jpg,59ج25833
3999.jpg,63ج53416
4000.jpg,21ج46129
4001.jpg,42ج34198
4002.jpg,63ج83755
4003.jpg,14ج46398
4004.jpg,46ج89663
4005.jpg,77ج32510
4006.jpg,11ج47977
4008.jpg,48ج54877
4009.jpg,15ج68811
4010.jpg,29ج42929
4011.jpg,34ج88177
4014.jpg,92ج58320
4015.jpg,98ج23487
4017.jpg,74ج43588
4018.jpg,84ج79166
4019.jpg,97ج95544
4020.jpg,44ج82988
4021.jpg,22ج47616
4023.jpg,87ج42510
4025.jpg,27ج79788
4026.jpg,79ج35236
4027.jpg,83ج37455
4028.jpg,99ج69410
4029.jpg,25ج52677
4030.jpg,56ج86472
4032.jpg,78ج63910
4033.jpg,61ج76511
4034.jpg,73ج34744
4035.jpg,44ج13755
4038.jpg,59ج17882
4040.jpg,52ج18722
4041.jpg,87ج27412
4042.jpg,56ج77644
4044.jpg,26ج81733
4045.jpg,65ج26144
4046.jpg,79ج25499
4047.jpg,14ج16868
4048.jpg,49ج27255
4049.jpg,38ج32420
4050.jpg,41ج32599
4051.jpg,68ج37436
4052.jpg,88ج76812
4053.jpg,88ج12236
4054.jpg,24ج51355
4055.jpg,73ج13688
4057.jpg,16ج81174
4061.jpg,15ج55842
4062.jpg,33ج21220
4063.jpg,62ج34736
4064.jpg,63ج48311
4065.jpg,49ج62712
4066.jpg,64ج63611
4067.jpg,37ج89636
4069.jpg,85ج24699
4070.jpg,38ج88220
4072.jpg,35ج87410
4073.jpg,93ج62138
4074.jpg,65ج84510
4076.jpg,92ج66910
4077.jpg,49ج35541
4080.jpg,17ج17111
4081.jpg,83ج75420
4082.jpg,97ج93220
4083.jpg,57ج56720
4085.jpg,26ج23855
4086.jpg,35ج14710
4087.jpg,73ج72420
4088.jpg,96ج38616
4089.jpg,83ج75420
4090.jpg,12ج26110
4091.jpg,12ج91521
4092.jpg,34ج95769
4093.jpg,43ج56941
4094.jpg,59ج84952
4095.jpg,81ج87220
4096.jpg,33ج77366
4097.jpg,65ج85520
4098.jpg,16ج15810
4099.jpg,33ج61588
4100.jpg,37ج72522
4101.jpg,62ج18941
4102.jpg,72ج48188
4103.jpg,26ج54367
4104.jpg,62ج98867
4107.jpg,63ج81968
4108.jpg,58ج75668
4109.jpg,26ج77168
4111.jpg,63ج29468
4112.jpg,49ج18455
4113.jpg,63ج45138
4114.jpg,35ج14468
4115.jpg,91ج12468
4118.jpg,82ج15977
4119.jpg,71ج72188
4120.jpg,97ج78568
4121.jpg,87ج54568
4122.jpg,19ج85668
4125.jpg,27ج24520
4126.jpg,64ج81744
4127.jpg,28ج83720
4129.jpg,67ج96525
4130.jpg,87ج99468
4131.jpg,95ج13868
4133.jpg,62ج18941
4134.jpg,82ج96868
4135.jpg,67ج96525
4136.jpg,18ج56812
4137.jpg,55ج92320
4138.jpg,62ج34736
4139.jpg,79ج35236
4141.jpg,44ج66455
4142.jpg,16ج56533
4144.jpg,95ج43310
4145.jpg,11ج86814
4146.jpg,56ج46477
4147.jpg,17ج65372
4149.jpg,12ج51116
4150.jpg,47ج47999
4151.jpg,67ج52499
4152.jpg,77ج37768
4155.jpg,33ج44588
4156.jpg,14ج38536
4157.jpg,41ج55278
4158.jpg,86ج96388
4160.jpg,32ج43199
4161.jpg,92ج77866
4163.jpg,29ج23410
4164.jpg,97ج69577
4165.jpg,82ج99234
4166.jpg,62ج44711
4167.jpg,82ج54911
4168.jpg,53ج25110
4169.jpg,91ج56499
4171.jpg,58ج12288
4172.jpg,39ج55510
4173.jpg,44ج66588
4174.jpg,46ج84420
4175.jpg,99ج49210
4176.jpg,58ج97920
4177.jpg,26ج72122
4180.jpg,34ج63910
4181.jpg,31ج65820
4182.jpg,79ج83278
4183.jpg,79ج83278
4184.jpg,77ج96921
4185.jpg,69ج53416
4187.jpg,69ج53416
4188.jpg,39ج43833
4189.jpg,74ج42257
4190.jpg,39ج67733
4191.jpg,48ج66321
4192.jpg,98ج23820
4193.jpg,77ج96921
4194.jpg,29ج89677
4197.jpg,21ج66378
4198.jpg,21ج66378
4201.jpg,71ج41510
4202.jpg,46ج27620
4203.jpg,76ج75320
4204.jpg,57ج64810
4205.jpg,87ج13222
4206.jpg,83ج45956
4207.jpg,41ج46755
4208.jpg,12ج73310
4209.jpg,62ج63366
4211.jpg,71ج34866
4213.jpg,31ج69288
4214.jpg,23ج37279
4216.jpg,25ج12811
4217.jpg,51ج59144
4218.jpg,92ج69266
4219.jpg,26ج53777
4220.jpg,25ج73777
4223.jpg,82ج76579
4224.jpg,47ج52855
4225.jpg,42ج81455
4226.jpg,38ج54791
4227.jpg,44ج22779
4229.jpg,21ج72191
4231.jpg,71ج36399
4232.jpg,99ج48877
4233.jpg,95ج44667
4234.jpg,39ج51788
4235.jpg,11ج48966
4236.jpg,63ج97110
4237.jpg,43ج44222
4238.jpg,43ج44222
4239.jpg,18ج72210
4240.jpg,96ج86910
4241.jpg,58ج35410
4243.jpg,78ج67155
4245.jpg,61ج32720
4246.jpg,22ج82516
4247.jpg,31ج64282
4248.jpg,39ج48316
4249.jpg,38ج47716
4250.jpg,45ج74149
4251.jpg,93ج12916
4252.jpg,81ج34616
4253.jpg,47ج85516
4254.jpg,99ج25616
4255.jpg,26ج31896
4256.jpg,22ج82516
4257.jpg,49ج41967
4258.jpg,51ج48216
4259.jpg,22ج16167
4260.jpg,87ج24661
4261.jpg,23ج46916
4262.jpg,62ج16116
4263.jpg,58ج86416
4264.jpg,47ج59416
4265.jpg,31ج27516
4266.jpg,52ج75316
4267.jpg,49ج36318
4268.jpg,95ج15688
4269.jpg,98ج95618
4270.jpg,96ج46718
4271.jpg,15ج21418
4272.jpg,99ج36918
4273.jpg,74ج86618
4275.jpg,36ج98618
4276.jpg,45ج22818
4279.jpg,73ج51728
4280.jpg,73ج48718
4281.jpg,66ج92918
4282.jpg,88ج54618
4286.jpg,21ج36824
4287.jpg,93ج47828
4288.jpg,92ج43318
4289.jpg,48ج56118
4290.jpg,62ج82318
4291.jpg,89ج56918
4293.jpg,47ج28618
4294.jpg,72ج65418
4295.jpg,45ج24618
4296.jpg,91ج85810
4297.jpg,39ج72618
4298.jpg,42ج62718
4299.jpg,43ج37718
4301.jpg,62ج88318
4303.jpg,14ج16718
4304.jpg,58ج65351
4307.jpg,69ج11037
4308.jpg,99ج61166
4309.jpg,53ج91488
4311.jpg,22ج72933
4312.jpg,25ج76155
4313.jpg,31ج47789
4314.jpg,28ج68220
4315.jpg,68ب54410
4316.jpg,54ب19244
4318.jpg,68ب31699
4319.jpg,27ب69677
4321.jpg,74ب57866
4322.jpg,53ب45488
4324.jpg,32ب53757
4325.jpg,98ب46316
4327.jpg,64ب53816
4328.jpg,14ب69757
4330.jpg,93ب21116
4331.jpg,56ب67774
4332.jpg,53ب65936
4335.jpg,15ب68174
4336.jpg,35ب71512
4337.jpg,18ب14274
4338.jpg,13ب71474
4339.jpg,81ب81774
4340.jpg,32ب15738
4342.jpg,82ب26589
4344.jpg,35ب24596
4345.jpg,25ب11679
4346.jpg,93ب93436
4348.jpg,49ب54386
4349.jpg,48ب49238
4351.jpg,62ب43596
4352.jpg,31ب95320
4353.jpg,31ب75337
4354.jpg,17ب12677
4355.jpg,42ب83268
4356.jpg,98ب67767
4357.jpg,64ب61894
4358.jpg,87ب76889
4359.jpg,95ب89289
4360.jpg,98ب74716
4362.jpg,84ب85419
4364.jpg,57ب28319
4365.jpg,38ب68219
4366.jpg,17ب16313
4367.jpg,89ب86753
4368.jpg,64ب66213
4369.jpg,44ب94467
4371.jpg,85ب16611
4372.jpg,25ب23119
4373.jpg,84ب23167
4374.jpg,78ب99567
4375.jpg,32ب14577
4376.jpg,16ب66867
4377.jpg,85ب67110
4380.jpg,32ب33414
4381.jpg,88ب47529
4383.jpg,19ب24971
4384.jpg,17ب66566
4385.jpg,78ب99567
4386.jpg,17ب76944
4387.jpg,33ب47677
4389.jpg,25ب32867
4390.jpg,27ب78413
4391.jpg,81ب14421
4392.jpg,61ب66410
4393.jpg,14ب72567
4394.jpg,13ب79111
4395.jpg,68ب82553
4396.jpg,57ب58613
4397.jpg,29ب61677
4398.jpg,49ب47399
4399.jpg,84ب63851
4400.jpg,69ب34419
4402.jpg,29ب61677
4403.jpg,96ب56120
4405.jpg,87ب71122
4406.jpg,32ب42210
4407.jpg,64ب54119
4408.jpg,17ب27466
4409.jpg,38ب38436
4410.jpg,29ب56438
4411.jpg,16ب26638
4412.jpg,94ب52188
4413.jpg,38ب29699
4414.jpg,32ب18747
4415.jpg,22ب71484
4417.jpg,37ب28255
4418.jpg,11ب65410
4420.jpg,76ب48421
4421.jpg,53ب49510
4422.jpg,55ب79744
4424.jpg,94ب66210
4426.jpg,33ب19799
4427.jpg,51ب24666
4428.jpg,91ب64711
4431.jpg,63ب51644
4432.jpg,94ب66210
4433.jpg,76ب46677
4434.jpg,95ب77355
4435.jpg,69ب39688
4436.jpg,33ب13833
4437.jpg,67ب14211
4439.jpg,37ب99620
4440.jpg,65ب88377
4442.jpg,44ب85666
4444.jpg,13ب86548
4445.jpg,44ب53688
4446.jpg,63ب54763
4448.jpg,32ب51863
4449.jpg,63ب47110
4450.jpg,14ب17455
4454.jpg,44ب87463
4455.jpg,71ب15133
4456.jpg,64ب48633
4458.jpg,17ب87520
4460.jpg,36ب86282
4461.jpg,67ب81592
4462.jpg,28ب71886
4464.jpg,56ب21810
4466.jpg,12ب35988
4467.jpg,45ب49767
4468.jpg,78ب75320
4469.jpg,88ب66267
4471.jpg,88ب22566
4472.jpg,97ب17567
4473.jpg,68ب45438
4474.jpg,79ب33810
4475.jpg,54ب81967
4476.jpg,26ب15855
4478.jpg,66ب61166
4480.jpg,86ب47466
4482.jpg,64ب77499
4484.jpg,59ب69252
4486.jpg,96ب39181
4487.jpg,48ب66910
4488.jpg,49ب24377
4489.jpg,92ب92467
4490.jpg,22ب19755
4491.jpg,89ب58499
4492.jpg,12ب13989
4493.jpg,91ب97855
4494.jpg,71ب15644
4495.jpg,53ب52866
4496.jpg,64ب75355
4497.jpg,34ب31720
4498.jpg,74ب97220
4500.jpg,89ب64255
4501.jpg,25ب36522
4503.jpg,48ب14966
4505.jpg,88ب12278
4506.jpg,26ب74710
4508.jpg,51ب11120
4509.jpg,34ب59233
4510.jpg,69ب63688
4512.jpg,85ب48466
4513.jpg,62ب83366
4514.jpg,47ب22855
4516.jpg,34ب87620
4517.jpg,95ب44398
4518.jpg,16ب51721
4519.jpg,68ب33498
4520.jpg,35ب15916
4521.jpg,13ب14698
4522.jpg,17ب38898
4523.jpg,25ب94116
4524.jpg,29ب34698
4525.jpg,45ب44698
4526.jpg,63ب83198
4527.jpg,88ب26529
4528.jpg,41ب39798
4529.jpg,96ب46798
4530.jpg,75ب74298
4531.jpg,87ب77510
4532.jpg,53ب86333
4534.jpg,87ب93966
4535.jpg,95ب17678
4536.jpg,28ب33998
4537.jpg,55ب73123
4538.jpg,81ب98298
4539.jpg,47ب46216
4540.jpg,87ب68698
4541.jpg,83ب14210
4542.jpg,31ب72316
4543.jpg,31ب68777
4544.jpg,35ب45898
4546.jpg,76ب51829
4547.jpg,68ب26598
4548.jpg,52ب39416
4549.jpg,94ب98998
4551.jpg,69ب63641
4552.jpg,19ب14893
4553.jpg,46ب43647
4554.jpg,94ب92624
4555.jpg,69ب73636
4556.jpg,51ب69889
4558.jpg,63ب15593
4559.jpg,32ب26393
4560.jpg,98ب82820
4561.jpg,44ب84910
4562.jpg,26ب29736
4563.jpg,89ب87748
4565.jpg,95ب29875
4566.jpg,76ب88357
4568.jpg,28ب32116
4569.jpg,26ب37210
4572.jpg,63ب15593
4573.jpg,61ب11935
4576.jpg,63ب16920
4577.jpg,92ب74716
4578.jpg,59ب59544
4579.jpg,21ب76578
4580.jpg,35ب54783
4582.jpg,89ب87748
4583.jpg,84ب17611
4584.jpg,47ب15253
4585.jpg,54ب29511
4586.jpg,66ب54688
4587.jpg,98ب44688
4589.jpg,28ب46888
4590.jpg,29ب68920
4591.jpg,84ب82299
4592.jpg,75ب43628
4593.jpg,67ب97238
4594.jpg,94ب52820
4596.jpg,58ب38356
4599.jpg,32ب94277
4601.jpg,88ب11788
4602.jpg,28ب46888
4604.jpg,75ب43628
4605.jpg,74ب62419
4606.jpg,11ب43255
4607.jpg,61ب12277
4608.jpg,11ب44468
4610.jpg,92ب59499
4611.jpg,91ب83279
4613.jpg,68ب26236
4615.jpg,14ب89974
4616.jpg,62ب76674
4617.jpg,37ب14674
4618.jpg,48ب33536
4619.jpg,35ب44244
4620.jpg,36ب93636
4621.jpg,65ب49874
4622.jpg,81ب39874
4623.jpg,78ب34974
4626.jpg,63ب35599
4627.jpg,78ب98552
4628.jpg,49ب16810
4629.jpg,66ب95436
4630.jpg,55ب45912
4631.jpg,28ب91277
4632.jpg,75ب67174
4635.jpg,37ب41622
4636.jpg,59ب19812
4637.jpg,76ب24166
4638.jpg,75ب17274
4640.jpg,23ب44574
4642.jpg,36ب57499
4644.jpg,14ب86874
4645.jpg,96ب66254
4646.jpg,99ب22388
4647.jpg,35ب91220
4649.jpg,83ب24466
4651.jpg,62ب45820
4652.jpg,88ب97218
4653.jpg,39ب85855
4654.jpg,48ب22199
4656.jpg,73ب62977
4657.jpg,34ب98188
4658.jpg,67ب44355
4659.jpg,81ب61811
4660.jpg,58ب94644
4661.jpg,64ب58820
4663.jpg,92ب48366
4664.jpg,46ب53935
4665.jpg,67ب68220
4666.jpg,34ب61520
4667.jpg,79ب96520
4669.jpg,37ب91557
4671.jpg,13ب55420
4672.jpg,91ب14344
4673.jpg,55ب53310
4674.jpg,69ب27355
4675.jpg,67ب84799
4677.jpg,35ب39899
4678.jpg,47ب56522
4681.jpg,33ب43918
4682.jpg,58ب66938
4683.jpg,33ب43918
4684.jpg,99ب46868
4685.jpg,19ب98468
4686.jpg,37ب33168
4687.jpg,96ب43777
4688.jpg,62ب67644
4689.jpg,95ب46799
4690.jpg,46ب93713
4691.jpg,17ب64110
4692.jpg,44ب51568
4693.jpg,71ب59568
4694.jpg,86ب39638
4696.jpg,83ب13638
4697.jpg,98ب92455
4698.jpg,42ب39977
4700.jpg,77ب95538
4701.jpg,15ب46338
4702.jpg,92ب88114
4706.jpg,36ب36999
4707.jpg,72ب18228
4709.jpg,93ب16536
4711.jpg,21ب83111
4712.jpg,21ب43799
4713.jpg,12ب97155
4715.jpg,41ب76674
4716.jpg,48ب97143
4717.jpg,85ب86116
4718.jpg,36ب78812
4719.jpg,32ب39733
4722.jpg,37ب74955
4723.jpg,12ب51677
4724.jpg,71ب95510
4725.jpg,41ب41456
4728.jpg,25ب42178
4729.jpg,47ب78199
4730.jpg,16ب43299
4731.jpg,91ب26767
4732.jpg,75ب43628
4734.jpg,23ب29720
4735.jpg,97ب73156
4736.jpg,18ب35120
4737.jpg,35ب67311
4739.jpg,19ب17520
4740.jpg,47ب77920
4741.jpg,95ب28920
4742.jpg,91ب21277
4743.jpg,53ب47755
4744.jpg,21ب12466
4745.jpg,73ب59520
4746.jpg,82ب82266
4747.jpg,46ب21111
4748.jpg,98ب91244
4749.jpg,75ب23933
4750.jpg,35ب82610
4751.jpg,45ب29333
4753.jpg,22ب45699
4754.jpg,87ب11266
4756.jpg,12ب46622
4757.jpg,25ب64238
4758.jpg,64ب99922
4759.jpg,64ب32455
4760.jpg,38ب32720
4761.jpg,68ب16110
4765.jpg,85ب68757
4766.jpg,54ب23377
4767.jpg,89ب53757
4768.jpg,45ب46657
4769.jpg,85ب68757
4770.jpg,85ب68757
4771.jpg,94ب45421
4772.jpg,43ب21757
4773.jpg,25ب24199
4774.jpg,25ب24199
4776.jpg,82ب69321
4778.jpg,64ب77499
4780.jpg,49ب22220
4781.jpg,24ب59122
4782.jpg,39ب79974
4783.jpg,36ب23899
4785.jpg,63ب32666
4786.jpg,69ب85422
4787.jpg,67ب16288
4788.jpg,26ب37555
4789.jpg,98ب91311
4790.jpg,62ب96410
4791.jpg,77ب51144
4792.jpg,77ب66120
4793.jpg,63ب91810
4794.jpg,87ب79188
4796.jpg,84ب92466
4797.jpg,24ب33991
4798.jpg,68ب27820
4799.jpg,46ب84320
4800.jpg,44ب88777
4801.jpg,39ب68688
4803.jpg,73ب78589
4806.jpg,31ب21520
4808.jpg,36ب24291
4809.jpg,44ب46577
4810.jpg,59ب54491
4811.jpg,37ب96491
4812.jpg,16ب51520
4813.jpg,74ب74788
4814.jpg,52ب59444
4815.jpg,74ب22788
4817.jpg,66ب62420
4818.jpg,49ب16587
4819.jpg,84ب47438
4820.jpg,39ب42221
4822.jpg,65ب35316
4824.jpg,27ب41316
4825.jpg,95ب72255
4826.jpg,67ب29357
4827.jpg,49ب99816
4828.jpg,97ب16516
4829.jpg,18ب88322
4830.jpg,19ب27116
4832.jpg,48ب16316
4834.jpg,88ب47516
4836.jpg,26ب95916
4837.jpg,26ب95916
4839.jpg,39ب72516
4840.jpg,57ب38544
4842.jpg,89ب42118
4843.jpg,41ب25918
4844.jpg,82ب73618
4847.jpg,26ب15518
4849.jpg,67ب56428
4850.jpg,52ب93418
4851.jpg,24ب53818
4854.jpg,86ب14228
4855.jpg,58ب81218
4857.jpg,73ب46518
4858.jpg,29ب77318
4860.jpg,58ب94318
4861.jpg,37ب27318
4862.jpg,23ب95851
4864.jpg,64ب28818
4865.jpg,16ب42618
4866.jpg,13ب49918
4868.jpg,71ب49418
4869.jpg,74ب52418
4870.jpg,83ب91118
4871.jpg,25ب62431
4872.jpg,85ب57518
4873.jpg,33ب25118
4874.jpg,94ب24518
4875.jpg,58ب23638
4876.jpg,47ب71218
4877.jpg,91ب71277
4878.jpg,58ب86118
4879.jpg,28ب92977
4881.jpg,31ب87920
4882.jpg,12ب78699
4883.jpg,19ب17199
4885.jpg,17ب75210
4887.jpg,93م78755
4888.jpg,79م32710
4889.jpg,87م84888
4890.jpg,28م32511
4891.jpg,73م11277
4892.jpg,75م86216
4893.jpg,99م69416
4894.jpg,91م29416
4895.jpg,75م86216
4896.jpg,75م87216
4898.jpg,41م19716
4901.jpg,46م75816
4902.jpg,64م23116
4903.jpg,49م79916
4904.jpg,31م51216
4905.jpg,82م29674
4907.jpg,71م45824
4909.jpg,86م54974
4910.jpg,54م86342
4911.jpg,22م66674
4912.jpg,35م96774
4914.jpg,41م75274
4917.jpg,28م69322
4919.jpg,61م28499
4921.jpg,54م65177
4923.jpg,25م51710
4924.jpg,48م51778
4925.jpg,88م61916
4926.jpg,16م58826
4929.jpg,83م88899
4930.jpg,27م59715
4931.jpg,63م19821
4932.jpg,94م86216
4933.jpg,62م88519
4934.jpg,61م39129
4935.jpg,58م34119
4936.jpg,51م19919
4937.jpg,33م88219
4940.jpg,24م69112
4942.jpg,25م62113
4943.jpg,71م28322
4944.jpg,12م84399
4945.jpg,42م11599
4948.jpg,91م88238
4951.jpg,81م54344
4952.jpg,18م11573
4953.jpg,72م82110
4954.jpg,57م43978
4956.jpg,97م75743
4957.jpg,27م74511
4958.jpg,79م74111
4959.jpg,17م59110
4960.jpg,11م77610
4961.jpg,76م48811
4962.jpg,81م68655
4963.jpg,49م27988
4964.jpg,35م13753
4965.jpg,76م28666
4966.jpg,53م64422
4967.jpg,48م65329
4968.jpg,15م26598
4969.jpg,55م59955
4970.jpg,96م14111
4971.jpg,64م84168
4972.jpg,37م99829
4973.jpg,18م72255
4974.jpg,24م17833
4975.jpg,17م97719
4976.jpg,82م44866
4977.jpg,73م72988
4978.jpg,75م52210
4979.jpg,23م52937
4980.jpg,54م65611
4982.jpg,48م73619
4983.jpg,33م51829
4985.jpg,47م67799
4986.jpg,11م37955
4987.jpg,24م97888
4989.jpg,86م22710
4991.jpg,12م76744
4993.jpg,24م51538
4994.jpg,79م95988
4995.jpg,95م62388
4996.jpg,83م47738
4997.jpg,15م14499
4999.jpg,53م72888
5001.jpg,71م19799
5002.jpg,58م59222
5003.jpg,35م72211
5004.jpg,46م51599
5006.jpg,21م71410
5007.jpg,65م75211
5008.jpg,24م62210
5009.jpg,12م99116
5010.jpg,53م37266
5011.jpg,96م25310
5012.jpg,53م72888
5013.jpg,22م46733
5014.jpg,32م41699
5015.jpg,71م48735
5016.jpg,74م72210
5018.jpg,38م44755
5020.jpg,19م79488
5021.jpg,34م87999
5022.jpg,18م17229
5023.jpg,57م99511
5024.jpg,34م83355
5025.jpg,17م96493
5027.jpg,32م77793
5030.jpg,39م73493
5031.jpg,97م45699
5033.jpg,12م54263
5035.jpg,87م94793
5036.jpg,91م77144
5037.jpg,42م21721
5038.jpg,34م87293
5039.jpg,24م19944
5042.jpg,59م16193
5043.jpg,19م92937
5044.jpg,47م35893
5045.jpg,55م57193
5047.jpg,37م92599
5049.jpg,43م12293
5050.jpg,62م56155
5052.jpg,83م21244
5054.jpg,18م42744
5056.jpg,72م58677
5057.jpg,11م38611
5058.jpg,17م42444
5059.jpg,35م15221
5060.jpg,46م47588
5061.jpg,58م48910
5062.jpg,36م58343
5063.jpg,89م26133
5064.jpg,21م97732
5065.jpg,19م18853
5066.jpg,17م69366
5067.jpg,79م69422
5068.jpg,59م53944
5069.jpg,87م92699
5070.jpg,82م33955
5071.jpg,77م81555
5072.jpg,39م72377
5074.jpg,47م45123
5075.jpg,24م98977
5076.jpg,65م89910
5077.jpg,74م52644
5078.jpg,24م13399
5079.jpg,78م13599
5080.jpg,41م97744
5081.jpg,96م57255
5082.jpg,67م25422
5083.jpg,24م65310
5084.jpg,69م56210
5086.jpg,19م43144
5087.jpg,26م59533
5090.jpg,76م62355
5091.jpg,92م16121
5092.jpg,59م35377
5093.jpg,69م48966
5094.jpg,85م43422
5095.jpg,37م27544
5096.jpg,95م59777
5097.jpg,17م69414
5098.jpg,19م55866
5101.jpg,16م85198
5102.jpg,26م49698
5103.jpg,31م15798
5104.jpg,28م18298
5105.jpg,12م86198
5107.jpg,22م83498
5108.jpg,21م83798
5109.jpg,21م79898
5110.jpg,31م91316
5111.jpg,32م48598
5112.jpg,24م36998
5113.jpg,17م12698
5114.jpg,18م53298
5115.jpg,13م78998
5116.jpg,28م37798
5120.jpg,28م97698
5121.jpg,21م26198
5122.jpg,29م38898
5123.jpg,16م58798
5124.jpg,17م17898
5125.jpg,31م77898
5126.jpg,15م63898
5127.jpg,23م92898
5128.jpg,22م73998
5129.jpg,21م96598
5130.jpg,19م57798
5131.jpg,26م16698
5132.jpg,24م21298
5136.jpg,27م89998
5138.jpg,52م77477
5139.jpg,22م67298
5140.jpg,15م47998
5141.jpg,25م91298
5142.jpg,11م53216
5143.jpg,25م94398
5144.jpg,12م77698
5145.jpg,31م58198
5146.jpg,31م12998
5147.jpg,28م78498
5148.jpg,25م72698
5150.jpg,29م62498
5151.jpg,24م47533
5152.jpg,29م34598
5155.jpg,11م22999
5157.jpg,21م43298
5160.jpg,21م67898
5161.jpg,28م38698
5163.jpg,26م92998
5164.jpg,19م42798
5165.jpg,23م61798
5168.jpg,19م44998
5169.jpg,21م28398
5170.jpg,23م42598
5171.jpg,14م18498
5172.jpg,17م31566
5174.jpg,19م49216
5176.jpg,28م94198
5177.jpg,24م69398
5179.jpg,12م71198
5180.jpg,31م43498
5181.jpg,18م69298
5183.jpg,12م34198
5184.jpg,16م49698
5185.jpg,31م17198
5186.jpg,24م45916
5188.jpg,35م83744
5189.jpg,41م65116
5190.jpg,12م73719
5191.jpg,18م73283
5193.jpg,35م67510
5196.jpg,74م83624
5197.jpg,41م95153
5199.jpg,89م89778
5201.jpg,71م58311
5202.jpg,61م12319
5203.jpg,16م75315
5204.jpg,78م61288
5205.jpg,89م94468
5206.jpg,81م96824
5207.jpg,87م76666
5208.jpg,72م16668
5209.jpg,16م16355
5211.jpg,67م37156
5213.jpg,52م85811
5214.jpg,99م62411
5215.jpg,48م25811
5217.jpg,19م54888
5218.jpg,93م87788
5220.jpg,19م54299
5221.jpg,12م14255
5223.jpg,87م85888
5224.jpg,76م64583
5225.jpg,87م57712
5228.jpg,57م52138
5229.jpg,37م79312
5230.jpg,55م63632
5231.jpg,91م39944
5232.jpg,61م38241
5233.jpg,15م15833
5234.jpg,15م24112
5235.jpg,95م47712
5236.jpg,12م24355
5237.jpg,54م12466
5238.jpg,65م63699
5239.jpg,53م48166
5240.jpg,31م18899
5241.jpg,21م15977
5243.jpg,62م87711
5244.jpg,83م74921
5245.jpg,59م49422
5246.jpg,79م99310
5247.jpg,85م13655
5248.jpg,53م92977
5249.jpg,48م43655
5252.jpg,91م77278
5253.jpg,59م47699
5254.jpg,75م31878
5255.jpg,18م79633
5256.jpg,47م13511
5257.jpg,51م76677
5258.jpg,42م84969
5259.jpg,91م37110
5260.jpg,74م41136
5261.jpg,96م45210
5262.jpg,16م42255
5263.jpg,87م51299
5265.jpg,37م42424
5267.jpg,35م84924
5268.jpg,34م89624
5269.jpg,63م83524
5271.jpg,13م98914
5273.jpg,63م83524
5274.jpg,14م12766
5275.jpg,36م36424
5277.jpg,58م55410
5278.jpg,84م48124
5279.jpg,75م79199
5280.jpg,68م22324
5281.jpg,29م53711
5282.jpg,72م63768
5283.jpg,87م47538
5284.jpg,62م35766
5285.jpg,29م98138
5286.jpg,32م15414
5288.jpg,94م45168
5291.jpg,31م95714
5292.jpg,56م56438
5296.jpg,23م84638
5301.jpg,52م28955
5302.jpg,82م25938
5303.jpg,41م28977
5304.jpg,44م47524
5305.jpg,84م84466
5306.jpg,94م45168
5307.jpg,82م25938
5312.jpg,76م47644
5313.jpg,78م89424
5314.jpg,77م29868
5315.jpg,84م48124
5316.jpg,46م56124
5317.jpg,56م49424
5318.jpg,76م47644
5319.jpg,32م15414
5320.jpg,21م81114
5321.jpg,88م29521
5322.jpg,82م55224
5323.jpg,37م42424
5324.jpg,49م99710
5326.jpg,58م44916
5327.jpg,22م55124
5328.jpg,25م74244
5331.jpg,61م38241
5332.jpg,27م39388
5333.jpg,81م39155
5334.jpg,78م35724
5335.jpg,63م11824
5336.jpg,95م65244
5338.jpg,19م59968
5339.jpg,84م22977
5340.jpg,59م43878
5341.jpg,38م71344
5342.jpg,31م92610
5343.jpg,73م64388
5345.jpg,83م21978
5346.jpg,69م85238
5347.jpg,61م92768
5348.jpg,86م25388
5349.jpg,69م83399
5350.jpg,11م73822
5353.jpg,21م83644
5354.jpg,87م22677
5357.jpg,31م42811
5358.jpg,17م85855
5359.jpg,44م41510
5361.jpg,71م79833
5362.jpg,89م81188
5363.jpg,85م42999
5364.jpg,19م13699
5365.jpg,99م76855
5366.jpg,43م94810
5367.jpg,11م23166
5368.jpg,11م26355
5369.jpg,85م22544
5371.jpg,62م86511
5372.jpg,26م19216
5374.jpg,85م35978
5375.jpg,36م48116
5377.jpg,99م11478
5378.jpg,95م84378
5380.jpg,23م14488
5381.jpg,52م52410
5382.jpg,62م17378
5383.jpg,62م17378
5385.jpg,58م66899
5386.jpg,41م28977
5387.jpg,67م57110
5388.jpg,87م26666
5389.jpg,25م65538
5395.jpg,55م15332
5401.jpg,52م28899
5402.jpg,64م52910
5403.jpg,64م52910
5404.jpg,44م24210
5407.jpg,56م53477
5408.jpg,24م92810
5410.jpg,99م86333
5412.jpg,74م72810
5413.jpg,25م47366
5415.jpg,75م69666
5416.jpg,26م89441
5417.jpg,13م92768
5419.jpg,21م17616
5420.jpg,29م64769
5422.jpg,18م44427
5424.jpg,12م93916
5425.jpg,53م36316
5426.jpg,55م65616
5427.jpg,27م79216
5428.jpg,35م47816
5429.jpg,17م99777
5430.jpg,53م85916
5431.jpg,14م61916
5432.jpg,46م39916
5433.jpg,14م21116
5435.jpg,58م52716
5436.jpg,64م12916
5437.jpg,64م12916
5438.jpg,25م94316
5440.jpg,42م69216
5441.jpg,22م13916
5442.jpg,92م28263
5443.jpg,21م91778
5444.jpg,87م45841
5446.jpg,17م16699
5447.jpg,21م79329
5449.jpg,74م52644
5451.jpg,27م85888
5452.jpg,96م39255
5454.jpg,84م46744
5455.jpg,18م76744
5458.jpg,77ق24711
5460.jpg,86ق59855
5461.jpg,79ق44516
5462.jpg,27ق46816
5463.jpg,27ق48116
5464.jpg,81ق51116
5465.jpg,54ق69216
5466.jpg,75ق85716
5467.jpg,84ق41420
5468.jpg,92ق94116
5469.jpg,19ق43816
5470.jpg,67ق15616
5471.jpg,74ق33916
5472.jpg,24ق33916
5473.jpg,65ق31474
5474.jpg,74ق48342
5475.jpg,36ق67974
5476.jpg,67ق98942
5477.jpg,24ق16736
5478.jpg,15ق88874
5479.jpg,88ق23742
5480.jpg,82ق92574
5481.jpg,12ق24779
5482.jpg,42ق69929
5483.jpg,22ق98611
5484.jpg,87ق76917
5485.jpg,56ق55968
5486.jpg,16ق76243
5489.jpg,36ق75429
5491.jpg,37ق27679
5492.jpg,84ق65955
5493.jpg,95ق67166
5494.jpg,38ق42599
5495.jpg,22ق28226
5496.jpg,51ق86934
5497.jpg,54ق23149
5499.jpg,29ق17719
5500.jpg,15ق56519
5502.jpg,85ق42419
5503.jpg,46ق84519
5504.jpg,27ق96719
5505.jpg,38ق95619
5506.jpg,75ق98213
5507.jpg,85ق12965
5508.jpg,57ق22999
5511.jpg,85ق12965
5513.jpg,96ق66913
5514.jpg,85ق28853
5517.jpg,14ق93177
5518.jpg,62ق72577
5520.jpg,55ق27253
5521.jpg,37ق59566
5522.jpg,26ق59677
5523.jpg,56ق55610
5524.jpg,35ق16113
5525.jpg,16ق51210
5527.jpg,54ق56222
5529.jpg,31ق34953
5531.jpg,74ق51510
5533.jpg,39ق64929
5536.jpg,37ق74877
5538.jpg,27ق85829
5540.jpg,25ق59629
5541.jpg,48ق81529
5542.jpg,51ق18729
5544.jpg,52ق21829
5545.jpg,43ق44129
5546.jpg,53ق95129
5547.jpg,49ق59929
5548.jpg,26ق28629
5549.jpg,46ق53929
5550.jpg,38ق44928
5551.jpg,22ق39229
5552.jpg,25ق65329
5553.jpg,99ق39966
5554.jpg,93ق84744
5555.jpg,83ق33777
5557.jpg,42ق47529
5560.jpg,15ق97929
5561.jpg,22ق15229
5562.jpg,76ق39299
5563.jpg,78ق56319
5564.jpg,37ق69728
5567.jpg,49ق99729
5568.jpg,47ق95729
5569.jpg,19ق91529
5570.jpg,52ق55529
5571.jpg,14ق53429
5572.jpg,39ق18429
5573.jpg,46ق84129
5574.jpg,46ق31329
5575.jpg,19ق79677
5576.jpg,52ق54529
5577.jpg,44ق64588
5578.jpg,28ق38829
5579.jpg,19ق34229
5580.jpg,25ق44729
5583.jpg,29ق76929
5584.jpg,44ق15529
5585.jpg,16ق16329
5586.jpg,12ق24829
5587.jpg,16ق12319
5588.jpg,28ق29929
5590.jpg,16ق84129
5592.jpg,93ق57588
5593.jpg,78ق56319
5594.jpg,43ق89329
5595.jpg,47ق65661
5596.jpg,37ق75529
5598.jpg,31ق26929
5601.jpg,18ق77429
5602.jpg,42ق49529
5604.jpg,24ق24329
5605.jpg,13ق43429
5607.jpg,49ق69529
5608.jpg,66ق13319
5609.jpg,48ق92929
5610.jpg,53ق21129
5611.jpg,42ق69828
5612.jpg,24ق97329
5613.jpg,51ق74529
5614.jpg,25ق35229
5615.jpg,21ق52129
5616.jpg,26ق77929
5617.jpg,44ق89629
5620.jpg,82ق92588
5621.jpg,25ق84329
5622.jpg,19ق79629
5623.jpg,34ق74755
5624.jpg,16ق81488
5627.jpg,54ق24329
5628.jpg,45ق81229
5629.jpg,12ق81229
5630.jpg,51ق71129
5631.jpg,28ق62929
5632.jpg,62ق26344
5634.jpg,19ق23110
5635.jpg,57ق45519
5636.jpg,75ق34432
5638.jpg,47ق27229
5639.jpg,57ق92177
5640.jpg,54ق16229
5643.jpg,42ق42679
5645.jpg,24ق44333
5646.jpg,24ق77329
5648.jpg,24ق43129
5649.jpg,45ق52229
5651.jpg,74ق78310
5652.jpg,87ق86655
5653.jpg,27ق35855
5654.jpg,26ق85529
5655.jpg,35ق35229
5657.jpg,21ق79699
5658.jpg,89ق41211
5661.jpg,54ق24329
5662.jpg,49ق94829
5664.jpg,87ق86655
5665.jpg,18ق41129
5666.jpg,46ق25229
5667.jpg,27ق35855
5668.jpg,22ق89229
5669.jpg,21ق79699
5670.jpg,67ق63119
5671.jpg,21ق74529
5672.jpg,24ق17622
5673.jpg,21ق96861
5674.jpg,24ق99429
5676.jpg,48ق76529
5677.jpg,98ق77811
5678.jpg,81ق94222
5679.jpg,48ق75529
5680.jpg,72ق31755
5682.jpg,44ق79899
5683.jpg,81ق16777
5684.jpg,47ق19929
5685.jpg,17ق82429
5687.jpg,13ق78393
5688.jpg,24ق48793
5689.jpg,34ق33810
5690.jpg,31ق57593
5691.jpg,51ق15488
5692.jpg,47ق49963
5693.jpg,32ق21988
5694.jpg,66ق51292
5698.jpg,54ق73110
5699.jpg,34ق25511
5700.jpg,49ق43511
5701.jpg,22ق59763
5702.jpg,17ق21294
5703.jpg,87ق52993
5704.jpg,24ق77810
5705.jpg,69ق92993
5707.jpg,62ق17955
5708.jpg,85ق12965
5710.jpg,34ق58833
5711.jpg,53ق82144
5712.jpg,48ق88525
5713.jpg,36ق89155
5714.jpg,39ق89163
5716.jpg,27ق12493
5717.jpg,58ق94493
5718.jpg,39ق45633
5719.jpg,83ق62493
5720.jpg,75ق72711
5721.jpg,67ق74911
5724.jpg,51ق17711
5725.jpg,74ق62812
5726.jpg,35ق62944
5727.jpg,39ق45733
5730.jpg,29ق93988
5731.jpg,25ق85737
5732.jpg,24ق87199
5733.jpg,63ق35688
5734.jpg,25ق76910
5735.jpg,87ق86310
5738.jpg,39ق82611
5739.jpg,27ق82955
5741.jpg,44ق47199
5742.jpg,57ق95988
5743.jpg,46ق72310
5744.jpg,51ق98446
5745.jpg,27ق31688
5746.jpg,27ق46110
5747.jpg,87ق48266
5749.jpg,14ق27944
5752.jpg,52ق71299
5753.jpg,47ق86853
5754.jpg,14ق67599
5755.jpg,44ق26488
5758.jpg,19ق89622
5759.jpg,84ق22411
5760.jpg,56ق31666
5761.jpg,12ق77133
5762.jpg,66ق32322
5764.jpg,17ق69813
5767.jpg,39ق28455
5768.jpg,28ق57255
5769.jpg,43ق29788
5773.jpg,85ق66716
5774.jpg,57ق74616
5775.jpg,19ق17998
5776.jpg,37ق86416
5777.jpg,43ق41466
5778.jpg,17ق92298
5781.jpg,12ق98416
5782.jpg,28ق25877
5783.jpg,24ق71711
5784.jpg,31ق67198
5785.jpg,42ق14677
5786.jpg,64ق92816
5787.jpg,29ق26516
5788.jpg,53ق43263
5789.jpg,26ق21416
5791.jpg,78ق77563
5792.jpg,46ق27216
5793.jpg,79ق67616
5794.jpg,17ق56999
5795.jpg,53ق43263
5796.jpg,98ق34616
5799.jpg,46ق88138
5800.jpg,98ق67716
5802.jpg,69ق56317
5803.jpg,94ق37633
5806.jpg,26ق82166
5807.jpg,34ق37424
5809.jpg,89ق22421
5811.jpg,22ق95555
5812.jpg,25ق72977
5813.jpg,15ق21655
5814.jpg,26ق31811
5815.jpg,15ق46112
5817.jpg,33ق24199
5818.jpg,77ق46673
5819.jpg,56ق69611
5820.jpg,83ق11222
5821.jpg,38ق74388
5822.jpg,56ق87266
5823.jpg,83ق86182
5824.jpg,61ق89342
5826.jpg,58ق51832
5828.jpg,61ق89342
5830.jpg,13ق36466
5831.jpg,25ق79111
5832.jpg,63ق18788
5833.jpg,28ق16974
5835.jpg,61ق89342
5836.jpg,34ق41977
5837.jpg,42ق28666
5838.jpg,66ق88174
5839.jpg,86ق25842
5841.jpg,68ق75874
5843.jpg,34ق25333
5844.jpg,79ق93274
5845.jpg,66ق88174
5846.jpg,57ق29774
5847.jpg,88ق79112
5848.jpg,43ق44133
5849.jpg,83ق12142
5853.jpg,17ق85711
5854.jpg,89ق42112
5855.jpg,66ق88174
5857.jpg,34ق59274
5860.jpg,19ق15255
5863.jpg,21ق78144
5865.jpg,85ق26677
5866.jpg,83ق29877
5868.jpg,66ق96688
5869.jpg,58ق82255
5870.jpg,24ق78610
5872.jpg,63ق37755
5873.jpg,95ق28182
5874.jpg,72ق29599
5875.jpg,82ق12955
5876.jpg,79ق61711
5877.jpg,51ق86838
5878.jpg,72ق13477
5879.jpg,23ق11436
5880.jpg,38ق45611
5881.jpg,95ق85310
5883.jpg,42ق18310
5885.jpg,65ق49914
5886.jpg,63ق54310
5887.jpg,71ق24855
5888.jpg,18ق41333
5889.jpg,15ق67755
5890.jpg,16ق57741
5891.jpg,29ق29822
5892.jpg,22ق78968
5893.jpg,36ق76110
5895.jpg,88ق37268
5896.jpg,76ق83133
5897.jpg,51ق69368
5898.jpg,12ق14610
5899.jpg,82ق36168
5901.jpg,51ق98446
5903.jpg,57ق21768
5904.jpg,77ق26655
5906.jpg,22ق88488
5908.jpg,22ق88488
5909.jpg,22ق88488
5910.jpg,39ق75968
5911.jpg,22ق88488
5912.jpg,39ق75968
5913.jpg,22ق88488
5914.jpg,59ق63138
5916.jpg,22ق88488
5917.jpg,96ق93368
5918.jpg,39ق75968
5920.jpg,22ق88488
5921.jpg,22ق88488
5922.jpg,39ق75968
5923.jpg,31ق11944
5924.jpg,82ق62277
5925.jpg,48ق59710
5927.jpg,87ق51442
5929.jpg,83ق32116
5930.jpg,38ق22499
5931.jpg,65ق49914
5932.jpg,65ق49914
5933.jpg,27ق72338
5934.jpg,48ق29566
5935.jpg,91ق11577
5936.jpg,41ق86311
5937.jpg,44ق48266
5938.jpg,47ق18888
5939.jpg,59ق49377
5941.jpg,35ق29199
5942.jpg,37ق63993
5943.jpg,38ق79999
5944.jpg,61ق86855
5946.jpg,43ق35588
5947.jpg,67ق68791
5948.jpg,65ق15199
5949.jpg,66ق72544
5950.jpg,32ق34775
5951.jpg,54ق32711
5952.jpg,87ق44210
5953.jpg,25ق91422
5954.jpg,76ق64488
5955.jpg,18ق51613
5956.jpg,16ق15833
5958.jpg,39ق13588
5960.jpg,89ق49488
5961.jpg,41ق42110
5962.jpg,36ق51922
5963.jpg,37ق14822
5964.jpg,92ق13288
5965.jpg,36ق19744
5966.jpg,33ق15899
5967.jpg,74ق74722
5968.jpg,34ق11410
5969.jpg,37ق62338
5970.jpg,39ق39366
5971.jpg,91ق97821
5972.jpg,63ق55321
5973.jpg,85ق85511
5974.jpg,54ق19421
5975.jpg,54ق19421
5977.jpg,69ق84221
5978.jpg,47ق61238
5979.jpg,47ق61238
5980.jpg,69ق84221
5981.jpg,27ق42822
5982.jpg,92ق19611
5983.jpg,61ق98177
5984.jpg,38ق48833
5985.jpg,75ق52811
5986.jpg,75ق47488
5987.jpg,25ق39744
5989.jpg,46ق93488
5991.jpg,63ق97877
5992.jpg,68ق16599
5993.jpg,89ق31766
5994.jpg,89ق31766
5996.jpg,17ق43499
5997.jpg,17ق43499
5999.jpg,86ق55110
6000.jpg,77ق25688
6003.jpg,56ق54377
6004.jpg,81ق61444
6006.jpg,36ق32879
6007.jpg,29ق87166
6009.jpg,21ق79479
6010.jpg,48ق38310
6011.jpg,27ق15366
6012.jpg,29ق16588
6013.jpg,61ق89277
6015.jpg,29ق71288
6016.jpg,34ق34455
6017.jpg,83ق55633
6018.jpg,92ق99388
6019.jpg,25ق41899
6020.jpg,17ق24510
6021.jpg,96ق92733
6022.jpg,84ق95877
6024.jpg,21ق94116
6025.jpg,65ق97216
6026.jpg,65ق97216
6027.jpg,25ق84755
6028.jpg,66ق16216
6029.jpg,94ق49716
6030.jpg,23ق92216
6031.jpg,58ق58316
6033.jpg,88ق34416
6035.jpg,25ق28416
6036.jpg,63ق31616
6037.jpg,51ق48516
6038.jpg,96ق15616
6039.jpg,79ق99416
6040.jpg,18ق28216
6041.jpg,96ق15910
6042.jpg,73ق28688
6044.jpg,39ق92716
6045.jpg,34ق84416
6046.jpg,29ق69116
6047.jpg,64ق35716
6048.jpg,33ق95816
6050.jpg,77ق44866
6053.jpg,82ق82916
6054.jpg,81ق46661
6055.jpg,47ق51216
6056.jpg,29ق48628
6057.jpg,28ق68419
6058.jpg,57ق43561
6059.jpg,69ق36299
6060.jpg,59ق21411
6061.jpg,59ق71411
6063.jpg,41ق42899
6064.jpg,53ق49244
6065.jpg,21ق63499
6066.jpg,29ق87166
6067.jpg,79ق42811
6069.jpg,72ص58388
6070.jpg,48ص17710
6071.jpg,19ص53144
6072.jpg,29ص67998
6073.jpg,83ص68216
6074.jpg,62ص76411
6075.jpg,31ص29216
6076.jpg,88ص12116
6079.jpg,69ص41816
6080.jpg,99ص78812
6081.jpg,73ص59418
6082.jpg,51ص34616
6083.jpg,89ص75116
6084.jpg,51ص84474
6085.jpg,45ص49136
6086.jpg,92ص51374
6087.jpg,89ص16274
6088.jpg,16ص74874
6089.jpg,22ص77836
6090.jpg,75ص22136
6091.jpg,27ص78774
6092.jpg,24ص92412
6093.jpg,82ص68168
6094.jpg,74ص36396
6095.jpg,12ص74831
6097.jpg,88ص51579
6098.jpg,16ص77210
6099.jpg,53ص41722
6100.jpg,26ص24372
6101.jpg,15ص87138
6102.jpg,85ص81578
6104.jpg,77ص61116
6106.jpg,57ص57421
6108.jpg,61ص81466
6110.jpg,92ص13388
6111.jpg,66ص71521
6112.jpg,46ص29526
6113.jpg,87ص22468
6114.jpg,47ص78496
6115.jpg,36ص42118
6118.jpg,14ص97213
6119.jpg,54ص26988
6120.jpg,78ص48522
6121.jpg,16ص18966
6122.jpg,94ص98513
6123.jpg,62ص28211
6124.jpg,37ص14553
6125.jpg,29ص87782
6126.jpg,96ص19488
6127.jpg,52ص43422
6128.jpg,52ص81953
6129.jpg,16ص21946
6130.jpg,85ص91112
6131.jpg,31ص85953
6134.jpg,59ص28913
6135.jpg,66ص62553
6136.jpg,56ص78738
6137.jpg,97ص33799
6138.jpg,49ص41619
6139.jpg,86ص14544
6140.jpg,83ص75555
6142.jpg,23ص48899
6144.jpg,42ص45988
6146.jpg,19ص67629
6147.jpg,64ص73268
6149.jpg,27ص78119
6150.jpg,18ص37322
6151.jpg,77ص55288
6152.jpg,14ص76721
6153.jpg,55ص82544
6155.jpg,47ص34719
6156.jpg,62ص33999
6158.jpg,65ص64118
6159.jpg,25ص38388
6160.jpg,63ص65399
6161.jpg,78ص44744
6162.jpg,24ص64244
6164.jpg,57ص63338
6166.jpg,57ص81622
6167.jpg,67ص74411
6168.jpg,64ص37888
6169.jpg,66ص52510
6170.jpg,87ص19566
6171.jpg,45ص59543
6173.jpg,57ص63338
6174.jpg,78ص78677
6175.jpg,57ص14555
6176.jpg,89ص73722
6177.jpg,57ص81622
6178.jpg,82ص51810
6179.jpg,86ص12410
6180.jpg,61ص66377
6181.jpg,91ص86663
6182.jpg,26ص61763
6183.jpg,87ص59193
6185.jpg,46ص71163
6186.jpg,47ص37773
6188.jpg,13ص39593
6189.jpg,73ص64299
6190.jpg,84ص17255
6191.jpg,88ص25193
6194.jpg,68ص42344
6195.jpg,52ص34510
6196.jpg,99ص92793
6198.jpg,21ص88611
6201.jpg,56ص56222
6202.jpg,53ص79988
6205.jpg,18ص89579
6206.jpg,29ص87782
6207.jpg,74ص95611
6208.jpg,26ص51755
6211.jpg,99ص17713
6212.jpg,46ص41523
6214.jpg,47ص81410
6215.jpg,26ص33197
6217.jpg,89ص77963
6218.jpg,29ص87782
6220.jpg,47ص49866
6221.jpg,73ص98699
6223.jpg,41ص84555
6224.jpg,91ص38910
6225.jpg,75ص17111
6226.jpg,95ص19621
6227.jpg,38ص33188
6228.jpg,44ص24643
6229.jpg,72ص45877
6230.jpg,84ص45913
6231.jpg,36ص18282
6234.jpg,71ص16374
6236.jpg,27ص91513
6237.jpg,69ص34588
6238.jpg,28ص59855
6239.jpg,94ص71766
6241.jpg,86ص42888
6242.jpg,98ص68355
6243.jpg,87ص29110
6244.jpg,31ص64444
6245.jpg,26ص16510
6246.jpg,15ص36288
6247.jpg,69ص67155
6251.jpg,83ص61410
6252.jpg,78ص76953
6253.jpg,93ص96610
6254.jpg,26ص14499
6255.jpg,31ص69210
6256.jpg,33ص27210
6257.jpg,54ص43143
6258.jpg,53ص91633
6259.jpg,81ص54316
6260.jpg,98ص54616
6261.jpg,25ص41399
6263.jpg,81ص54316
6264.jpg,14ص98710
6265.jpg,29ص37798
6268.jpg,87ص63516
6269.jpg,42ص72816
6270.jpg,62ص33255
6271.jpg,85ص15116
6272.jpg,18ص78966
6273.jpg,58ص57133
6274.jpg,93ص93533
6275.jpg,68ص25488
6276.jpg,55ص93863
6279.jpg,94ص45418
6281.jpg,37ص46557
6282.jpg,61ص48747
6283.jpg,26ص82316
6284.jpg,39ص29449
6285.jpg,39ص29449
6288.jpg,38ص96116
6289.jpg,14ص85537
6290.jpg,81ص11118
6293.jpg,75ص91947
6294.jpg,55ص93863
6295.jpg,45ص24454
6297.jpg,55ص21536
6298.jpg,25ص47568
6299.jpg,26ص41868
6301.jpg,61ص17688
6302.jpg,84ص41112
6304.jpg,45ص16710
6305.jpg,42ص55718
6306.jpg,17ص83166
6307.jpg,24ص56611
6309.jpg,72ص96334
6310.jpg,22ص77174
6311.jpg,66ص95110
6312.jpg,97ص77234
6315.jpg,89ص86355
6316.jpg,45ص84166
6317.jpg,61ص61134
6318.jpg,12ص37911
6319.jpg,48ص75322
6320.jpg,67ص89310
6322.jpg,78ص87796
6323.jpg,93ص18212
6324.jpg,21ص54895
6325.jpg,95ص17668
6326.jpg,19ص44474
6327.jpg,55ص21536
6328.jpg,45ص84866
6330.jpg,75ص82874
6331.jpg,97ص56677
6332.jpg,61ص26174
6333.jpg,93ص18212
6334.jpg,67ص71274
6335.jpg,99ص47736
6336.jpg,67ص71274
6338.jpg,74ص63174
6339.jpg,74ص63174
6340.jpg,76ص51274
6342.jpg,94ص55821
6343.jpg,61ص27212
6345.jpg,22ص75812
6346.jpg,83ص83312
6347.jpg,61ص26174
6348.jpg,26ص96288
6350.jpg,73ص45418
6351.jpg,55ص21510
6352.jpg,38ص48922
6353.jpg,91ص83199
6355.jpg,61ص33833
6356.jpg,81ص37366
6357.jpg,99ص59572
6358.jpg,56ص41414
6360.jpg,68ص47644
6362.jpg,18ص32166
6363.jpg,58ص63938
6365.jpg,14ص98577
6368.jpg,11ص94755
6369.jpg,87ص43293
6370.jpg,85ص21110
6371.jpg,75ص13144
6372.jpg,83ص39688
6373.jpg,89ص14834
6374.jpg,68ص94934
6375.jpg,97ص34134
6376.jpg,85ص27834
6377.jpg,25ص79134
6379.jpg,55ص13834
6380.jpg,28ص26534
6381.jpg,44ص46324
6382.jpg,89ص65724
6384.jpg,95ص86534
6386.jpg,84ص78334
6387.jpg,28ص73434
6389.jpg,91ص62434
6391.jpg,41ص52214
6392.jpg,35ص14844
6394.jpg,51ص41534
6396.jpg,55ص42134
6397.jpg,88ص11434
6398.jpg,26ص36334
6400.jpg,96ص84934
6401.jpg,36ص84334
6402.jpg,63ص62134
6405.jpg,29ص47524
6406.jpg,73ص21434
6408.jpg,77ص93434
6410.jpg,61ص79134
6411.jpg,24ص67434
6412.jpg,89ص14834
6413.jpg,66ص18434
6415.jpg,38ص19734
6418.jpg,45ص89434
6419.jpg,48ص56334
6421.jpg,57ص34834
6422.jpg,68ص21634
6423.jpg,28ص71734
6424.jpg,64ص32934
6426.jpg,77ص99334
6427.jpg,46ص95534
6428.jpg,73ص38234
6429.jpg,85ص71534
6430.jpg,26ص66834
6431.jpg,74ص34434
6432.jpg,47ص55234
6433.jpg,82ص76734
6434.jpg,73ص73334
6435.jpg,95ص11299
6436.jpg,26ص86721
6437.jpg,97ص77234
6438.jpg,69ص74231
6441.jpg,31ص26277
6442.jpg,36ص83768
6443.jpg,35ص32728
6445.jpg,82ص42921
6446.jpg,45ص19846
6447.jpg,29ص16114
6448.jpg,38ص41614
6449.jpg,81ص17834
6452.jpg,93ص22634
6453.jpg,82ص87755
6454.jpg,69ص67334
6456.jpg,22ص22668
6458.jpg,12ص52434
6462.jpg,53ص35421
6463.jpg,89ص51868
6464.jpg,97ص77234
6466.jpg,47ص42811
6469.jpg,27ص83634
6470.jpg,86ص83668
6471.jpg,15ص21234
6472.jpg,37ص86534
6473.jpg,93ص12734
6478.jpg,39ص17234
6480.jpg,51ص41534
6481.jpg,88ص25134
6482.jpg,96ص84934
6483.jpg,17ص39834
6484.jpg,49ص98234
6486.jpg,51ص41534
6488.jpg,61ص61134
6490.jpg,52ص25224
6492.jpg,15ص79934
6493.jpg,95ص86534
6496.jpg,68ص94934
6497.jpg,77ص99334
6498.jpg,68ص94934
6499.jpg,61ص61134
6500.jpg,86ص78934
6501.jpg,82ص76734
6505.jpg,85ص39845
6506.jpg,74ص34434
6507.jpg,26ص66834
6509.jpg,69ص77334
6510.jpg,64ص47334
6511.jpg,95ص86534
6514.jpg,16ص18934
6515.jpg,18ص53834
6517.jpg,56ص73338
6518.jpg,82ص86334
6519.jpg,63ص48177
6520.jpg,86ص92534
6521.jpg,36ص88134
6522.jpg,17ص58833
6523.jpg,11ص78224
6524.jpg,55ص42134
6525.jpg,38ص24634
6526.jpg,26ص55522
6528.jpg,28ص26534
6529.jpg,84ص51514
6530.jpg,67ص93634
6531.jpg,96ص77834
6532.jpg,48ص57734
6533.jpg,32ص73734
6534.jpg,49ص32834
6535.jpg,91ص17734
6537.jpg,56ص38634
6539.jpg,15ص96134
6541.jpg,64ص77144
6542.jpg,83ص53934
6543.jpg,27ص89934
6545.jpg,61ص79134
6547.jpg,43ص39234
6548.jpg,83ص78634
6550.jpg,74ص63174
6551.jpg,73ص82734
6552.jpg,25ص46134
6554.jpg,92ص24734
6555.jpg,22ص43534
6556.jpg,72ص41855
6557.jpg,44ص41938
6558.jpg,59ص52434
6559.jpg,46ص69524
6560.jpg,27ص83634
6562.jpg,89ص98934
6563.jpg,67ص31274
6564.jpg,84ص14434
6565.jpg,12ص52434
6566.jpg,18ص68734
6567.jpg,12ص26634
6568.jpg,78ص13436
6570.jpg,36ص84334
6571.jpg,62ص74788
6573.jpg,75ص76268
6574.jpg,15ص23577
6575.jpg,18ص22977
6576.jpg,69ص43566
6577.jpg,49ص67211
6578.jpg,24ص95132
6579.jpg,29ص64911
6581.jpg,78ص33899
6582.jpg,24ص81610
6583.jpg,75ص98721
6584.jpg,45ص38216
6587.jpg,35ص49977
6588.jpg,85ص21444
6590.jpg,79ص79611
6591.jpg,29ص33710
6592.jpg,48ص47810
6593.jpg,74ص72633
6594.jpg,11ص44520
6595.jpg,58ص84310
6596.jpg,51ص59299
6598.jpg,16ص81433
6599.jpg,54ص18766
6600.jpg,43ص56133
6601.jpg,33ص88422
6602.jpg,99ص83377
6606.jpg,15ص63269
6607.jpg,61ص54566
6609.jpg,62ص16227
6610.jpg,74ص19423
6611.jpg,67ص39353
6612.jpg,24ص79277
6617.jpg,14ص85747
6618.jpg,14ص85747
6619.jpg,52ص42844
6620.jpg,16ص23744
6621.jpg,15ص56599
6622.jpg,25ص22899
6627.jpg,33ص14938
6628.jpg,26ص56199
6629.jpg,74ص51788
6630.jpg,73ص14610
6631.jpg,89ص96144
6632.jpg,55ص29528
6633.jpg,36ص13766
6634.jpg,36ص13766
6635.jpg,37ص35699
6636.jpg,37ص35699
6637.jpg,88ص89818
6638.jpg,66ص79166
6639.jpg,96ص58944
6640.jpg,89ص74844
6641.jpg,96ص58944
6642.jpg,98ص67211
6645.jpg,85ص85253
6646.jpg,94ص95356
6651.jpg,94ص44979
6653.jpg,88ص86988
6654.jpg,89ص68588
6656.jpg,32ص14978
6657.jpg,16ص83278
6658.jpg,91ص54233
6659.jpg,59ص62999
6660.jpg,19ص77844
6661.jpg,32ص54133
6662.jpg,39ص57699
6663.jpg,49ص12666
6664.jpg,42ص74318
6665.jpg,24ص79238
6667.jpg,61ص67616
6668.jpg,87ص99516
6672.jpg,77ص69216
6673.jpg,66ص79488
6674.jpg,59ص67516
6676.jpg,82ص33816
6677.jpg,26ص65916
6678.jpg,41ص64716
6679.jpg,23ص11866
6680.jpg,23ص78216
6682.jpg,34ص36766
6683.jpg,22ص19816
6684.jpg,39ص95516
6685.jpg,84ص47718
6687.jpg,77ص39918
6688.jpg,99ص14618
6690.jpg,48ص42818
6691.jpg,42ص58218
6692.jpg,66ص58918
6693.jpg,97ص27118
6695.jpg,58ص12818
6696.jpg,68ص71518
6697.jpg,99ص53818
6699.jpg,26ص94818
6700.jpg,15ص76818
6701.jpg,21ص64518
6703.jpg,41ص21218
6704.jpg,21ص83618
6706.jpg,67ص85993
6707.jpg,36ص67618
6708.jpg,14ص85418
6709.jpg,68ص19518
6710.jpg,69ص45918
6713.jpg,54ص17818
6714.jpg,75ص65718
6715.jpg,55ص52249
6716.jpg,19ص26118
6717.jpg,75ص78918
6718.jpg,14ص34518
6719.jpg,95ص27618
6720.jpg,29ص98518
6721.jpg,36ص61318
6722.jpg,79ص63918
6723.jpg,23ص28718
6724.jpg,46ص22418
6725.jpg,68ص45418
6727.jpg,63ص47518
6728.jpg,99ص86618
6730.jpg,69ص54718
6731.jpg,93ص14818
6734.jpg,77ص49577
6735.jpg,77ص49577
6736.jpg,28ص22410
6737.jpg,17ص16788
6738.jpg,25ص37344
6739.jpg,52ص52228
6740.jpg,59د35510
6741.jpg,97د72488
6742.jpg,18د52633
6743.jpg,13د19955
6744.jpg,52د87611
6745.jpg,46د81399
6746.jpg,85د78566
6749.jpg,99د86416
6750.jpg,59د17816
6751.jpg,71د67464
6752.jpg,79د87416
6753.jpg,82د26516
6757.jpg,82د85636
6758.jpg,96د28536
6759.jpg,45د56636
6760.jpg,13د16574
6762.jpg,68د86612
6764.jpg,74د49636
6766.jpg,58د43322
6767.jpg,28د51474
6768.jpg,77د57168
6769.jpg,62د47378
6771.jpg,39د21279
6772.jpg,83د82787
6775.jpg,89د55346
6777.jpg,56د56289
6778.jpg,55د32733
6779.jpg,39د18716
6781.jpg,61د36121
6782.jpg,39د99868
6783.jpg,78د95887
6784.jpg,27د99697
6785.jpg,56د56289
6787.jpg,96د59210
6788.jpg,75د91419
6790.jpg,79د62929
6791.jpg,55د97419
6793.jpg,59د67748
6794.jpg,87د32711
6795.jpg,47د31299
6796.jpg,54د16833
6797.jpg,52د99643
6798.jpg,65د55920
6799.jpg,38د99122
6800.jpg,28د76244
6801.jpg,83د88143
6802.jpg,28د49613
6804.jpg,74د76212
6805.jpg,16د78113
6807.jpg,14د59713
6809.jpg,81د73667
6810.jpg,63د65688
6811.jpg,49د47653
6812.jpg,49د32622
6814.jpg,91د77453
6815.jpg,74د11810
6816.jpg,65د19899
6817.jpg,98د19753
6819.jpg,16د29153
6820.jpg,29د97920
6821.jpg,76د72520
6822.jpg,97د45977
6824.jpg,87د75113
6828.jpg,23د49653
6829.jpg,16د49113
6830.jpg,71د31453
6831.jpg,18د82971
6832.jpg,52د24314
6834.jpg,16د17843
6835.jpg,34د45910
6836.jpg,62د38920
6837.jpg,58د28211
6838.jpg,79د71910
6839.jpg,54د31320
6840.jpg,73د98710
6841.jpg,99د22319
6842.jpg,23د99715
6843.jpg,94د78320
6844.jpg,62د87164
6845.jpg,97د74378
6846.jpg,76د72520
6849.jpg,53د36322
6851.jpg,24د85820
6852.jpg,22د99715
6853.jpg,48د67322
6854.jpg,41د57674
6855.jpg,38د54666
6856.jpg,24د86266
6857.jpg,88د97722
6859.jpg,42د45577
6860.jpg,42د45577
6861.jpg,65د95210
6862.jpg,73د12838
6863.jpg,44د54488
6864.jpg,45د94322
6865.jpg,82د27716
6866.jpg,47د17888
6867.jpg,94د57444
6869.jpg,66د51511
6871.jpg,56د94211
6872.jpg,82د18993
6873.jpg,56د94211
6874.jpg,97د95999
6875.jpg,51د36320
6876.jpg,86د55511
6877.jpg,15د43529
6878.jpg,43د67255
6882.jpg,91د24530
6883.jpg,78د24710
6884.jpg,72د35656
6885.jpg,64د22388
6886.jpg,13د12393
6887.jpg,89د22773
6888.jpg,86د49477
6889.jpg,93د29293
6892.jpg,13د12393
6894.jpg,92د73393
6895.jpg,38د35120
6896.jpg,91د22620
6897.jpg,38د71810
6898.jpg,66د33420
6899.jpg,58د56411
6900.jpg,34د13793
6901.jpg,11د44993
6902.jpg,29د68793
6903.jpg,58د56411
6905.jpg,42د44663
6907.jpg,93د21673
6908.jpg,93د81755
6910.jpg,91د14910
6911.jpg,83د75992
6912.jpg,95د19325
6913.jpg,97د38277
6914.jpg,59د23210
6915.jpg,85د56220
6916.jpg,91د87522
6917.jpg,99د11911
6918.jpg,98د24899
6919.jpg,45د31677
6920.jpg,35د16533
6921.jpg,89د43420
6922.jpg,58د72210
6924.jpg,43د41320
6925.jpg,91د87522
6926.jpg,78د24299
6927.jpg,89د86120
6928.jpg,92د52444
6929.jpg,61د43244
6931.jpg,66د43744
6932.jpg,72د75967
6934.jpg,74د92467
6935.jpg,57د34443
6936.jpg,92د15293
6939.jpg,35د66152
6941.jpg,57د54210
6942.jpg,63د28844
6944.jpg,77د18411
6946.jpg,31د62720
6947.jpg,15د94767
6948.jpg,74د16447
6949.jpg,85د58410
6950.jpg,19د26588
6951.jpg,91د89664
6952.jpg,59د84613
6954.jpg,31د48896
6955.jpg,75د89722
6956.jpg,85د58410
6957.jpg,34د58233
6959.jpg,97د44771
6960.jpg,57د25911
6961.jpg,56د67453
6962.jpg,43د29566
6963.jpg,75د89722
6964.jpg,61د77153
6965.jpg,96د26393
6966.jpg,23د95911
6968.jpg,26د38489
6970.jpg,75د96553
6971.jpg,32د71213
6972.jpg,17د12244
6974.jpg,14د57888
6975.jpg,52د52571
6976.jpg,57د12316
6978.jpg,92د74216
6979.jpg,43د54967
6981.jpg,85د49216
6982.jpg,95د75516
6983.jpg,31د71616
6984.jpg,99د56716
6986.jpg,54د91516
6988.jpg,79د75316
6989.jpg,49د71416
6990.jpg,37د82857
6991.jpg,19د85916
6992.jpg,27د81216
6993.jpg,66د47963
6994.jpg,22د54358
6995.jpg,45د43671
6996.jpg,54د12122
6997.jpg,94د45333
6999.jpg,94د48616
7001.jpg,83د17999
7002.jpg,88د51943
7003.jpg,23د32689
7005.jpg,22د87727
7006.jpg,46د45173
7008.jpg,89د29587
7010.jpg,16د64847
7011.jpg,72د58563
7012.jpg,72د58563
7013.jpg,98د52931
7014.jpg,11د57966
7015.jpg,12د59116
7016.jpg,35د77199
7018.jpg,42د69520
7019.jpg,63د29578
7020.jpg,24د88655
7021.jpg,73د89674
7022.jpg,17د91622
7023.jpg,23د14420
7024.jpg,19د28538
7025.jpg,72د94432
7026.jpg,17د68533
7027.jpg,68د55882
7028.jpg,64د81677
7029.jpg,68د13777
7030.jpg,52د99311
7032.jpg,57د61755
7033.jpg,63د29578
7034.jpg,96د57631
7035.jpg,33د39344
7036.jpg,31د81381
7037.jpg,23د28810
7039.jpg,54د39666
7042.jpg,76د84588
7043.jpg,69د96877
7044.jpg,46د74436
7045.jpg,59د86820
7047.jpg,81د65210
7049.jpg,17د16512
7051.jpg,76د29310
7054.jpg,86د83121
7055.jpg,78د68255
7056.jpg,17د42477
7058.jpg,64د82144
7059.jpg,92د57712
7061.jpg,47د42274
7062.jpg,19د33274
7063.jpg,82د85936
7065.jpg,27د25210
7066.jpg,61د22674
7067.jpg,81د44474
7068.jpg,27د82436
7071.jpg,45د35174
7074.jpg,49د82836
7075.jpg,63د42812
7076.jpg,38د19411
7077.jpg,51د93666
7078.jpg,54د92932
7079.jpg,82د51836
7080.jpg,44د62820
7081.jpg,57د56122
7082.jpg,31د93399
7083.jpg,52د14899
7084.jpg,31د38810
7085.jpg,15د57488
7086.jpg,29د68455
7087.jpg,58د91520
7088.jpg,62د66110
7089.jpg,45د96811
7090.jpg,31د93399
7091.jpg,87د79210
7092.jpg,54د39666
7094.jpg,37د48588
7095.jpg,68د59467
7098.jpg,24د37424
7099.jpg,53د57324
7100.jpg,17د53224
7102.jpg,42د16324
7104.jpg,31د25224
7106.jpg,61د36924
7107.jpg,13د86744
7108.jpg,98د14924
7112.jpg,31د25224
7113.jpg,96د77610
7115.jpg,93د35924
7116.jpg,22د79524
7117.jpg,24د94814
7118.jpg,24د42224
7119.jpg,88د16524
7120.jpg,12د32224
7121.jpg,96د17824
7122.jpg,23د33724
7123.jpg,21د21424
7124.jpg,23د33724
7127.jpg,58د21324
7128.jpg,83د82324
7129.jpg,25د85120
7130.jpg,15د95524
7131.jpg,93د43324
7132.jpg,31د94648
7133.jpg,24د52621
7135.jpg,67د23766
7136.jpg,61د61210
7137.jpg,57د67528
7138.jpg,29د53938
7139.jpg,95د54938
7140.jpg,17د26910
7141.jpg,14د86916
7143.jpg,88د94238
7144.jpg,38د95899
7148.jpg,57د67868
7151.jpg,32د72524
7152.jpg,46د33934
7153.jpg,27د77238
7154.jpg,27د77238
7155.jpg,68د96424
7157.jpg,65د15677
7158.jpg,95د54938
7159.jpg,98د24124
7160.jpg,68د18711
7161.jpg,43د97324
7162.jpg,98د35422
7165.jpg,22د79524
7166.jpg,11د99434
7167.jpg,61د36924
7168.jpg,87د34238
7169.jpg,76د71938
7170.jpg,21د21424
7171.jpg,17د53224
7172.jpg,85د99824
7174.jpg,78د56624
7175.jpg,75د56216
7176.jpg,28د34468
7177.jpg,63د55138
7179.jpg,11د69638
7183.jpg,63د69244
7187.jpg,69د38724
7188.jpg,28د34468
7189.jpg,38د97768
7190.jpg,91د87424
7191.jpg,93د35924
7193.jpg,11د99424
7194.jpg,44د76938
7195.jpg,23د54524
7196.jpg,43د97324
7199.jpg,21د28724
7200.jpg,81د44474
7201.jpg,12د84724
7203.jpg,82د75155
7204.jpg,83د13524
7206.jpg,81د57599
7207.jpg,41د72724
7208.jpg,17د82438
7209.jpg,31د25224
7210.jpg,91د76824
7211.jpg,98د24124
7212.jpg,38د97324
7213.jpg,71د26831
7216.jpg,66د36874
7219.jpg,93د43324
7221.jpg,95د82224
7222.jpg,27د72214
7223.jpg,96د17824
7224.jpg,61د56524
7226.jpg,22د91210
7227.jpg,94د25968
7228.jpg,85د89779
7229.jpg,25د35966
7230.jpg,76د35677
7231.jpg,64د23355
7233.jpg,54د85784
7235.jpg,56د85238
7236.jpg,28د48316
7237.jpg,13د17268
7238.jpg,46د94411
7241.jpg,51د66888
7242.jpg,72د32999
7244.jpg,83د43833
7245.jpg,59د35510
7247.jpg,28د14428
7249.jpg,27د55411
7250.jpg,57د33110
7252.jpg,29د92544
7253.jpg,27د17310
7255.jpg,97د56833
7256.jpg,97د56833
7257.jpg,76د35566
7258.jpg,99د53720
7259.jpg,75د35266
7260.jpg,67د82477
7261.jpg,62د88988
7262.jpg,93د47120
7263.jpg,29د61120
7264.jpg,11د11411
7265.jpg,21د78344
7266.jpg,59د39919
7267.jpg,88د73899
7270.jpg,72د21118
7273.jpg,68د81247
7274.jpg,68د81247
7275.jpg,29د88910
7276.jpg,11د87288
7279.jpg,43د19571
7280.jpg,87د57318
7281.jpg,17د26699
7282.jpg,82د74362
7286.jpg,37د25410
7287.jpg,95د91411
7288.jpg,86د49477
7289.jpg,87د83377
7290.jpg,83د64777
7291.jpg,23د12211
7292.jpg,46د62233
7293.jpg,47د58988
7294.jpg,14د46843
7295.jpg,14د46843
7296.jpg,66د75166
7298.jpg,39د67820
7300.jpg,93د89310
7301.jpg,34د59466
7302.jpg,99د84722
7304.jpg,93د89310
7306.jpg,11د99510
7308.jpg,63د57677
7309.jpg,32د78868
7311.jpg,33د98233
7312.jpg,91د56891
7313.jpg,68د65891
7314.jpg,14د13491
7316.jpg,31د37710
7317.jpg,33د13341
7318.jpg,38د85820
7319.jpg,46د15577
7320.jpg,74د65277
7321.jpg,72د88520
7322.jpg,55د97710
7323.jpg,69د25355
7324.jpg,91د12199
7325.jpg,94د76620
7327.jpg,27د16523
7328.jpg,39د65988
7329.jpg,58د78910
7330.jpg,91د33766
7331.jpg,77د96510
7332.jpg,57د25938
7333.jpg,91د93620
7334.jpg,25د85655
7335.jpg,12د11216
7336.jpg,17د79816
7337.jpg,17د79816
7339.jpg,43د11216
7340.jpg,99د38816
7341.jpg,41د77116
7342.jpg,34د21616
7345.jpg,49د51220
7346.jpg,56د25216
7347.jpg,56د25216
7348.jpg,56د25216
7349.jpg,15د43311
7351.jpg,96د66416
7352.jpg,31د78916
7353.jpg,85د91447
7354.jpg,64د73216
7357.jpg,98د53216
7358.jpg,98د53216
7359.jpg,82د31116
7361.jpg,22د44725
7364.jpg,68د99318
7367.jpg,17د18975
7368.jpg,88د75418
7369.jpg,41د97318
7370.jpg,64د78618
7372.jpg,84د87918
7374.jpg,16د21218
7375.jpg,25د58818
7376.jpg,52د87611
7377.jpg,61د55918
7378.jpg,88د49351
7379.jpg,15د97618
7380.jpg,39د91951
7381.jpg,47د35718
7382.jpg,81د79818
7383.jpg,56د98318
7384.jpg,44د57718
7385.jpg,91د22087
7387.jpg,85د28538
7388.jpg,12د97218
7389.jpg,99د78818
7391.jpg,25د34418
7394.jpg,73د63118
7395.jpg,89د41118
7396.jpg,16د45418
7397.jpg,38د95318
7398.jpg,82د51218
7400.jpg,57د86418
7401.jpg,44د55718
7402.jpg,99د57618
7404.jpg,34د35218
7406.jpg,22د27474
7407.jpg,97د11333
7408.jpg,88د49799
7409.jpg,22د28955
7410.jpg,14د17866
7412.jpg,25د22566
7413.jpg,46د51410
7414.jpg,72د99466
7416.jpg,12ز81611
7417.jpg,13ش16911
7418.jpg,78ط31318
7419.jpg,63پ15211
7420.jpg,71ث62311
7422.jpg,64ژ78411
7423.jpg,59ژ57911
7424.jpg,11ژ22198
7425.jpg,56ژ99311
7426.jpg,64ژ21311
7427.jpg,16ژ76111
7428.jpg,11ژ51411
7429.jpg,51ژ55911
7430.jpg,58ژ26611
7433.jpg,12ژ19313
7434.jpg,53ژ74911
7435.jpg,56ژ59111
7437.jpg,67ژ45911
7438.jpg,11ژ57816
7439.jpg,51ژ27118
7440.jpg,11ژ48918
7441.jpg,66ژ29811
7442.jpg,64الف73911
7443.jpg,16الف31619
7444.jpg,18الف18111
7446.jpg,16الف98511
7447.jpg,12الف54719
7448.jpg,12الف22419
7449.jpg,15الف39711
7450.jpg,23الف61933
7451.jpg,23الف23411
7452.jpg,12الف25898
7454.jpg,12الف25798
7455.jpg,12الف94898
7456.jpg,11الف23298
7457.jpg,12الف51498
7458.jpg,11الف75998
7459.jpg,11الف62298
7460.jpg,13الف53298
7461.jpg,13الف62116
7462.jpg,12الف25798
7463.jpg,11الف12898
7464.jpg,13الف32598
7465.jpg,17الف92122
7466.jpg,15الف11531
7467.jpg,17الف48411
7470.jpg,33الف68722
7471.jpg,15الف33568
7472.jpg,15الف47333
7473.jpg,59الف99311
7474.jpg,26الف74722
7475.jpg,25الف17222
7478.jpg,11الف57618
7480.jpg,14الف68918
7482.jpg,12الف18818
7483.jpg,15الف21518
7484.jpg,14الف53218
7486.jpg,12الف99118
7487.jpg,82ع78944
7489.jpg,15ع11716
7491.jpg,49ع67216
7492.jpg,49ع19916
7493.jpg,81ع67632
7494.jpg,13ع97355
7496.jpg,49ع95391
7498.jpg,43ع33944
7499.jpg,44ع95478
7500.jpg,44ع29746
7501.jpg,62ع36644
7502.jpg,24ع27168
7503.jpg,68ع76278
7505.jpg,48ع12987
7506.jpg,24ع37242
7507.jpg,38ع34942
7508.jpg,46ع97168
7512.jpg,38ع83217
7514.jpg,99ع95744
7516.jpg,18ع38386
7517.jpg,77ع14478
7518.jpg,32ع48515
7519.jpg,12ع26755
7520.jpg,52ع59379
7521.jpg,61ع71579
7522.jpg,41ع94179
7524.jpg,14ع22379
7525.jpg,53ع81778
7526.jpg,47ع59178
7527.jpg,77ع28578
7528.jpg,93ع73568
7529.jpg,42ع55117
7530.jpg,14ع88768
7531.jpg,22ع43326
7532.jpg,47ع18742
7533.jpg,79ع32542
7534.jpg,47ع96817
7536.jpg,97ع28419
7537.jpg,51ع71779
7538.jpg,32ع49826
7539.jpg,13ع63955
7540.jpg,27ع95987
7542.jpg,86ع61318
7543.jpg,59ع77442
7544.jpg,47ع17655
7545.jpg,36ع56986
7546.jpg,67ع54579
7547.jpg,86ع57832
7548.jpg,41ع74512
7549.jpg,25ع96126
7550.jpg,55ع17642
7551.jpg,57ع23875
7552.jpg,18ع35359
7555.jpg,31ع86244
7557.jpg,93ع56718
7558.jpg,21ع65779
7559.jpg,17ع65425
7560.jpg,74ع84144
7561.jpg,74ع12578
7562.jpg,33ع86986
7563.jpg,65ع21479
7564.jpg,66ع64362
7566.jpg,28ع54826
7567.jpg,61ع51959
7568.jpg,79ع83842
7569.jpg,46ع95779
7570.jpg,16ع71215
7571.jpg,61ع51959
7573.jpg,55ع34379
7574.jpg,29ع14442
7575.jpg,39ع38787
7577.jpg,28ع11653
7579.jpg,99ع69244
7580.jpg,78ع15277
7581.jpg,81ع86811
7582.jpg,81ع34619
7583.jpg,89ع84819
7584.jpg,22ع75978
7585.jpg,27ع83319
7587.jpg,22ع42442
7588.jpg,91ع98619
7590.jpg,46ع56519
7591.jpg,79ع14319
7592.jpg,89ع62344
7593.jpg,68ع91944
7594.jpg,59ع69922
7596.jpg,44ع49811
7600.jpg,53ع62919
7601.jpg,76ع53911
7602.jpg,28ع67311
7604.jpg,73ع62411
7606.jpg,76ع53911
7607.jpg,27ع52544
7608.jpg,42ع16911
7609.jpg,35ع81611
7610.jpg,13ع33955
7611.jpg,43ع24511
7613.jpg,69ع41478
7614.jpg,41ع19555
7616.jpg,75ع55110
7618.jpg,12ع81911
7620.jpg,81ع23233
7621.jpg,82ع38444
7622.jpg,32ع76878
7623.jpg,95ع66722
7624.jpg,33ع53411
7625.jpg,39ع27144
7626.jpg,94ع93133
7627.jpg,58ع67422
7628.jpg,31ع46144
7632.jpg,85ع88944
7634.jpg,13ع72855
7635.jpg,46ع11216
7636.jpg,28ع21698
7637.jpg,28ع21698
7640.jpg,58ع77219
7641.jpg,59ع16222
7642.jpg,44ع32611
7643.jpg,47ع29516
7644.jpg,26ع38798
7645.jpg,29ع78298
7648.jpg,53ع21978
7649.jpg,17ع29698
7650.jpg,91ع73819
7651.jpg,27ع92498
7652.jpg,78ع24731
7653.jpg,21ع66798
7654.jpg,19ع94498
7655.jpg,21ع85998
7656.jpg,27ع25198
7657.jpg,25ع96798
7658.jpg,14ع15816
7659.jpg,22ع28998
7660.jpg,17ع36233
7661.jpg,55ع96391
7662.jpg,59ع16222
7663.jpg,25ع28798
7664.jpg,94ع58422
7665.jpg,13ع96616
7667.jpg,25ع18873
7668.jpg,73ع14168
7669.jpg,17ع53216
7670.jpg,25ع18873
7671.jpg,98ع24144
7673.jpg,11ع53678
7674.jpg,15ع65478
7676.jpg,84ع68362
7677.jpg,37ع12755
7678.jpg,83ع46344
7679.jpg,92ع35611
7681.jpg,15ع65478
7682.jpg,89ع48322
7683.jpg,11ع22844
7684.jpg,81ع69222
7686.jpg,91ع35511
7687.jpg,16ع56311
7689.jpg,86ع25433
7690.jpg,61ع78211
7691.jpg,15ع65478
7692.jpg,15ع65478
7693.jpg,33ع26155
7694.jpg,33ع26155
7695.jpg,33ع26155
7698.jpg,61ع47642
7700.jpg,61ع47542
7703.jpg,78ع46932
7704.jpg,35ع78442
7705.jpg,39ع86932
7707.jpg,81ع67432
7708.jpg,42ع94842
7709.jpg,44ع77342
7710.jpg,24ع91812
7712.jpg,44ع81142
7713.jpg,94ع57212
7714.jpg,77ع75612
7718.jpg,68ع44679
7719.jpg,12ع79911
7720.jpg,63ع31947
7722.jpg,23ع17255
7723.jpg,81ع62844
7724.jpg,12ع82411
7725.jpg,63ع12178
7726.jpg,98ع24144
7728.jpg,26ع59855
7730.jpg,89ع48322
7731.jpg,17ع46522
7733.jpg,51ع32511
7734.jpg,98ع69544
7735.jpg,98ع59368
7736.jpg,67ع55633
7737.jpg,84ع25844
7739.jpg,36ع59583
7740.jpg,21ع94533
7741.jpg,45ع14522
7743.jpg,22ع82155
7744.jpg,72ع71933
7746.jpg,11ع22844
7747.jpg,74ع33433
7750.jpg,97ع59414
7751.jpg,11ع56423
7752.jpg,58ع25578
7753.jpg,84ع42478
7754.jpg,58ع25578
7756.jpg,64ع15311
7757.jpg,17ع94778
7758.jpg,64ع85378
7760.jpg,21ع58142
7762.jpg,59ع88578
7763.jpg,13ع31978
7764.jpg,26ع36378
7765.jpg,56ع38678
7766.jpg,67ع59414
7767.jpg,36ع59583
7768.jpg,75ع94168
7769.jpg,98ع59368
7770.jpg,81ع72932
7771.jpg,12ع51344
7773.jpg,26ع59255
7777.jpg,54ع37478
7778.jpg,49ع92378
7780.jpg,81ع61722
7781.jpg,37ع78111
7784.jpg,68ع11244
7785.jpg,86ع45244
7786.jpg,26ع84544
7787.jpg,25ع22968
7788.jpg,35ع87555
7789.jpg,25ع22968
7790.jpg,25ع22968
7791.jpg,28ع33611
7792.jpg,54ع68144
7793.jpg,21ع73955
7794.jpg,93ع36544
7795.jpg,17ع61433
7796.jpg,82ع84911
7797.jpg,25ع59711
7798.jpg,88ع15144
7799.jpg,88ع15144
7800.jpg,44ع68431
7802.jpg,71ع42644
7803.jpg,91ع12222
7804.jpg,16ع11691
7805.jpg,77ع33444
7806.jpg,45ع16122
7808.jpg,83ع49633
7809.jpg,34ع31711
7810.jpg,94ع53611
7811.jpg,61ع29531
7812.jpg,62ع54159
7813.jpg,45ع83216
7815.jpg,44ع85316
7816.jpg,44ع85316
7817.jpg,44ع85316
7818.jpg,35ع42716
7820.jpg,47ع43318
7822.jpg,73ع68418
7823.jpg,29ع34818
7824.jpg,76ع85718
7825.jpg,55ع63918
7826.jpg,93ع77618
7827.jpg,18ع82918
7828.jpg,54ع12718
7829.jpg,67ع71433
7830.jpg,82ع78944
7832.jpg,13ت21322
7833.jpg,21ت15216
7835.jpg,36ت68716
7836.jpg,16ت98616
7837.jpg,16ت98616
7838.jpg,73ت75212
7839.jpg,18ت19386
7840.jpg,38ت47368
7841.jpg,53ت31668
7842.jpg,45ت59868
7843.jpg,18ت41979
7845.jpg,19ت69868
7846.jpg,81ت99522
7847.jpg,59ت91168
7848.jpg,45ت59868
7849.jpg,29ت88619
7853.jpg,54ت87616
7854.jpg,52ت14319
7856.jpg,18ت96819
7857.jpg,25ت34219
7858.jpg,31ت28519
7859.jpg,52ت11819
7860.jpg,33ت57119
7861.jpg,44ت72919
7862.jpg,55ت18719
7864.jpg,34ت52322
7865.jpg,76ت13722
7866.jpg,41ت54913
7867.jpg,11ت24319
7869.jpg,17ت78611
7870.jpg,11ت69919
7871.jpg,46ت63722
7872.jpg,51ت13419
7873.jpg,47ت48419
7874.jpg,43ت56319
7876.jpg,48ت44219
7877.jpg,69ت73968
7878.jpg,28ت81919
7879.jpg,22ت98833
7880.jpg,73ت47422
7881.jpg,49ت28622
7882.jpg,52ت96622
7883.jpg,49ت46133
7884.jpg,45ت55633
7885.jpg,26ت64411
7886.jpg,45ت55623
7888.jpg,28ت84811
7889.jpg,35ت18311
7890.jpg,47ت52919
7891.jpg,74ت49433
7892.jpg,57ت43833
7893.jpg,49ت55333
7894.jpg,36ت77211
7895.jpg,45ت55633
7896.jpg,83ت28122
7897.jpg,44ت65819
7898.jpg,19ت81511
7899.jpg,69ت94462
7900.jpg,18ت18172
7901.jpg,69ت68622
7902.jpg,77ت86822
7903.jpg,78ت94922
7904.jpg,24ت61863
7905.jpg,44ت31463
7906.jpg,77ت16222
7907.jpg,46ت69633
7908.jpg,51ت62422
7910.jpg,37ت56933
7911.jpg,14ت48263
7912.jpg,81ت57522
7914.jpg,63ت47763
7916.jpg,12ت51463
7917.jpg,47ت67163
7918.jpg,24ت61863
7919.jpg,45ت19922
7920.jpg,55ت66933
7922.jpg,29ت49522
7923.jpg,55ت19722
7924.jpg,29ت54763
7925.jpg,33ت97763
7926.jpg,31ت47622
7927.jpg,23ت18833
7928.jpg,88ت51933
7929.jpg,31ت17411
7930.jpg,65ت45322
7931.jpg,46ت99133
7932.jpg,82ت77233
7933.jpg,67ت49822
7935.jpg,67ت42612
7936.jpg,59ت56413
7937.jpg,25ت12213
7938.jpg,34ت98422
7939.jpg,88ت93933
7940.jpg,34ت54622
7942.jpg,58ت87822
7944.jpg,26ت74822
7945.jpg,12ت35731
7946.jpg,81ت47322
7949.jpg,18ت54522
7950.jpg,75ت54933
7951.jpg,21ت52711
7952.jpg,42ت16933
7953.jpg,18ت54522
7954.jpg,19ت38733
7957.jpg,36ت93622
7958.jpg,31ت98611
7962.jpg,73ت13422
7963.jpg,71ت13322
7965.jpg,15ت36133
7968.jpg,62ت87622
7969.jpg,25ت95622
7970.jpg,82ت11122
7972.jpg,14ت17798
7973.jpg,36ت16511
7974.jpg,12ت91598
7976.jpg,39ت61433
7977.jpg,26ت33416
7979.jpg,11ت78398
7981.jpg,28ت11916
7982.jpg,15ت34133
7983.jpg,45ت62463
7985.jpg,29ت23233
7986.jpg,31ت87763
7987.jpg,33ت85616
7988.jpg,93ت22133
7989.jpg,38ت15333
7992.jpg,34ت28722
7993.jpg,65ت85833
7995.jpg,48ت85333
7996.jpg,43ت37463
7997.jpg,12ت57868
7998.jpg,45ت62463
7999.jpg,73ت93622
8001.jpg,75ت14733
8002.jpg,21ت64722
8003.jpg,69ت16133
8004.jpg,64ت83833
8006.jpg,74ت99922
8007.jpg,34ت24711
8010.jpg,27ت85633
8012.jpg,38ت66511
8013.jpg,58ت42633
8014.jpg,47ت14922
8015.jpg,31ت74222
8016.jpg,74ت66322
8017.jpg,76ت38922
8019.jpg,47ت14922
8021.jpg,16ت73833
8022.jpg,66ت16533
8024.jpg,47ت14922
8025.jpg,88ت19923
8026.jpg,63ت51968
8027.jpg,88ت36633
8028.jpg,43ت85214
8029.jpg,22ت76633
8030.jpg,28ت96922
8031.jpg,75ت14733
8033.jpg,33ت64322
8035.jpg,78ت62333
8037.jpg,63ت25822
8039.jpg,12ت72578
8040.jpg,82ت72122
8041.jpg,93ت52333
8042.jpg,92ت18133
8043.jpg,47ت14922
8044.jpg,82ت72232
8045.jpg,49ت22523
8047.jpg,78ت99622
8049.jpg,66ت96722
8052.jpg,17ت81722
8053.jpg,54ت55112
8054.jpg,81ت18722
8055.jpg,78ت49233
8058.jpg,74ت23812
8061.jpg,61ت19812
8062.jpg,84ت11333
8063.jpg,95ت25533
8065.jpg,69ت23133
8069.jpg,82ت91733
8071.jpg,77ت98523
8072.jpg,28ت21237
8074.jpg,57ت79222
8075.jpg,73ت86733
8076.jpg,29ت65929
8077.jpg,35ت23431
8078.jpg,94ت28933
8079.jpg,77ت23423
8080.jpg,39ت33522
8081.jpg,15ت14511
8082.jpg,66ت16937
8083.jpg,87ت36423
8084.jpg,83ت68733
8085.jpg,59ت69122
8086.jpg,31ت32922
8087.jpg,82ت72122
8088.jpg,73ت27222
8089.jpg,93ت22133
8090.jpg,47ت98833
8091.jpg,41ت89922
8092.jpg,41ت45914
8095.jpg,27ت43233
8096.jpg,74ت68922
8097.jpg,33ت52222
8098.jpg,82ت86222
8099.jpg,21ت97214
8100.jpg,77ت28333
8101.jpg,76ت88722
8102.jpg,64ت95422
8103.jpg,84ت19133
8104.jpg,15ت14311
8105.jpg,73ت96633
8107.jpg,36ت72214
8110.jpg,31ت15411
8113.jpg,82ت63622
8114.jpg,76ت67432
8115.jpg,29ت27522
8116.jpg,28ت46722
8119.jpg,15ت34133
8120.jpg,27ت33633
8121.jpg,44ت15714
8122.jpg,76ت99233
8123.jpg,14ت84633
8124.jpg,15ت18511
8125.jpg,16ت64622
8126.jpg,13ت59811
8127.jpg,39ت69222
8129.jpg,26ت72214
8130.jpg,54ت36622
8131.jpg,48ت13122
8132.jpg,52ت77332
8133.jpg,18ت66122
8134.jpg,42ت31322
8135.jpg,48ت78322
8136.jpg,55ت24422
8137.jpg,92ت59333
8139.jpg,14ت49622
8141.jpg,22ت12622
8142.jpg,58ت87822
8143.jpg,74ت61522
8144.jpg,93ت45533
8145.jpg,24ت34222
8146.jpg,51ت78433
8148.jpg,27ت34833
8149.jpg,83ت68733
8153.jpg,75ت93333
8154.jpg,34ت86922
8156.jpg,47ت56627
8159.jpg,26ت94233
8160.jpg,12ت57868
8161.jpg,57ت16122
8162.jpg,51ت78433
8164.jpg,41ت22112
8166.jpg,53ت95722
8167.jpg,22ت76633
8168.jpg,61ت66322
8171.jpg,12ت74933
8172.jpg,24ت48633
8173.jpg,22ت63433
8174.jpg,42ت22722
8176.jpg,38ت15333
8177.jpg,35ت64423
8181.jpg,34ت24714
8182.jpg,78ت59222
8183.jpg,88ت99423
8184.jpg,14ت65833
8186.jpg,66ت36733
8187.jpg,26ت92922
8188.jpg,15ت99511
8189.jpg,29ت11733
8191.jpg,31ت88522
8192.jpg,74ت99922
8193.jpg,65ت85833
8194.jpg,41ت22114
8195.jpg,99ت25721
8196.jpg,74ت72633
8197.jpg,36ت72214
8200.jpg,16ت12411
8201.jpg,42ت44122
8202.jpg,92ت18133
8203.jpg,73ت93622
8204.jpg,27ت26133
8205.jpg,23ت72622
8207.jpg,22ت12622
8208.jpg,71ت97522
8209.jpg,61ت64222
8210.jpg,25ت96211
8211.jpg,16ت69827
8212.jpg,52ت12568
8215.jpg,32ت51411
8216.jpg,15ت84968
8217.jpg,18ت46814
8218.jpg,17ت58978
8219.jpg,22ت45633
8221.jpg,27ت59833
8222.jpg,25ت22322
8223.jpg,75ت51222
8224.jpg,67ت32868
8225.jpg,58ت87468
8226.jpg,41ت51533
8227.jpg,36ت72214
8228.jpg,52ت36468
8229.jpg,91ت42468
8230.jpg,91ت42468
8234.jpg,18ت46814
8235.jpg,43ت85214
8236.jpg,97ت98233
8237.jpg,91ت42468
8238.jpg,91ت42468
8239.jpg,67ت61533
8241.jpg,37ت72414
8242.jpg,91ت42468
8243.jpg,21ت97214
8244.jpg,14ت64378
8245.jpg,41ت45914
8246.jpg,26ت72214
8247.jpg,13ت59378
8248.jpg,46ت44746
8249.jpg,42ت91168
8250.jpg,21ت81178
8251.jpg,42ت91168
8252.jpg,16ت62187
8253.jpg,66ت89165
8254.jpg,47ت56422
8255.jpg,28ت53611
8256.jpg,42ت23622
8258.jpg,46ت16922
8260.jpg,35ت36622
8261.jpg,59ت76322
8263.jpg,94ت76333
8264.jpg,31ت66322
8266.jpg,79ت83133
8267.jpg,72ت23833
8271.jpg,77ت54922
8273.jpg,68ت89822
8274.jpg,71ت14733
8277.jpg,53ت99433
8278.jpg,13ت49511
8279.jpg,68ت32633
8280.jpg,64ت92533
8281.jpg,81ت53622
8282.jpg,27ت65291
8283.jpg,81ت95622
8284.jpg,11ت86811
8285.jpg,64ت49522
8287.jpg,51ت12522
8290.jpg,75ت91922
8291.jpg,72ت28533
8292.jpg,37ت55522
8293.jpg,46ت18233
8294.jpg,31ت92251
8295.jpg,23ت75416
8296.jpg,78ت92222
8297.jpg,26ت74116
8299.jpg,34ت51316
8302.jpg,28ت89116
8306.jpg,33ت24516
8307.jpg,28ت81518
8308.jpg,23ت92518
8309.jpg,32ت31333
8310.jpg,52ت99622
8311.jpg,13ت21322
8314.jpg,94ت17933
8316.jpg,17ی26955
8317.jpg,88ی78333
8318.jpg,52ی34710
8320.jpg,44ی39533
8321.jpg,52ی84810
8322.jpg,52ی45855
8323.jpg,74ی54699
8324.jpg,66ی62412
8325.jpg,79ی61611
8326.jpg,98ی62312
8327.jpg,25ی16774
8329.jpg,37ی83174
8330.jpg,74ی22412
8331.jpg,77ی42674
8333.jpg,62ی61574
8335.jpg,68ی31374
8336.jpg,66ی94874
8337.jpg,98ی62312
8338.jpg,55ی12312
8341.jpg,75ی57974
8342.jpg,44ی33468
8343.jpg,71ی81468
8345.jpg,54ی74877
8346.jpg,22ی96699
8348.jpg,76ی75468
8349.jpg,21ی97838
8350.jpg,79ی13715
8352.jpg,36ی18968
8353.jpg,34ی23291
8354.jpg,59ی66877
8355.jpg,68ی29668
8356.jpg,98ی49632
8357.jpg,32ی62915
8358.jpg,29ی34322
8360.jpg,67ی97510
8361.jpg,87ی62999
8362.jpg,82ی99555
8363.jpg,86ی78268
8364.jpg,54ی34768
8365.jpg,22ی96699
8367.jpg,87ی18296
8368.jpg,26ی65988
8369.jpg,14ی56277
8371.jpg,25ی42868
8373.jpg,15ی86155
8374.jpg,11ی95299
8375.jpg,53ی35866
8376.jpg,35ی81838
8379.jpg,42ی62753
8381.jpg,61ی58510
8382.jpg,39ی75655
8383.jpg,59ی84523
8384.jpg,48ی17210
8385.jpg,83ی75622
8386.jpg,72ی12310
8387.jpg,24ی38855
8388.jpg,72ی33899
8389.jpg,86ی65488
8390.jpg,49ی21466
8391.jpg,64ی62944
8392.jpg,87ی26213
8394.jpg,71ی84666
8395.jpg,14ی73877
8396.jpg,76ی28899
8397.jpg,66ی48410
8399.jpg,47ی17421
8401.jpg,73ی82724
8403.jpg,52ی59899
8404.jpg,27ی94822
8406.jpg,36ی76377
8407.jpg,45ی71633
8408.jpg,66ی19788
8409.jpg,98ی38122
8410.jpg,52ی59899
8411.jpg,21ی96410
8414.jpg,95ی48313
8416.jpg,64ی87911
8417.jpg,62ی11488
8418.jpg,91ی97778
8419.jpg,94ی91668
8420.jpg,78ی69288
8421.jpg,45ی28411
8422.jpg,22ی55415
8423.jpg,55ی72311
8425.jpg,78ی44410
8426.jpg,75ی18410
8427.jpg,14ی88411
8428.jpg,16ی65119
8429.jpg,45ی15410
8430.jpg,93ی78468
8431.jpg,77ی17199
8432.jpg,36ی29866
8433.jpg,67ی38410
8435.jpg,37ی54778
8436.jpg,12ی51966
8437.jpg,29ی78444
8438.jpg,86ی62377
8439.jpg,58ی13866
8441.jpg,78ی74499
8443.jpg,72ی99299
8444.jpg,89ی58299
8446.jpg,22ی56699
8448.jpg,18ی52588
8450.jpg,17ی48468
8452.jpg,94ی44599
8453.jpg,24ی27755
8454.jpg,13ی79255
8455.jpg,17ی48468
8457.jpg,36ی29866
8458.jpg,57ی49110
8459.jpg,21ی43410
8460.jpg,72ی73999
8461.jpg,68ی68888
8462.jpg,17ی78422
8463.jpg,89ی11511
8464.jpg,61ی54399
8465.jpg,38ی69710
8466.jpg,21ی53422
8468.jpg,73ی77977
8469.jpg,95ی31211
8470.jpg,41ی13299
8472.jpg,89ی89655
8473.jpg,96ی76910
8474.jpg,91ی46869
8476.jpg,84ی41155
8477.jpg,28ی75122
8478.jpg,16ی61988
8479.jpg,82ی65910
8480.jpg,99ی24855
8481.jpg,82ی65910
8482.jpg,82ی67999
8483.jpg,55ی48622
8484.jpg,95ی31211
8485.jpg,99ی42611
8487.jpg,89ی11511
8489.jpg,67ی53444
8491.jpg,16ی98422
8492.jpg,93ی27199
8493.jpg,61ی73511
8494.jpg,49ی46110
8496.jpg,36ی58988
8498.jpg,22ی69256
8499.jpg,94ی13510
8500.jpg,75ی96444
8502.jpg,26ی53444
8503.jpg,96ی57788
8504.jpg,25ی58822
8505.jpg,89ی39410
8508.jpg,97ی51522
8509.jpg,53ی25122
8511.jpg,44ی54463
8512.jpg,19ی94222
8513.jpg,22ی22363
8514.jpg,19ی64288
8515.jpg,39ی99721
8519.jpg,66ی63766
8520.jpg,14ی81383
8521.jpg,29ی96763
8523.jpg,16ی14299
8524.jpg,54ی48866
8525.jpg,45ی86199
8526.jpg,75ی77210
8527.jpg,23ی45144
8528.jpg,97ی27288
8529.jpg,36ی98477
8530.jpg,72ی26233
8531.jpg,19ی64288
8533.jpg,19ی56310
8534.jpg,19ی64288
8535.jpg,71ی78666
8536.jpg,54ی82163
8537.jpg,22ی22363
8539.jpg,79ی53577
8540.jpg,91ی84122
8541.jpg,71ی65811
8542.jpg,36ی98477
8543.jpg,47ی71910
8544.jpg,45ی99521
8546.jpg,68ی72763
8547.jpg,94ی88563
8549.jpg,71ی59666
8551.jpg,41ی66399
8552.jpg,41ی68619
8553.jpg,16ی14299
8554.jpg,46ی29221
8555.jpg,81ی19910
8556.jpg,72ی26233
8559.jpg,81ی11866
8561.jpg,18ی25311
8562.jpg,16ی46453
8565.jpg,57ی74688
8566.jpg,15ی16621
8567.jpg,33ی39377
8568.jpg,48ی59222
8569.jpg,92ی17913
8570.jpg,48ی17210
8572.jpg,49ی21466
8573.jpg,52ی22899
8574.jpg,32ی16499
8575.jpg,88ی87499
8577.jpg,34ی28566
8578.jpg,48ی17210
8580.jpg,81ی34455
8581.jpg,68ی27710
8582.jpg,58ی13866
8583.jpg,83ی38844
8584.jpg,16ی37777
8585.jpg,88ی87499
8586.jpg,11ی83488
8587.jpg,34ی93744
8588.jpg,79ی56743
8590.jpg,97ی69544
8591.jpg,19ی87677
8592.jpg,32ی46144
8593.jpg,16ی14299
8594.jpg,12ی59921
8595.jpg,88ی87499
8596.jpg,37ی48366
8597.jpg,62ی19722
8598.jpg,33ی39377
8599.jpg,19ی26288
8601.jpg,56ی16277
8602.jpg,97ی69544
8603.jpg,77ی35988
8604.jpg,71ی63288
8605.jpg,82ی55655
8606.jpg,18ی34511
8607.jpg,31ی14723
8608.jpg,96ی71555
8609.jpg,99ی58377
8610.jpg,34ی38221
8612.jpg,32ی27143
8613.jpg,47ی25522
8614.jpg,14ی18999
8615.jpg,65ی98822
8617.jpg,68ی83555
8618.jpg,25ی31599
8619.jpg,97ی69544
8620.jpg,25ی46388
8621.jpg,48ی31444
8622.jpg,58ی78166
8623.jpg,39ی76288
8624.jpg,81ی73755
8625.jpg,17ی38688
8626.jpg,24ی52366
8627.jpg,33ی37143
8628.jpg,15ی19966
8629.jpg,53ی82910
8630.jpg,39ی85855
8631.jpg,68ی82499
8633.jpg,21ی38710
8634.jpg,18ی73866
8635.jpg,89ی67210
8636.jpg,54ی73433
8637.jpg,13ی74463
8639.jpg,76ی28899
8640.jpg,86ی78888
8641.jpg,59ی97377
8642.jpg,68ی82499
8643.jpg,59ی33633
8644.jpg,68ی82499
8646.jpg,43ی67768
8647.jpg,28ی47399
8649.jpg,54ی25413
8650.jpg,79ی42791
8651.jpg,45ی71677
8652.jpg,29ی23723
8653.jpg,78ی63333
8654.jpg,49ی48911
8655.jpg,91ی82199
8656.jpg,49ی21466
8657.jpg,55ی45910
8658.jpg,23ی69366
8659.jpg,76ی28899
8662.jpg,47ی14421
8663.jpg,71ی14910
8664.jpg,46ی66411
8667.jpg,67ی92510
8668.jpg,16ی14788
8669.jpg,38ی12677
8672.jpg,51ی49210
8673.jpg,98ی55599
8674.jpg,58ی82622
8675.jpg,16ی66999
8677.jpg,86ی89211
8678.jpg,29ی13488
8680.jpg,17ی92611
8681.jpg,12ی53699
8682.jpg,49ی48911
8683.jpg,27ی38577
8684.jpg,57ی27110
8685.jpg,43ی35372
8686.jpg,94ی22799
8688.jpg,69ی23210
8691.jpg,67ی34499
8692.jpg,96ی78110
8694.jpg,49ی11968
8695.jpg,11ی85168
8696.jpg,65ی67199
8698.jpg,25ی46173
8699.jpg,17ی48763
8701.jpg,12ی55363
8702.jpg,25ی46173
8704.jpg,24ی22863
8706.jpg,91ی36763
8707.jpg,24ی22863
8709.jpg,82ی76644
8710.jpg,17ی48763
8711.jpg,54ی21455
8712.jpg,69ی11663
8713.jpg,35ی34899
8714.jpg,25ی46173
8715.jpg,24ی22863
8716.jpg,37ی96863
8717.jpg,47ی51963
8719.jpg,91ی36763
8721.jpg,35ی36215
8724.jpg,46ی19763
8725.jpg,11ی35815
8727.jpg,32ی59953
8728.jpg,24ی22863
8730.jpg,67ی57963
8731.jpg,25ی46173
8732.jpg,12ی63273
8733.jpg,65ی73999
8734.jpg,24ی22863
8735.jpg,12ی55363
8736.jpg,37ی96863
8737.jpg,51ی23563
8738.jpg,99ی76910
8739.jpg,17ی37110
8741.jpg,91ی18863
8742.jpg,25ی46173
8743.jpg,35ی82463
8746.jpg,37ی96862
8747.jpg,12ی55363
8748.jpg,69ی11663
8749.jpg,23ی32263
8750.jpg,51ی23563
8752.jpg,96ی72663
8753.jpg,12ی87263
8755.jpg,98ی69366
8756.jpg,91ی36763
8758.jpg,57ی47813
8759.jpg,37ی96863
8760.jpg,51ی23563
8763.jpg,69ی49563
8765.jpg,43ی22710
8767.jpg,86ی73177
8769.jpg,21ی32977
8770.jpg,57ی49433
8772.jpg,15ی97268
8774.jpg,15ی97268
8775.jpg,59ی12178
8776.jpg,23ی79210
8777.jpg,85ی84311
8778.jpg,91ی73210
8779.jpg,26ی98477
8780.jpg,95ی13410
8781.jpg,94ی46999
8782.jpg,15ی97268
8783.jpg,45ی12510
8784.jpg,48ی55922
8785.jpg,97ی88755
8786.jpg,72ی68466
8787.jpg,68ی27710
8788.jpg,24ی21115
8789.jpg,72ی73999
8790.jpg,62ی18577
8791.jpg,98ی16822
8792.jpg,16ی67238
8793.jpg,55ی46499
8794.jpg,83ی14668
8795.jpg,63ی58711
8796.jpg,87ی92644
8797.jpg,27ی93410
8798.jpg,28ی87636
8799.jpg,27ی92999
8800.jpg,71ی54544
8801.jpg,15ی97268
8802.jpg,11ی97438
8803.jpg,79ی93366
8804.jpg,66ی29699
8805.jpg,39ی73555
8806.jpg,97ی51522
8807.jpg,32ی68588
8808.jpg,16ی67238
8809.jpg,15ی71333
8810.jpg,14ی95812
8811.jpg,38ی28411
8812.jpg,58ی72810
8813.jpg,49ی21466
8814.jpg,31ی21612
8815.jpg,61ی25822
8816.jpg,33ی44166
8817.jpg,63ی32712
8818.jpg,66ی49512
8821.jpg,63ی32712
8823.jpg,39ی73888
8824.jpg,47ی87312
8825.jpg,75ی48955
8826.jpg,37ی67599
8827.jpg,14ی52812
8828.jpg,47ی41922
8829.jpg,42ی75810
8830.jpg,51ی33112
8831.jpg,35ی15933
8832.jpg,32ی29910
8833.jpg,42ی92988
8834.jpg,55ی12777
8835.jpg,75ی85844
8836.jpg,82ی56888
8837.jpg,75ی31868
8838.jpg,23ی44212
8840.jpg,47ی87312
8841.jpg,94ی91668
8842.jpg,63ی15510
8843.jpg,33ی31511
8844.jpg,73ی21677
8846.jpg,21ی44821
8847.jpg,25ی59455
8850.jpg,85ی58610
8851.jpg,32ی45955
8852.jpg,35ی67588
8853.jpg,56ی64610
8854.jpg,93ی19277
8855.jpg,53ی59733
8856.jpg,99ی25622
8857.jpg,59ی85688
8858.jpg,17ی77222
8859.jpg,48ی19421
8860.jpg,63ی58711
8861.jpg,81ی98910
8862.jpg,85ی95310
8863.jpg,69ی95755
8864.jpg,62ی15510
8866.jpg,71ی77555
8868.jpg,99ی25622
8870.jpg,57ی74277
8871.jpg,55ی88977
8872.jpg,68ی69388
8873.jpg,52ی96421
8874.jpg,52ی26810
8875.jpg,44ی48310
8876.jpg,41ی77988
8878.jpg,79ی78868
8880.jpg,25ی74388
8881.jpg,77ی77866
8883.jpg,49ی21466
8884.jpg,92ی16699
8885.jpg,97ی98955
8886.jpg,69ی96599
8887.jpg,59ی47288
8888.jpg,84ی75699
8889.jpg,55ی75410
8891.jpg,53ی59733
8892.jpg,49ی53622
8893.jpg,52ی74221
8894.jpg,94ی13210
8895.jpg,39ی66978
8896.jpg,31ی18410
8897.jpg,11ی16588
8899.jpg,48ی87599
8901.jpg,78ی85711
8902.jpg,15ی13166
8904.jpg,24ی61399
8905.jpg,61ی14333
8907.jpg,22ی33566
8908.jpg,31ی66577
8910.jpg,79ی25810
8911.jpg,15ی13166
8912.jpg,25ی49222
8913.jpg,21ی33410
8914.jpg,34ی36868
8915.jpg,79ی26955
8916.jpg,31ی26168
8917.jpg,78ی47622
8918.jpg,91ی91699
8919.jpg,19ی37222
8921.jpg,22ی65910
8922.jpg,59ی46268
8923.jpg,77ی55944
8924.jpg,56ی97922
8926.jpg,21ی98468
8927.jpg,41ی48868
8928.jpg,78ی15668
8929.jpg,97ی54377
8931.jpg,12ی86510
8933.jpg,95ی35468
8935.jpg,64ی27877
8937.jpg,94ی68299
8938.jpg,89ی33822
8939.jpg,75ی36144
8940.jpg,17ی14510
8941.jpg,95ی96968
8942.jpg,32ی89155
8943.jpg,92ی96568
8944.jpg,75ی36144
8945.jpg,37ی81844
8946.jpg,44ی14166
8947.jpg,96ی54468
8948.jpg,44ی39533
8949.jpg,36ی47699
8951.jpg,43ی74821
8953.jpg,25ی33110
8954.jpg,21ی46722
8955.jpg,73ی19599
8956.jpg,15ی13166
8957.jpg,58ی56510
8958.jpg,58ی23788
8959.jpg,75ی14144
8960.jpg,75ی92810
8961.jpg,12ی19599
8962.jpg,65ی21788
8963.jpg,31ی21612
8964.jpg,58ی33788
8965.jpg,57ی86266
8966.jpg,47ی87312
8967.jpg,85ی14455
8968.jpg,48ی33833
8969.jpg,75ی41166
8970.jpg,64ی16277
8971.jpg,16ی62621
8972.jpg,63ی43877
8973.jpg,48ی83188
8974.jpg,24ی46199
8977.jpg,12ی61310
8978.jpg,38ی21111
8979.jpg,52ی98178
8983.jpg,77ی73977
8984.jpg,41ی35510
8985.jpg,21ی24888
8986.jpg,92ی68388
8987.jpg,44ی39299
8989.jpg,95ی92610
8991.jpg,87ی47688
8992.jpg,36ی91177
8993.jpg,65ی21688
8995.jpg,62ی78910
8996.jpg,33ی35299
8997.jpg,65ی39488
8999.jpg,97ی63710
9000.jpg,49ی79177
9001.jpg,49ی51888
9002.jpg,42ی47710
9005.jpg,83ی83210
9006.jpg,39ی85378
9007.jpg,35ی34399
9008.jpg,48ی91211
9011.jpg,69ی27210
9012.jpg,52ی98422
9013.jpg,84ی95955
9014.jpg,79ی82666
9015.jpg,86ی34299
9016.jpg,45ی85944
9017.jpg,81ی34899
9019.jpg,19ی82355
9021.jpg,85ی35488
9022.jpg,95ی69110
9023.jpg,39ی17499
9024.jpg,29ی77833
9026.jpg,28ی29810
9027.jpg,44ی21922
9028.jpg,67ی78110
9030.jpg,26ی51699
9031.jpg,77ی91511
9033.jpg,83ی23910
9035.jpg,18ی95277
9036.jpg,97ی75555
9037.jpg,56ی65966
9038.jpg,33ی92334
9039.jpg,69ی14499
9040.jpg,88ی81133
9041.jpg,51ی42433
9042.jpg,96ی92910
9043.jpg,78ی11811
9045.jpg,71ی53366
9046.jpg,48ی58621
9047.jpg,87ی94844
9048.jpg,31ی78621
9050.jpg,93ی71299
9051.jpg,35ی72588
9052.jpg,88ی94833
9056.jpg,77ی18266
9057.jpg,81ی75688
9058.jpg,27ی28810
9059.jpg,99ی41311
9062.jpg,99ی53610
9063.jpg,83ی88222
9064.jpg,11ی66711
9065.jpg,17ی61110
9066.jpg,36ی64511
9067.jpg,48ی16899
9068.jpg,48ی22299
9070.jpg,69ی36944
9071.jpg,31ی89910
9073.jpg,81ی83410
9074.jpg,95ی15855
9080.jpg,32ی59878
9081.jpg,32ی59878
9083.jpg,55ی63678
9084.jpg,85ی79378
9085.jpg,96ی83368
9086.jpg,98ی83199
9087.jpg,14ی95877
9088.jpg,14ی95877
9089.jpg,35ی91522
9090.jpg,35ی91522
9091.jpg,96ی83368
9092.jpg,28ی48210
9093.jpg,59ی12178
9095.jpg,57ی52610
9096.jpg,77ی21666
9097.jpg,68ی15266
9099.jpg,56ی58877
9100.jpg,75ی97710
9101.jpg,77ی16111
9102.jpg,77ی16111
9103.jpg,13ی53299
9104.jpg,13ی55411
9107.jpg,95ی47222
9108.jpg,95ی47322
9110.jpg,37ی14277
9111.jpg,32ی93399
9112.jpg,15ی68211
9113.jpg,93ی58810
9114.jpg,13ی87755
9115.jpg,64ی87511
9117.jpg,49ی55810
9118.jpg,31ی17499
9119.jpg,69ی54477
9121.jpg,33ی99821
9123.jpg,62ی62111
9124.jpg,39ی83899
9125.jpg,29ی88910
9126.jpg,72ی51677
9127.jpg,77ی85811
9128.jpg,46ی81911
9129.jpg,73ی69491
9130.jpg,62ی91991
9131.jpg,56ی71791
9132.jpg,16ی23991
9134.jpg,52ی15591
9135.jpg,76ی31291
9136.jpg,31ی27544
9138.jpg,71ی57566
9139.jpg,97ی97455
9140.jpg,92ی86810
9141.jpg,23ی64877
9142.jpg,81ی83888
9144.jpg,42ی87977
9145.jpg,53ی61491
9146.jpg,81ی11391
9147.jpg,68ی77499
9149.jpg,33ی75491
9150.jpg,75ی78191
9152.jpg,11ی36453
9153.jpg,75ی64191
9154.jpg,18ی82791
9155.jpg,56ی22591
9156.jpg,83ی99291
9158.jpg,74ی32791
9159.jpg,74ی32791
9160.jpg,17ی22191
9162.jpg,81ی59291
9163.jpg,82ی49191
9164.jpg,49ی44691
9165.jpg,18ی95277
9166.jpg,26ی52138
9168.jpg,22ی86121
9169.jpg,67ی95199
9170.jpg,11ی51866
9171.jpg,78ی12188
9173.jpg,67ی35210
9174.jpg,53ی16321
9175.jpg,28ی12821
9179.jpg,28ی81121
9180.jpg,46ی78421
9181.jpg,41ی55921
9182.jpg,52ی96721
9183.jpg,53ی16321
9184.jpg,43ی81622
9185.jpg,51ی28355
9186.jpg,35ی14810
9187.jpg,35ی14810
9188.jpg,15ی94510
9189.jpg,28ی23277
9190.jpg,13ی23244
9191.jpg,88ی95188
9192.jpg,92ی75677
9194.jpg,73ی94133
9195.jpg,32ی91333
9196.jpg,34ی69188
9197.jpg,16ی73622
9198.jpg,22ی54699
9199.jpg,47ی49688
9200.jpg,22ی54699
9204.jpg,17ی65733
9205.jpg,33ی55621
9206.jpg,12ی85968
9207.jpg,64ی41510
9210.jpg,84ی75552
9211.jpg,47ی58588
9213.jpg,13ی68365
9214.jpg,76ی95377
9215.jpg,68ی89988
9216.jpg,39ی71112
9217.jpg,39ی71112
9218.jpg,22ی24577
9219.jpg,32ی56655
9220.jpg,62ی99188
9221.jpg,61ی81277
9222.jpg,22ی62811
9223.jpg,22ی62811
9224.jpg,57ی22799
9225.jpg,49ی21466
9226.jpg,84ی55811
9227.jpg,79ی83655
9228.jpg,84ی55811
9232.jpg,53ی39910
9233.jpg,15ی19555
9234.jpg,85ی72688
9235.jpg,12ی15666
9238.jpg,13ی81110
9239.jpg,16ی11111
9240.jpg,14ی36877
9242.jpg,77ی91511
9243.jpg,45ی28411
9244.jpg,14ی73233
9245.jpg,42ی42588
9248.jpg,54ه69188
9249.jpg,31ه56510
9250.jpg,89ه46588
9251.jpg,12ه14116
9253.jpg,52ه68888
9254.jpg,23ه36616
9255.jpg,27ه64157
9256.jpg,44ه34657
9258.jpg,22ه28116
9259.jpg,18ه61616
9261.jpg,22ه95816
9262.jpg,35ه57257
9264.jpg,38ه69357
9265.jpg,17ه32916
9266.jpg,33ه93929
9269.jpg,14ه88316
9270.jpg,17ه64669
9271.jpg,42ه98457
9272.jpg,73ه42311
9273.jpg,53ه79236
9274.jpg,97ه38736
9275.jpg,65ه79712
9276.jpg,82ه22912
9277.jpg,12ه69974
9279.jpg,33ه23274
9282.jpg,27ه93542
9284.jpg,36ه12236
9285.jpg,82ه17374
9286.jpg,21ه51612
9287.jpg,33ه67274
9288.jpg,82ه16236
9289.jpg,69ه96413
9290.jpg,55ه56674
9292.jpg,71ه54474
9293.jpg,51ه84636
9294.jpg,39ه48212
9296.jpg,31ه92336
9297.jpg,29ه86136
9299.jpg,38ه52312
9301.jpg,37ه27542
9302.jpg,17ه14474
9303.jpg,16ه36412
9304.jpg,47ه14568
9305.jpg,19ه63815
9306.jpg,96ه22121
9307.jpg,82ه99699
9308.jpg,76ه62877
9309.jpg,11ه45178
9310.jpg,18ه91944
9311.jpg,44ه75221
9312.jpg,25ه12811
9314.jpg,88ه75738
9315.jpg,29ه16568
9316.jpg,57ه38321
9318.jpg,73ه74985
9320.jpg,26ه57722
9321.jpg,75ه95491
9322.jpg,25ه87266
9324.jpg,39ه91268
9325.jpg,14ه54968
9326.jpg,99ه17878
9327.jpg,17ه85591
9329.jpg,16ه25768
9331.jpg,57ه65621
9332.jpg,37ه42321
9333.jpg,78ه48191
9334.jpg,48ه45688
9336.jpg,63ه51768
9337.jpg,73ه41568
9338.jpg,59ه78511
9340.jpg,61ه34535
9342.jpg,65ه47222
9343.jpg,14ه23255
9344.jpg,27ه48856
9345.jpg,51ه65722
9346.jpg,42ه23510
9347.jpg,24ه93977
9348.jpg,28ه98311
9349.jpg,62ه51699
9350.jpg,26ه98713
9351.jpg,43ه25699
9352.jpg,96ه87813
9353.jpg,24ه27968
9356.jpg,74ه74513
9357.jpg,52ه69510
9358.jpg,67ه44844
9359.jpg,27ه22753
9360.jpg,28ه67144
9361.jpg,84ه84555
9364.jpg,28ه42799
9365.jpg,24ه71113
9366.jpg,91ه39523
9367.jpg,67ه89521
9369.jpg,29ه15666
9370.jpg,26ه23766
9371.jpg,49ه79843
9372.jpg,56ه64155
9373.jpg,51ه87877
9374.jpg,91ه56843
9375.jpg,93ه21810
9376.jpg,18ه29699
9377.jpg,95ه61113
9378.jpg,78ه29710
9379.jpg,57ه74777
9381.jpg,26ه19711
9382.jpg,21ه15299
9384.jpg,89ه91999
9385.jpg,59ه49711
9387.jpg,93ه14533
9388.jpg,91ه36299
9389.jpg,89ه77988
9390.jpg,28ه42799
9391.jpg,14ه52799
9392.jpg,97ه51955
9393.jpg,94ه99210
9394.jpg,67ه12366
9395.jpg,67ه26277
9396.jpg,69ه49710
9397.jpg,96ه84599
9399.jpg,69ه49710
9400.jpg,87ه13944
9401.jpg,54ه33710
9403.jpg,66ه34338
9404.jpg,38ه53199
9405.jpg,27ه96299
9407.jpg,85ه15133
9408.jpg,37ه88810
9409.jpg,96ه13777
9411.jpg,82ه44988
9412.jpg,28ه24525
9413.jpg,96ه41733
9414.jpg,45ه74833
9415.jpg,19ه55455
9416.jpg,83ه69238
9417.jpg,75ه43599
9419.jpg,39ه26522
9420.jpg,71ه53238
9421.jpg,72ه82455
9422.jpg,48ه13933
9423.jpg,16ه33288
9424.jpg,58ه96599
9425.jpg,56ه96999
9427.jpg,84ه23938
9428.jpg,69ه75819
9429.jpg,11ه29238
9430.jpg,32ه11410
9431.jpg,58ه23277
9432.jpg,48ه86399
9433.jpg,59ه41321
9434.jpg,58ه62599
9435.jpg,67ه44844
9436.jpg,93ه87455
9438.jpg,97ه37444
9439.jpg,27ه48588
9440.jpg,36ه76210
9441.jpg,42ه85288
9442.jpg,37ه55877
9444.jpg,86ه79366
9445.jpg,95ه57366
9448.jpg,19ه51210
9449.jpg,41ه76621
9451.jpg,53ه26444
9453.jpg,85ه18533
9454.jpg,45ه63510
9455.jpg,63ه27344
9458.jpg,75ه13388
9459.jpg,47ه84310
9460.jpg,21ه39555
9462.jpg,36ه15511
9463.jpg,28ه87110
9464.jpg,27ه48588
9465.jpg,63ه66299
9467.jpg,24ه31888
9468.jpg,44ه66522
9469.jpg,47ه84310
9475.jpg,66ه76310
9476.jpg,27ه75543
9477.jpg,23ه14888
9478.jpg,95ه19663
9479.jpg,85ه95663
9481.jpg,83ه26910
9482.jpg,18ه91583
9485.jpg,96ه86999
9486.jpg,94ه65766
9487.jpg,91ه54163
9488.jpg,67ه89521
9489.jpg,12ه11622
9490.jpg,28ه13563
9491.jpg,75ه77499
9494.jpg,36ه81943
9495.jpg,56ه23263
9497.jpg,79ه96788
9498.jpg,57ه93166
9499.jpg,67ه89521
9500.jpg,35ه18663
9501.jpg,57ه34291
9502.jpg,58ه39444
9503.jpg,97ه24722
9504.jpg,62ه57622
9505.jpg,53ه35363
9506.jpg,73ه78855
9507.jpg,81ه35477
9508.jpg,14ه79963
9509.jpg,59ه64762
9510.jpg,85ه74721
9511.jpg,15ه65299
9515.jpg,27ه99113
9516.jpg,55ه15163
9518.jpg,44ه48966
9519.jpg,44ه48966
9520.jpg,33ه26888
9521.jpg,61ه26511
9522.jpg,12ه23255
9523.jpg,97ه31111
9524.jpg,24ه44322
9525.jpg,65ه95510
9526.jpg,53ه45499
9528.jpg,21ه78466
9529.jpg,69ه63311
9530.jpg,22ه43810
9531.jpg,34ه99122
9533.jpg,41ه69543
9534.jpg,59ه12599
9535.jpg,74ه86911
9536.jpg,74ه55388
9537.jpg,26ه64911
9538.jpg,94ه87110
9539.jpg,48ه35877
9540.jpg,21ه78466
9541.jpg,16ه71599
9543.jpg,65ه95510
9544.jpg,24ه44322
9545.jpg,95ه32677
9546.jpg,46ه57643
9547.jpg,62ه96511
9548.jpg,37ه35444
9549.jpg,53ه45499
9550.jpg,54ه46213
9551.jpg,54ه42199
9552.jpg,12ه92344
9553.jpg,34ه14156
9554.jpg,53ه45499
9556.jpg,16ه18199
9559.jpg,73ه29133
9560.jpg,29ه16388
9562.jpg,54ه46213
9563.jpg,63ه96210
9564.jpg,21ه25811
9566.jpg,78ه37777
9567.jpg,75ه38388
9569.jpg,24ه44322
9570.jpg,26ه11713
9571.jpg,26ه41910
9572.jpg,98ه16910
9573.jpg,41ه54943
9574.jpg,71ه18755
9575.jpg,88ه11511
9576.jpg,88ه84110
9577.jpg,72ه57177
9578.jpg,18ه46833
9579.jpg,14ه18210
9580.jpg,56ه63433
9581.jpg,26ه41910
9582.jpg,45ه17666
9583.jpg,44ه24333
9584.jpg,31ه79510
9585.jpg,36ه34199
9586.jpg,53ه17899
9589.jpg,41ه54943
9590.jpg,22ه81238
9591.jpg,68ه71599
9592.jpg,53ه29510
9593.jpg,53ه57944
9594.jpg,89ه46799
9596.jpg,19ه79533
9597.jpg,74ه52188
9599.jpg,18ه42313
9601.jpg,49ه18844
9602.jpg,77ه96899
9603.jpg,33ه36110
9604.jpg,19ه29455
9605.jpg,81ه46899
9606.jpg,84ه92144
9608.jpg,81ه95155
9609.jpg,18ه69699
9611.jpg,48ه66855
9612.jpg,91ه96510
9615.jpg,13ه35633
9617.jpg,28ه27478
9618.jpg,88ه84110
9619.jpg,67ه87491
9621.jpg,26ه41910
9622.jpg,39ه83211
9623.jpg,46ه17466
9626.jpg,71ه56477
9627.jpg,34ه65211
9628.jpg,87ه89510
9629.jpg,76ه14613
9631.jpg,68ه71599
9632.jpg,15ه97899
9633.jpg,37ه98110
9635.jpg,38ه79738
9637.jpg,98ه46355
9638.jpg,41ه18833
9639.jpg,78ه69599
9641.jpg,69ه25166
9642.jpg,15ه97899
9644.jpg,76ه91644
9646.jpg,55ه14510
9647.jpg,86ه25877
9648.jpg,95ه82938
9650.jpg,73ه13810
9651.jpg,94ه37510
9653.jpg,26ه58363
9654.jpg,88ه66244
9655.jpg,68ه95977
9656.jpg,18ه34814
9657.jpg,18ه34814
9658.jpg,26ه58363
9659.jpg,17ه74238
9660.jpg,39ه84736
9661.jpg,41ه85163
9662.jpg,26ه58363
9664.jpg,38ه95563
9665.jpg,41ه85163
9668.jpg,88ه38243
9670.jpg,59ه71363
9671.jpg,59ه71363
9673.jpg,88ه38243
9674.jpg,39ه84736
9675.jpg,19ه39953
9676.jpg,42ه64388
9677.jpg,59ه71363
9679.jpg,88ه82999
9680.jpg,92ه92255
9682.jpg,59ه71363
9683.jpg,17ه74238
9684.jpg,78ه83777
9685.jpg,35ه56110
9688.jpg,62ه84478
9689.jpg,84ه58599
9691.jpg,18ه19510
9693.jpg,59ه56955
9698.jpg,82ه76910
9700.jpg,18ه22488
9702.jpg,73ه98244
9703.jpg,55ه19855
9704.jpg,19ه25311
9705.jpg,36ه47299
9706.jpg,62ه43538
9707.jpg,84ه25488
9709.jpg,91ه52712
9710.jpg,95ه45438
9711.jpg,26ه64911
9714.jpg,54ه58368
9715.jpg,12ه74811
9716.jpg,44ه36938
9717.jpg,93ه21810
9718.jpg,89ه51321
9719.jpg,92ه69310
9720.jpg,33ه43144
9721.jpg,92ه41388
9722.jpg,86ه98588
9723.jpg,63ه78544
9725.jpg,89ه51331
9731.jpg,33ه75499
9732.jpg,12ه12533
9733.jpg,28ه55410
9734.jpg,66ه94599
9735.jpg,67ه14168
9738.jpg,19ه66911
9739.jpg,29ه96468
9741.jpg,65ه25188
9743.jpg,28ه39477
9744.jpg,16ه29836
9746.jpg,86ه41436
9747.jpg,53ه39832
9748.jpg,92ه36669
9752.jpg,42ه52936
9753.jpg,97ه67742
9754.jpg,72ه78642
9755.jpg,27ه67126
9756.jpg,53ه85212
9757.jpg,82ه75212
9758.jpg,96ه33236
9759.jpg,84ه45412
9761.jpg,95ه12542
9762.jpg,53ه57436
9763.jpg,96ه13942
9764.jpg,58ه38910
9765.jpg,95ه94736
9766.jpg,43ه92236
9769.jpg,18ه61736
9772.jpg,79ه46612
9773.jpg,75ه52842
9774.jpg,24ه27712
9776.jpg,57ه46277
9779.jpg,86ه41436
9780.jpg,44ه62736
9781.jpg,72ه78642
9783.jpg,27ه11410
9784.jpg,14ه56666
9785.jpg,19ه26842
9787.jpg,19ه45436
9790.jpg,66ه34136
9791.jpg,68ه48836
9792.jpg,71ه66436
9793.jpg,38ه28473
9794.jpg,12ه42736
9796.jpg,53ه57436
9797.jpg,91ه74742
9798.jpg,73ه62736
9799.jpg,97ه67742
9801.jpg,47ه85199
9803.jpg,53ه85212
9806.jpg,49ه44136
9807.jpg,95ه45612
9809.jpg,94ه12199
9810.jpg,97ه27255
9812.jpg,71ه66436
9813.jpg,97ه67742
9814.jpg,77ه88436
9816.jpg,42ه95699
9817.jpg,64ه31110
9818.jpg,71ه19866
9819.jpg,27ه85399
9820.jpg,45ه14133
9821.jpg,19ه21799
9823.jpg,18ه71144
9824.jpg,87ه33391
9825.jpg,24ه44322
9826.jpg,96ه41733
9828.jpg,15ه42366
9830.jpg,14ه29910
9831.jpg,67ه37578
9832.jpg,76ه74888
9833.jpg,82ه49155
9834.jpg,63ه19968
9836.jpg,51ه75288
9837.jpg,55ه95477
9838.jpg,36ه57777
9839.jpg,96ه43610
9841.jpg,99ه94999
9842.jpg,77ه92921
9843.jpg,59ه21399
9844.jpg,15ه91610
9845.jpg,94ه57210
9846.jpg,63ه27399
9847.jpg,29ه85411
9848.jpg,24ه68666
9849.jpg,39ه35288
9850.jpg,96ه58877
9851.jpg,62ه12468
9852.jpg,18ه44949
9853.jpg,16ه18199
9854.jpg,19ه75699
9855.jpg,36ه57777
9856.jpg,53ه45499
9857.jpg,76ه86199
9859.jpg,83ه43378
9860.jpg,21ه39177
9861.jpg,81ه71944
9862.jpg,12ه81822
9863.jpg,56ه98355
9864.jpg,33ه37638
9865.jpg,88ه51666
9866.jpg,25ه53177
9867.jpg,65ه76855
9868.jpg,78ه77555
9869.jpg,58ه38966
9871.jpg,62ه13799
9872.jpg,31ه43944
9873.jpg,26ه64911
9874.jpg,86ه74911
9877.jpg,55ه87542
9879.jpg,58ه24538
9881.jpg,45ه84744
9882.jpg,72ه46711
9884.jpg,52ه58410
9885.jpg,58ه24538
9887.jpg,55ه82543
9888.jpg,23ه63138
9889.jpg,12ه94211
9890.jpg,33ه15968
9891.jpg,98ه69811
9892.jpg,74ه11538
9893.jpg,95ه35344
9894.jpg,37ه34768
9895.jpg,41ه77168
9896.jpg,98ه44310
9897.jpg,13ه61338
9898.jpg,44ه94638
9899.jpg,71ه83638
9900.jpg,26ه55338
9902.jpg,22ه82611
9904.jpg,91ه61199
9906.jpg,79ه91899
9907.jpg,45ه71221
9910.jpg,13ه68144
9911.jpg,52ه55768
9912.jpg,62ه73138
9913.jpg,57ه61638
9914.jpg,41ه55768
9916.jpg,52ه12711
9917.jpg,62ه82138
9918.jpg,16ه62434
9919.jpg,81ه97144
9920.jpg,94ه47638
9922.jpg,48ه65838
9923.jpg,35ه95899
9924.jpg,81ه49111
9925.jpg,13ه99588
9926.jpg,39ه72322
9927.jpg,19ه34968
9929.jpg,54ه62938
9930.jpg,43ه21168
9932.jpg,25ه79738
9933.jpg,78ه14568
9934.jpg,21ه41938
9935.jpg,31ه56968
9936.jpg,23ه98888
9937.jpg,61ه28438
9939.jpg,62ه39868
9940.jpg,37ه27138
9943.jpg,37ه45433
9944.jpg,67ه19444
9945.jpg,17ه35838
9947.jpg,68ه13538
9949.jpg,36ه62838
9950.jpg,56ه68499
9951.jpg,52ه58410
9952.jpg,55ه24668
9953.jpg,99ه22838
9954.jpg,37ه45433
9955.jpg,74ه78338
9956.jpg,99ه78511
9957.jpg,23ه15134
9958.jpg,38ه76338
9960.jpg,58ه24538
9961.jpg,44ه36938
9962.jpg,64ه58122
9964.jpg,68ه39568
9965.jpg,77ه54228
9966.jpg,95ه39138
9967.jpg,79ه18433
9969.jpg,84ه45412
9971.jpg,16ه62434
9972.jpg,95ه16155
9975.jpg,12ه42736
9979.jpg,56ه21153
9981.jpg,24ه27712
9983.jpg,18ه61736
9985.jpg,43ه92236
9989.jpg,16ه76978
9990.jpg,35ه38277
9991.jpg,74ه78636
9992.jpg,77ه29566
9993.jpg,59ه65566
9997.jpg,21ه37711
9998.jpg,46ه49510
9999.jpg,34ه67488
10002.jpg,65ه57488
10003.jpg,91ه74299
10005.jpg,84ه75688
10007.jpg,22ه85577
10008.jpg,17ه61633
10009.jpg,42ه44288
10010.jpg,26ه16210
10011.jpg,29ه96468
10012.jpg,44ه81699
10013.jpg,82ه57810
10014.jpg,25ه54699
10015.jpg,58ه94210
10017.jpg,44ه26638
10018.jpg,21ه15799
10021.jpg,34ه91599
10022.jpg,72ه53599
10023.jpg,96ه59799
10024.jpg,95ه36333
10025.jpg,51ه29955
10026.jpg,53ه91711
10027.jpg,76ه23122
10028.jpg,97ه88222
10029.jpg,72ه94133
10030.jpg,72ه81211
10031.jpg,84ه45677
10032.jpg,66ه62810
10033.jpg,13ه96177
10034.jpg,27ه44299
10035.jpg,69ه44366
10036.jpg,64ه63377
10040.jpg,48ه82233
10042.jpg,47ه77899
10043.jpg,14ه37788
10044.jpg,79ه89510
10045.jpg,45ه26477
10047.jpg,36ه47910
10048.jpg,97ه56421
10049.jpg,98ه88422
10050.jpg,69ه98277
10051.jpg,55ه15410
10052.jpg,52ه47455
10053.jpg,33ه73399
10054.jpg,25ه21399
10055.jpg,56ه82122
10056.jpg,48ه14677
10058.jpg,57ه38872
10059.jpg,59ه31738
10060.jpg,39ه44333
10061.jpg,49ه11355
10063.jpg,28ه75288
10064.jpg,96ه11610
10066.jpg,64ه18766
10067.jpg,18ه48788
10068.jpg,65ه15410
10069.jpg,81ه14410
10070.jpg,18ه48788
10071.jpg,13ه63921
10072.jpg,88ه81621
10073.jpg,59ه62711
10074.jpg,27ه96210
10075.jpg,28ه93310
10076.jpg,34ه94688
10077.jpg,71ه42788
10078.jpg,21ه92499
10079.jpg,75ه91777
10080.jpg,34ه79933
10082.jpg,69ه76510
10083.jpg,64ه93143
10084.jpg,58ه26553
10085.jpg,58ه26553
10086.jpg,23ه39933
10087.jpg,23ه39933
10089.jpg,72ه21688
10090.jpg,48ه97444
10091.jpg,65ه46910
10095.jpg,67ه55188
10096.jpg,43ه47788
10097.jpg,96ه69910
10098.jpg,94ه19410
10099.jpg,44ه57844
10100.jpg,21ه78466
10101.jpg,45ه93310
10102.jpg,41ه92411
10103.jpg,67ه89521
10104.jpg,57ه28911
10109.jpg,51ه11866
10110.jpg,76ه82955
10111.jpg,41ه88288
10112.jpg,41ه88288
10113.jpg,39ه57433
10114.jpg,22ه21410
10115.jpg,68ه11211
10116.jpg,66ه62911
10117.jpg,17ه69399
10118.jpg,17ه69399
10119.jpg,84ه25733
10120.jpg,88ه82244
10122.jpg,53ه92955
10123.jpg,11ه64977
10124.jpg,86ه45844
10125.jpg,62ه36922
10126.jpg,64ه59710
10128.jpg,32ه57599
10129.jpg,46ه21766
10130.jpg,84ه49755
10131.jpg,68ه24638
10132.jpg,47ه77844
10133.jpg,58ه36833
10136.jpg,45ه59999
10137.jpg,24ه36122
10138.jpg,59ه24310
10139.jpg,94ه68822
10140.jpg,38ه17510
10142.jpg,86ه39699
10143.jpg,86ه39699
10144.jpg,88ه96610
10145.jpg,16ه59810
10146.jpg,14ه41377
10147.jpg,92ه25266
10148.jpg,92ه87810
10149.jpg,92ه87810
10151.jpg,89ه92522
10152.jpg,89ه73843
10153.jpg,26ه31491
10154.jpg,84ه51622
10155.jpg,38ه97438
10156.jpg,91ه15710
10157.jpg,28ه46110
10158.jpg,67ه82344
10159.jpg,17ه38766
10160.jpg,67ه89521
10162.jpg,72ه13491
10164.jpg,31ه44938
10165.jpg,76ه33743
10166.jpg,17ه31791
10167.jpg,82ه38991
10169.jpg,56ه48391
10170.jpg,97ه92991
10171.jpg,47ه66991
10173.jpg,34ه81791
10176.jpg,53ه66999
10177.jpg,62ه22199
10178.jpg,78ه36788
10179.jpg,29ه81866
10180.jpg,83ه59611
10182.jpg,74ه82155
10183.jpg,27ه83166
10185.jpg,58ه12921
10188.jpg,27ه84899
10189.jpg,11ه25977
10190.jpg,17ه46766
10193.jpg,54ه85438
10194.jpg,34ه86433
10195.jpg,72ه53638
10197.jpg,28ه31538
10198.jpg,44ه75838
10199.jpg,37ه74578
10200.jpg,39ه42238
10201.jpg,97ه96538
10203.jpg,65ه95855
10204.jpg,31ه56510
10205.jpg,47ه26788
10206.jpg,68ه82711
10207.jpg,88ه24599
10208.jpg,88ه24599
10212.jpg,95ه26566
10215.jpg,65ه57288
10216.jpg,18ه84129
10217.jpg,71ه53499
10218.jpg,37ه23399
10219.jpg,44ه98966
10220.jpg,21ه21699
10223.jpg,21ه24311
10224.jpg,24ه72621
10225.jpg,57ه14410
10226.jpg,83ه24538
10227.jpg,83ه24538
10228.jpg,61ه97510
10229.jpg,81ه92599
10230.jpg,26ه26710
10231.jpg,82ه98122
10232.jpg,91ه67911
10233.jpg,46ه11777
10235.jpg,47ه68477
10238.jpg,62ه72199
10240.jpg,38ه38933
10241.jpg,18ه14599
10243.jpg,71ه65199
10244.jpg,53ن92299
10245.jpg,53ن92299
10246.jpg,12ن86477
10247.jpg,82ن39566
10248.jpg,26ن81644
10249.jpg,55ن13210
10250.jpg,99ن75516
10252.jpg,92ن59816
10253.jpg,51ن75616
10254.jpg,88ن19716
10255.jpg,17ن97616
10256.jpg,96ن14877
10257.jpg,45ن41716
10258.jpg,28ن66416
10260.jpg,88ن27516
10263.jpg,74ن84916
10265.jpg,46ن85416
10266.jpg,46ن81916
10267.jpg,83ن66516
10268.jpg,67ن84116
10270.jpg,45ن69416
10271.jpg,45ن41716
10273.jpg,98ن61746
10274.jpg,24ن74116
10275.jpg,47ن94316
10276.jpg,23ن23316
10278.jpg,52ن99816
10279.jpg,42ن83616
10280.jpg,42ن96916
10281.jpg,69ن37916
10282.jpg,74ن94616
10283.jpg,24ن22816
10286.jpg,33ن22416
10287.jpg,43ن41716
10288.jpg,34ن66316
10289.jpg,38ن64716
10290.jpg,74ن18516
10291.jpg,41ن56916
10292.jpg,56ن84916
10293.jpg,21ن17216
10294.jpg,12ن46616
10296.jpg,27ن72774
10297.jpg,59ن68512
10298.jpg,61ن21474
10300.jpg,88ن34474
10302.jpg,19ن56574
10303.jpg,31ن13412
10304.jpg,77ن35812
10305.jpg,79ن91212
10306.jpg,87ن46442
10308.jpg,85ن83412
10309.jpg,77ن41474
10311.jpg,84ن27236
10312.jpg,47ن71374
10313.jpg,51ن59712
10314.jpg,75ن51812
10315.jpg,78ن41412
10316.jpg,37ن69574
10317.jpg,84ن48974
10318.jpg,26ن75768
10319.jpg,51ن71122
10320.jpg,91ن81428
10321.jpg,75ن89614
10322.jpg,82ن71922
10324.jpg,95ن74955
10325.jpg,66ن29711
10326.jpg,77ن81538
10327.jpg,43ن16515
10328.jpg,88ن59973
10329.jpg,94ن72168
10330.jpg,52ن74353
10333.jpg,29ن78238
10334.jpg,73ن47766
10335.jpg,48ن52342
10337.jpg,81ن72368
10338.jpg,64ن24825
10339.jpg,93ن86722
10340.jpg,23ن83311
10342.jpg,85ن87868
10343.jpg,43ن86638
10344.jpg,46ن59821
10345.jpg,51ن97619
10346.jpg,78ن57619
10347.jpg,65ن31219
10348.jpg,63ن29419
10349.jpg,41ن46219
10353.jpg,77ن34119
10354.jpg,42ن98919
10357.jpg,86ن92119
10358.jpg,51ن97619
10359.jpg,25ن29719
10360.jpg,33ن44719
10361.jpg,91ن94919
10362.jpg,37ن97819
10363.jpg,71ن28819
10364.jpg,88ن36419
10365.jpg,66ن18119
10366.jpg,13ن73199
10367.jpg,19ن75477
10369.jpg,69ن86110
10370.jpg,44ن48413
10372.jpg,26ن45513
10373.jpg,18ن99643
10374.jpg,16ن89710
10376.jpg,23ن94965
10377.jpg,36ن79211
10378.jpg,27ن53744
10380.jpg,48ن93943
10381.jpg,86ن45443
10383.jpg,13ن62333
10384.jpg,76ن26544
10385.jpg,33ن97510
10386.jpg,58ن94513
10387.jpg,42ن56855
10388.jpg,32ن91753
10389.jpg,66ن77910
10391.jpg,75ن97655
10392.jpg,36ن42453
10394.jpg,79ن47813
10395.jpg,45ن97288
10397.jpg,81ن49755
10398.jpg,84ن42138
10399.jpg,41ن58211
10400.jpg,33ن52777
10401.jpg,68ن52610
10402.jpg,89ن98799
10403.jpg,81ن23777
10404.jpg,13ن92813
10406.jpg,67ن46888
10409.jpg,89ن98799
10410.jpg,97ن35524
10411.jpg,38ن67753
10412.jpg,38ن13355
10415.jpg,52ن71955
10416.jpg,65ن63499
10417.jpg,78ن42777
10418.jpg,96ن95610
10419.jpg,89ن53713
10420.jpg,27ن12710
10421.jpg,86ن45442
10423.jpg,61ن57155
10424.jpg,84ن45722
10425.jpg,51ن37155
10430.jpg,29ن75722
10431.jpg,76ن15410
10432.jpg,88ن51999
10433.jpg,93ن18244
10435.jpg,63ن99238
10436.jpg,75ن73477
10437.jpg,62ن21210
10440.jpg,98ن46268
10441.jpg,99ن87111
10442.jpg,29ن38377
10443.jpg,19ن34988
10445.jpg,81ن86210
10446.jpg,12ن11361
10452.jpg,95ن31555
10453.jpg,24ن19577
10456.jpg,29ن19677
10457.jpg,41ن97129
10458.jpg,19ن75477
10459.jpg,13ن73199
10460.jpg,29ن38377
10462.jpg,76ن58768
10463.jpg,52ن16599
10464.jpg,37ن65877
10465.jpg,87ن46533
10466.jpg,65ن22538
10467.jpg,19ن23866
10468.jpg,65ن45877
10469.jpg,97ن31966
10470.jpg,83ن39410
10471.jpg,95ن99899
10472.jpg,16ن61188
10473.jpg,87ن69710
10474.jpg,19ن28299
10475.jpg,76ن98499
10476.jpg,44ن68299
10477.jpg,99ن67744
10479.jpg,33ن53129
10480.jpg,89ن42410
10481.jpg,61ن85521
10482.jpg,38ن98177
10483.jpg,85ن79366
10484.jpg,59ن13811
10485.jpg,61ن69266
10486.jpg,94ن69110
10487.jpg,84ن39799
10488.jpg,91ن76822
10489.jpg,61ن65110
10490.jpg,68ن46977
10491.jpg,48ن97933
10492.jpg,11ن89811
10493.jpg,19ن12744
10494.jpg,59ن67810
10495.jpg,61ن69266
10496.jpg,43ن89442
10497.jpg,48ن73744
10498.jpg,19ن12744
10499.jpg,44ن37688
10500.jpg,53ن72744
10501.jpg,35ن43563
10502.jpg,38ن95522
10504.jpg,31ن49510
10505.jpg,44ن96611
10506.jpg,52ن54911
10507.jpg,62ن58942
10508.jpg,33ن55510
10509.jpg,85ن46255
10510.jpg,33ن56811
10512.jpg,66ن32911
10513.jpg,35ن14233
10514.jpg,18ن71299
10515.jpg,52ن54911
10516.jpg,48ن63938
10517.jpg,48ن73744
10518.jpg,88ن97488
10519.jpg,64ن84766
10520.jpg,85ن75899
10521.jpg,85ن79366
10522.jpg,86ن17922
10523.jpg,16ن74811
10524.jpg,39ن35327
10525.jpg,97ن15611
10526.jpg,39ن88577
10527.jpg,92ن66711
10529.jpg,52ن54911
10530.jpg,15ن69911
10531.jpg,93ن96277
10532.jpg,58ن12383
10535.jpg,23ن37693
10537.jpg,61ن64963
10539.jpg,52ن76573
10540.jpg,67ن97710
10542.jpg,81ن19663
10543.jpg,19ن63244
10545.jpg,29ن83973
10547.jpg,16ن11483
10548.jpg,28ن46122
10551.jpg,22ن59593
10552.jpg,95ن15238
10553.jpg,79ن48410
10554.jpg,97ن43755
10555.jpg,92ن74633
10556.jpg,53ن46863
10557.jpg,29ن97333
10558.jpg,71ن58999
10559.jpg,79ن48410
10560.jpg,49ن37555
10561.jpg,77ن91455
10562.jpg,43ن78922
10565.jpg,41ن12863
10567.jpg,52ن75773
10568.jpg,91ن78710
10569.jpg,42ن16263
10570.jpg,22ن92363
10572.jpg,12ن21677
10573.jpg,51ن24388
10575.jpg,37ن82611
10576.jpg,22ن14411
10577.jpg,18ن65561
10578.jpg,99ن44899
10579.jpg,57ن85910
10580.jpg,59ن86655
10581.jpg,86ن91213
10583.jpg,75ن17110
10584.jpg,18ن31913
10585.jpg,74ن77933
10587.jpg,95ن38599
10589.jpg,39ن79777
10591.jpg,92ن74633
10592.jpg,48ن28744
10593.jpg,81ن49755
10594.jpg,54ن47411
10595.jpg,56ن42268
10596.jpg,87ن68477
10597.jpg,82ن71513
10599.jpg,28ن61444
10600.jpg,59ن28322
10602.jpg,32ن19544
10603.jpg,23ن74753
10604.jpg,97ن42299
10606.jpg,59ن59353
10608.jpg,35ن94488
10609.jpg,12ن53566
10610.jpg,48ن93388
10611.jpg,21ن21488
10612.jpg,48ن93388
10613.jpg,48ن93388
10614.jpg,26ن22744
10615.jpg,75ن17110
10617.jpg,37ن29822
10618.jpg,95ن38599
10620.jpg,98ن16766
10621.jpg,89ن17377
10622.jpg,93ن34911
10623.jpg,15ن82710
10624.jpg,97ن23577
10625.jpg,86ن75999
10626.jpg,47ن61455
10627.jpg,18ن31913
10628.jpg,87ن49899
10629.jpg,92ن66711
10632.jpg,69ن83711
10633.jpg,92ن55811
10634.jpg,99ن72612
10638.jpg,12ن21677
10639.jpg,33ن62188
10640.jpg,58ن94944
10641.jpg,88ن98644
10642.jpg,24ن16110
10643.jpg,53ن28199
10645.jpg,33ن31977
10646.jpg,62ن37855
10647.jpg,55ن53233
10648.jpg,72ن91510
10650.jpg,21ن22822
10651.jpg,22ن27866
10653.jpg,56ن22816
10654.jpg,36ن58633
10655.jpg,85ن26110
10657.jpg,22ن97688
10658.jpg,64ن79211
10660.jpg,69ن46421
10661.jpg,22ن83899
10663.jpg,58ن94513
10664.jpg,48ن93943
10665.jpg,63ن38411
10666.jpg,48ن81911
10667.jpg,18ن39199
10668.jpg,29ن99888
10669.jpg,21ن62822
10670.jpg,62ن45999
10671.jpg,27ن95512
10673.jpg,59ن23899
10675.jpg,58ن94513
10676.jpg,48ن93943
10677.jpg,77ن86644
10678.jpg,51ن31899
10679.jpg,33ن85322
10680.jpg,67ن14610
10682.jpg,29ن58177
10683.jpg,42ن37966
10684.jpg,21ن12166
10685.jpg,23ن72699
10686.jpg,86ن22477
10687.jpg,54ن92710
10688.jpg,66ن22810
10689.jpg,52ن93368
10690.jpg,24ن23311
10691.jpg,38ن25277
10692.jpg,74ن49166
10693.jpg,77ن31513
10694.jpg,32ن74788
10696.jpg,56ن39933
10697.jpg,11ن86513
10698.jpg,91ن81733
10699.jpg,25ن19210
10700.jpg,35ن85233
10701.jpg,43ن11411
10702.jpg,92ن84668
10706.jpg,32ن92499
10710.jpg,25ن45466
10711.jpg,69ن69299
10714.jpg,76ن48233
10716.jpg,87ن74110
10717.jpg,42ن84544
10718.jpg,12ن85363
10720.jpg,85ن77644
10721.jpg,19ن75477
10722.jpg,13ن73199
10723.jpg,82ن82212
10724.jpg,53ن33668
10725.jpg,83ن76814
10726.jpg,92ن39988
10729.jpg,23ن78899
10730.jpg,71ن55238
10731.jpg,56ن69211
10733.jpg,56ن69211
10734.jpg,96ن16233
10735.jpg,82ن82212
10736.jpg,38ن81763
10738.jpg,57ن64683
10740.jpg,47ن91177
10741.jpg,94ن37999
10742.jpg,43ن14910
10744.jpg,37ن17268
10745.jpg,12ن54988
10746.jpg,33ن45463
10747.jpg,38ن81763
10748.jpg,73ن72455
10750.jpg,27ن43844
10751.jpg,47ن36199
10755.jpg,53ن32410
10756.jpg,26ن21744
10757.jpg,68ن55766
10758.jpg,62ن96238
10760.jpg,72ن33721
10761.jpg,59ن91282
10762.jpg,83ن22110
10763.jpg,17ن64844
10764.jpg,66ن56910
10765.jpg,77ن62599
10767.jpg,27ن22333
10768.jpg,26ن12288
10769.jpg,75ن12121
10770.jpg,15ن99168
10773.jpg,54ن88938
10774.jpg,88ن46844
10775.jpg,19ن75477
10776.jpg,13ن73199
10778.jpg,51ن59210
10779.jpg,18ن81777
10780.jpg,95ن32514
10781.jpg,54ن88938
10783.jpg,66ن48399
10784.jpg,26ن97838
10785.jpg,93ن29244
10786.jpg,97ن87168
10787.jpg,77ن39129
10788.jpg,79ن25244
10789.jpg,54ن88938
10790.jpg,62ن55124
10792.jpg,42ن75199
10793.jpg,51ن52855
10794.jpg,35ن64299
10795.jpg,47ن91177
10796.jpg,48ن47544
10797.jpg,66ن27611
10798.jpg,18ن81777
10799.jpg,76ن36125
10800.jpg,18ن81777
10802.jpg,54ن88938
10804.jpg,74ن88732
10805.jpg,79ن68244
10806.jpg,66ن88577
10807.jpg,17ن21544
10808.jpg,79ن71688
10809.jpg,21ن82211
10810.jpg,14ن84344
10811.jpg,54ن88938
10813.jpg,66ن31488
10814.jpg,11ن63188
10815.jpg,54ن88938
10816.jpg,19ن75477
10817.jpg,18ن36911
10818.jpg,82ن91366
10820.jpg,58ن44699
10822.jpg,28ن28312
10824.jpg,26ن21410
10826.jpg,56ن91144
10827.jpg,74ن88732
10828.jpg,86ن54112
10829.jpg,81ن42711
10830.jpg,44ن23988
10832.jpg,16ن38710
10833.jpg,56ن91144
10834.jpg,42ن25612
10835.jpg,32ن95110
10836.jpg,42ن86344
10837.jpg,49ن19836
10838.jpg,15ن68112
10839.jpg,74ن88732
10842.jpg,68ن15699
10844.jpg,73ن15412
10845.jpg,89ن59155
10846.jpg,74ن88732
10847.jpg,72ن21332
10848.jpg,39ن84926
10849.jpg,41ن87932
10850.jpg,95ن69644
10851.jpg,44ن27936
10852.jpg,47ن91210
10853.jpg,45ن67532
10854.jpg,24ن57388
10855.jpg,22ن18344
10857.jpg,57ن87922
10858.jpg,56ن91144
10859.jpg,74ن88732
10860.jpg,67ن72936
10861.jpg,86ن54112
10862.jpg,13ن38912
10863.jpg,45ن16888
10865.jpg,74ن88732
10867.jpg,17ن81610
10869.jpg,74ن17612
10870.jpg,69ن45411
10871.jpg,17ن63788
10872.jpg,88ن97988
10873.jpg,22ن18344
10874.jpg,34ن29536
10875.jpg,74ن83166
10877.jpg,13ن64510
10878.jpg,43ن14710
10879.jpg,42ن85333
10880.jpg,88ن41111
10883.jpg,19ن75477
10884.jpg,14ن52710
10885.jpg,97ن13488
10886.jpg,22ن94755
10888.jpg,85ن85410
10889.jpg,45ن22338
10890.jpg,87ن58910
10891.jpg,33ن76999
10892.jpg,38ن56210
10893.jpg,46ن98455
10894.jpg,48ن25655
10896.jpg,64ن51422
10897.jpg,86ن53710
10898.jpg,28ن41355
10899.jpg,21ن62810
10900.jpg,77ن57466
10901.jpg,78ن86921
10902.jpg,56ن68744
10903.jpg,12ن58211
10905.jpg,29ن11577
10906.jpg,13ن34868
10907.jpg,12ن14699
10908.jpg,61ن96499
10909.jpg,76ن88699
10910.jpg,66ن31488
10911.jpg,69ن87244
10912.jpg,86ن27155
10913.jpg,25ن99422
10914.jpg,14ن62761
10916.jpg,94ن58755
10917.jpg,17ن34566
10919.jpg,73ن52366
10921.jpg,93ن55244
10922.jpg,66ن79769
10924.jpg,55ن48821
10925.jpg,63ن31838
10927.jpg,64ن75288
10928.jpg,19ن66299
10929.jpg,65ن85299
10930.jpg,76ن12222
10931.jpg,81ن72999
10934.jpg,96ن33324
10936.jpg,21ن26555
10937.jpg,91ن12344
10938.jpg,58ن45133
10939.jpg,19ن48788
10940.jpg,27ن79511
10941.jpg,42ن83824
10942.jpg,76ن42924
10943.jpg,44ن27710
10944.jpg,46ن61422
10945.jpg,65ن18414
10947.jpg,12ن65855
10948.jpg,82ن92114
10949.jpg,66ن26199
10950.jpg,66ن56910
10951.jpg,48ن81924
10952.jpg,34ن99699
10953.jpg,82ن92114
10954.jpg,43ن11511
10955.jpg,76ن42924
10956.jpg,26ن59344
10957.jpg,48ن52424
10958.jpg,68ن74324
10959.jpg,67ن32499
10961.jpg,89ن96838
10963.jpg,71ن24866
10964.jpg,15ن33138
10966.jpg,15ن49638
10967.jpg,78ن92738
10968.jpg,69ن24472
10970.jpg,34ن51268
10972.jpg,81ن13738
10974.jpg,71ن15668
10977.jpg,49ن64468
10978.jpg,96ن42568
10979.jpg,58ن82138
10980.jpg,55ن13210
10982.jpg,32ن97744
10983.jpg,49ن66833
10984.jpg,43ن23210
10985.jpg,94ن92322
10987.jpg,24ن42738
10988.jpg,76ن42924
10989.jpg,59ن46977
10990.jpg,92ن89168
10991.jpg,56ن79577
10992.jpg,81ن34838
10993.jpg,37ن29438
10994.jpg,45ن93568
10995.jpg,42ن83824
10999.jpg,11ن93268
11001.jpg,67ن55768
11004.jpg,46ن19238
11005.jpg,22ن36438
11006.jpg,63ن72138
11007.jpg,26ن78499
11008.jpg,97ن11968
11009.jpg,95ن32514
11012.jpg,25ن26368
11014.jpg,98ن89138
11015.jpg,25ن26368
11016.jpg,88ن73924
11017.jpg,82ن92114
11018.jpg,62ن83938
11019.jpg,97ن72468
11020.jpg,98ن86110
11021.jpg,56ن58938
11022.jpg,36ن16838
11023.jpg,66ن28368
11024.jpg,82ن24438
11025.jpg,56ن58938
11026.jpg,66ن28368
11027.jpg,66ن28368
11028.jpg,25ن26368
11029.jpg,98ن89138
11030.jpg,32ن97744
11031.jpg,76ن42924
11032.jpg,25ن26368
11033.jpg,65ن34524
11035.jpg,19ن48788
11036.jpg,82ن92114
11037.jpg,25ن26368
11038.jpg,25ن26368
11039.jpg,23ن42133
11040.jpg,74ن88732
11042.jpg,74ن88732
11043.jpg,36ن61188
11045.jpg,76ن42924
11046.jpg,48ن52424
11047.jpg,69ن77744
11049.jpg,64ن69621
11050.jpg,42ن83824
11051.jpg,22ن41533
11052.jpg,76ن42924
11053.jpg,89ن86722
11054.jpg,74ن88732
11055.jpg,16ن61233
11056.jpg,34ن41488
11058.jpg,36ن61188
11059.jpg,68ن74324
11064.jpg,66ن47824
11065.jpg,34ن52255
11067.jpg,44ن25938
11068.jpg,62ن75344
11069.jpg,51ن16210
11070.jpg,18ن81777
11072.jpg,27ن88468
11073.jpg,59ن73299
11074.jpg,42ن31899
11077.jpg,95ن67177
11078.jpg,18ن81777
11079.jpg,52ن56299
11080.jpg,86ن27499
11081.jpg,88ن41310
11083.jpg,32ن26199
11084.jpg,37ن54599
11085.jpg,25ن46788
11086.jpg,18ن81777
11087.jpg,94ن76488
11088.jpg,48ن79310
11089.jpg,69ن33588
11090.jpg,18ن81777
11092.jpg,89ن72988
11095.jpg,26ن14644
11096.jpg,23ن41822
11097.jpg,77ن13210
11098.jpg,99ن79177
11099.jpg,78ن82377
11100.jpg,24ن49144
11101.jpg,51ن97533
11102.jpg,26ن39811
11103.jpg,83ن16510
11104.jpg,36ن71399
11105.jpg,47ن68511
11106.jpg,86ن18899
11107.jpg,91ن97510
11109.jpg,34ن47499
11112.jpg,73ن99788
11113.jpg,15ن49844
11114.jpg,66ن46166
11115.jpg,11ن28222
11116.jpg,27ن97899
11118.jpg,33ن47133
11119.jpg,91ن42144
11120.jpg,84ن13933
11121.jpg,52ن49588
11123.jpg,55ن42733
11124.jpg,55ن71611
11125.jpg,82ن14999
11126.jpg,73ن16299
11127.jpg,59ن89722
11130.jpg,67ن23611
11133.jpg,72ن32899
11136.jpg,43ن74977
11137.jpg,44ن73722
11138.jpg,49ن92210
11140.jpg,41ن14122
11141.jpg,42ن26255
11144.jpg,94ن88438
11145.jpg,94ن88438
11146.jpg,29ن32422
11147.jpg,71ن71899
11148.jpg,14ن36455
11149.jpg,14ن36455
11152.jpg,12ن54557
11153.jpg,31ن27353
11154.jpg,54ن71388
11155.jpg,37ن82611
11156.jpg,23ن93410
11157.jpg,44ن34111
11159.jpg,49ن13977
11160.jpg,12ن23955
11164.jpg,29ن86544
11166.jpg,22ن97510
11170.jpg,23ن93410
11174.jpg,17ن97388
11175.jpg,28ن11921
11177.jpg,27ن52855
11178.jpg,76ن14233
11179.jpg,57ن11477
11180.jpg,77ن14810
11181.jpg,38ن25810
11182.jpg,52ن74621
11184.jpg,66ن65299
11185.jpg,17ن28955
11186.jpg,14ن52710
11187.jpg,28ن79855
11188.jpg,58ن83755
11189.jpg,75ن98422
11190.jpg,47ن18977
11191.jpg,17ن19344
11192.jpg,63ن48988
11193.jpg,67ن18711
11195.jpg,22ن14822
11196.jpg,84ن94211
11197.jpg,68ن53155
11198.jpg,13ن73199
11199.jpg,19ن75477
11201.jpg,17ن14191
11202.jpg,84ن91155
11203.jpg,86ن11910
11204.jpg,49ن35722
11205.jpg,78ن21799
11206.jpg,65ن79733
11207.jpg,59ن52653
11208.jpg,33ن34291
11209.jpg,68ن33925
11211.jpg,15ن85438
11212.jpg,47ن47833
11213.jpg,66ن19166
11214.jpg,71ن87410
11215.jpg,32ن31666
11219.jpg,87ن83966
11220.jpg,21ن17777
11221.jpg,33ن23510
11222.jpg,31ن23355
11223.jpg,42ن85588
11224.jpg,27ن85910
11225.jpg,29ن92888
11226.jpg,79ن45551
11227.jpg,56ن77411
11228.jpg,55ن42611
11229.jpg,86ن19738
11230.jpg,92ن74338
11231.jpg,75ن39621
11232.jpg,19ن75477
11233.jpg,13ن73199
11234.jpg,46ن61299
11235.jpg,94ن74433
11236.jpg,11ن32611
11237.jpg,37ن67711
11238.jpg,95ن73188
11239.jpg,95ن39177
11241.jpg,78ن53788
11242.jpg,19ن98255
11243.jpg,78ن89677
11244.jpg,78ن89677
11245.jpg,93ن57772
11246.jpg,93ن57772
11247.jpg,66ن99799
11248.jpg,37ن13944
11249.jpg,29ن24322
11250.jpg,81ن84888
11251.jpg,13ن73199
11252.jpg,19ن75477
11253.jpg,96ن81777
11254.jpg,13ن73199
11255.jpg,19ن75477
11256.jpg,45ن46310
11257.jpg,67ن79511
11258.jpg,82ن27922
11259.jpg,49ن51411
11260.jpg,14ن78544
11262.jpg,26ن98688
11263.jpg,38ن73166
11264.jpg,77ن76710
11265.jpg,21ن61544
11266.jpg,13ن78199
11269.jpg,72ن43288
11271.jpg,23ن16377
11272.jpg,33ل17319
11273.jpg,41ل52122
11275.jpg,15ل48155
11276.jpg,96ل73366
11278.jpg,95ل65699
11279.jpg,92ل86733
11280.jpg,86ل36599
11281.jpg,23ل66416
11282.jpg,52ل27816
11283.jpg,71ل49616
11284.jpg,84ل49716
11285.jpg,79ل43116
11286.jpg,48ل28416
11287.jpg,65ل29216
11288.jpg,56ل83529
11290.jpg,48ل79616
11291.jpg,86ل85516
11292.jpg,86ل66416
11294.jpg,96ل46316
11296.jpg,96ل37416
11297.jpg,59ل69816
11298.jpg,46ل44716
11299.jpg,78ل69516
11301.jpg,24ل46116
11302.jpg,25ل77216
11303.jpg,12ل39116
11304.jpg,17ل67716
11305.jpg,65ل62916
11306.jpg,82ل55516
11307.jpg,74ل95333
11308.jpg,93ل87716
11310.jpg,71ل63316
11311.jpg,12ل67716
11312.jpg,27ل49916
11313.jpg,99ل88116
11314.jpg,99ل88116
11316.jpg,84ل76716
11317.jpg,23ل57916
11318.jpg,11ل57216
11319.jpg,27ل56316
11321.jpg,91ل24112
11322.jpg,41ل96532
11323.jpg,99ل64512
11324.jpg,15ل94513
11325.jpg,22ل78312
11327.jpg,17ل97812
11331.jpg,55ل89911
11332.jpg,55ل89911
11333.jpg,45ل61242
11334.jpg,28ل36456
11336.jpg,28ل96622
11337.jpg,61ل26835
11338.jpg,48ل63799
11339.jpg,99ل19222
11340.jpg,95ل67336
11342.jpg,45ل49842
11343.jpg,72ل28534
11344.jpg,66ل84455
11345.jpg,37ل98515
11346.jpg,42ل83621
11347.jpg,28ل41464
11348.jpg,24ل15116
11349.jpg,19ل18725
11352.jpg,21ل92821
11353.jpg,31ل91216
11354.jpg,14ل97768
11355.jpg,82ل61636
11356.jpg,49ل81168
11357.jpg,65ل28768
11358.jpg,42ل28877
11359.jpg,78ل48299
11360.jpg,78ل94321
11361.jpg,33ل44978
11362.jpg,81ل87319
11363.jpg,44ل83519
11364.jpg,29ل18319
11365.jpg,55ل86819
11366.jpg,75ل39919
11367.jpg,39ل98498
11368.jpg,75ل39919
11369.jpg,77ل86319
11370.jpg,14ل57519
11371.jpg,27ل27355
11372.jpg,81ل45244
11373.jpg,67ل44222
11375.jpg,35ل92155
11377.jpg,88ل46144
11381.jpg,23ل14344
11382.jpg,44ل77116
11383.jpg,28ل93777
11384.jpg,14ل27978
11385.jpg,27ل33732
11386.jpg,51ل16833
11388.jpg,65ل21419
11389.jpg,59ل92477
11390.jpg,98ل24199
11391.jpg,17ل97622
11392.jpg,27ل91144
11393.jpg,23ل63719
11394.jpg,24ل14961
11397.jpg,81ل45244
11398.jpg,81ل22711
11399.jpg,39ل73111
11401.jpg,31ل96799
11402.jpg,24ل76953
11403.jpg,16ل85811
11404.jpg,92ل11833
11405.jpg,51ل25811
11407.jpg,38ل19411
11408.jpg,72ل92855
11410.jpg,74ل87944
11411.jpg,62ل35899
11412.jpg,21ل79741
11414.jpg,52ل18513
11415.jpg,19ل23566
11417.jpg,77ل17413
11418.jpg,42ل41299
11419.jpg,76ل92113
11420.jpg,22ل95866
11422.jpg,23ل46319
11423.jpg,39ل95955
11424.jpg,15ل32599
11426.jpg,75ل23163
11427.jpg,46ل59255
11428.jpg,36ل29619
11429.jpg,79ل32210
11430.jpg,24ل46619
11431.jpg,69ل28688
11433.jpg,66ل57119
11434.jpg,75ل51119
11435.jpg,48ل74629
11436.jpg,48ل25438
11437.jpg,84ل41399
11438.jpg,41ل61546
11439.jpg,13ل78819
11440.jpg,37ل48144
11441.jpg,25ل82638
11442.jpg,98ل24199
11443.jpg,18ل42288
11444.jpg,58ل46977
11445.jpg,96ل96419
11446.jpg,12ل93328
11447.jpg,16ل94266
11449.jpg,92ل74722
11450.jpg,82ل27511
11451.jpg,86ل47211
11453.jpg,97ل18499
11454.jpg,27ل32166
11456.jpg,72ل58319
11457.jpg,96ل13444
11458.jpg,96ل67419
11460.jpg,56ل51533
11465.jpg,19ل56610
11466.jpg,18ل49911
11468.jpg,94ل29933
11469.jpg,84ل21162
11470.jpg,11ل71488
11471.jpg,28ل58519
11473.jpg,48ل65210
11474.jpg,78ل35877
11475.jpg,13ل98711
11476.jpg,75ل25799
11477.jpg,41ل85488
11479.jpg,34ل58655
11481.jpg,47ل36935
11482.jpg,77ل99810
11483.jpg,32ل24955
11485.jpg,53ل42199
11486.jpg,25ل31610
11488.jpg,14ل93244
11489.jpg,66ل44677
11490.jpg,23ل19155
11491.jpg,74ل15599
11492.jpg,62ل24246
11494.jpg,73ل47710
11495.jpg,26ل37677
11496.jpg,86ل86910
11498.jpg,77ل99810
11499.jpg,14ل57721
11500.jpg,74ل25544
11501.jpg,76ل45711
11502.jpg,76ل45711
11503.jpg,25ل27366
11504.jpg,35ل75363
11505.jpg,39ل17238
11507.jpg,85ل21344
11508.jpg,28ل64888
11509.jpg,97ل85677
11510.jpg,63ل21899
11511.jpg,72ل41521
11512.jpg,33ل51599
11513.jpg,67ل35444
11514.jpg,94ل35419
11515.jpg,39ل39777
11517.jpg,74ل15599
11518.jpg,92ل64499
11520.jpg,92ل99411
11521.jpg,53ل42199
11522.jpg,22ل72666
11524.jpg,14ل92826
11525.jpg,55ل84611
11526.jpg,62ل99155
11527.jpg,53ل49973
11528.jpg,38ل92363
11529.jpg,18ل75463
11530.jpg,62ل45212
11532.jpg,44ل22533
11534.jpg,14ل63763
11536.jpg,81ل32522
11538.jpg,42ل53122
11540.jpg,19ل76533
11541.jpg,96ل72944
11542.jpg,17ل52322
11543.jpg,76ل29955
11544.jpg,96ل23188
11545.jpg,23ل33663
11546.jpg,61ل55710
11547.jpg,81ل35863
11549.jpg,24ل12228
11551.jpg,33ل45855
11553.jpg,61ل55710
11554.jpg,88ل39511
11556.jpg,67ل14710
11557.jpg,54ل27863
11558.jpg,51ل89133
11559.jpg,22ل82563
11560.jpg,87ل41277
11561.jpg,82ل88288
11563.jpg,95ل41588
11565.jpg,12ل93388
11566.jpg,78ل41268
11567.jpg,29ل21253
11568.jpg,11ل77110
11569.jpg,89ل62288
11570.jpg,59ل84788
11571.jpg,13ل88299
11572.jpg,22ل46699
11573.jpg,32ل37916
11575.jpg,34ل84544
11576.jpg,33ل38410
11577.jpg,59ل52633
11578.jpg,39ل74555
11579.jpg,23ل84913
11580.jpg,69ل97810
11581.jpg,78ل33233
11582.jpg,29ل63610
11583.jpg,95ل41388
11585.jpg,63ل42911
11586.jpg,38ل99410
11587.jpg,23ل37838
11588.jpg,14ل41268
11589.jpg,26ل36514
11590.jpg,73ل17988
11591.jpg,46ل65855
11592.jpg,33ل38410
11593.jpg,24ل42810
11594.jpg,69ل64255
11595.jpg,89ل21199
11597.jpg,95ل85999
11599.jpg,52ل91955
11600.jpg,17ل31966
11602.jpg,99ل64388
11603.jpg,68ل67299
11604.jpg,39ل37110
11607.jpg,84ل19511
11608.jpg,18ل14743
11611.jpg,56ل93188
11613.jpg,44ل96338
11614.jpg,86ل36910
11615.jpg,22ل46699
11616.jpg,17ل44599
11617.jpg,96ل99843
11619.jpg,96ل25953
11620.jpg,76ل29955
11621.jpg,34ل26744
11623.jpg,57ل47944
11624.jpg,56ل93188
11626.jpg,27ل33732
11628.jpg,11ل76688
11629.jpg,65ل86744
11631.jpg,35ل16533
11632.jpg,99ل54610
11633.jpg,55ل51753
11634.jpg,23ل39810
11635.jpg,14ل63377
11636.jpg,51ل27643
11638.jpg,36ل83243
11639.jpg,86ل64215
11641.jpg,22ل79353
11642.jpg,26ل67883
11643.jpg,37ل88988
11644.jpg,29ل79943
11646.jpg,74ل73310
11647.jpg,33ل68199
11648.jpg,37ل88988
11649.jpg,47ل23944
11650.jpg,83ل46133
11651.jpg,24ل29410
11652.jpg,76ل37988
11654.jpg,77ل96777
11655.jpg,21ل79623
11656.jpg,79ل58453
11657.jpg,86ل64215
11658.jpg,21ل49888
11660.jpg,15ل18413
11661.jpg,25ل22688
11663.jpg,37ل13210
11664.jpg,11ل69988
11667.jpg,29ل29844
11668.jpg,23ل88133
11670.jpg,12ل37677
11671.jpg,54ل95611
11672.jpg,93ل48655
11674.jpg,86ل16855
11676.jpg,23ل42344
11677.jpg,32ل46313
11678.jpg,64ل53633
11679.jpg,85ل64399
11680.jpg,86ل64215
11681.jpg,52ل39355
11682.jpg,58ل28799
11683.jpg,42ل52255
11685.jpg,14ل26553
11686.jpg,54ل99210
11687.jpg,77ل47999
11688.jpg,69ل61433
11689.jpg,97ل28499
11690.jpg,75ل26566
11691.jpg,14ل23788
11692.jpg,59ل79622
11693.jpg,66ل92122
11694.jpg,71ل14344
11695.jpg,34ل63610
11696.jpg,91ل85588
11697.jpg,73ل91316
11699.jpg,97ل73516
11701.jpg,29ل68766
11702.jpg,25ل22398
11703.jpg,18ل52898
11704.jpg,99ل99911
11705.jpg,83ل21788
11706.jpg,77ل54316
11707.jpg,41ل18833
11709.jpg,97ل41419
11710.jpg,76ل84478
11711.jpg,85ل29816
11712.jpg,65ل19916
11713.jpg,34ل22116
11714.jpg,67ل95119
11716.jpg,77ل91916
11718.jpg,36ل19916
11720.jpg,49ل64716
11721.jpg,88ل37216
11722.jpg,25ل22398
11723.jpg,87ل66116
11724.jpg,41ل65619
11725.jpg,99ل24616
11726.jpg,47ل85816
11727.jpg,22ل64398
11728.jpg,23ل25788
11729.jpg,77ل91177
11730.jpg,92ل54763
11731.jpg,37ل23827
11732.jpg,34ل44610
11733.jpg,98ل59335
11734.jpg,93ل78468
11736.jpg,64ل75866
11738.jpg,74ل27116
11739.jpg,41ل67377
11740.jpg,77ل91177
11742.jpg,66ل26410
11744.jpg,41ل79788
11745.jpg,81ل12433
11746.jpg,15ل14363
11747.jpg,57ل66316
11748.jpg,13ل39814
11749.jpg,49ل43266
11750.jpg,49ل24110
11751.jpg,47ل92528
11752.jpg,17ل85421
11753.jpg,22ل14116
11755.jpg,28ل35116
11757.jpg,75ل23599
11759.jpg,81ل37163
11760.jpg,37ل23827
11761.jpg,82ل83755
11763.jpg,15ل12443
11766.jpg,92ل54763
11767.jpg,52ل93821
11769.jpg,53ل53716
11771.jpg,21ل88416
11772.jpg,41ل79788
11775.jpg,54ل11716
11777.jpg,38ل39144
11778.jpg,85ل64263
11780.jpg,24ل43663
11782.jpg,85ل64263
11783.jpg,59ل87335
11785.jpg,34ل44610
11786.jpg,44ل75622
11787.jpg,71ل41411
11788.jpg,48ل72866
11789.jpg,81ل37163
11791.jpg,52ل19788
11792.jpg,47ل94811
11793.jpg,57ل93888
11794.jpg,69ل64711
11795.jpg,23ل75477
11797.jpg,21ل99444
11798.jpg,48ل65499
11799.jpg,92ل73733
11800.jpg,22ل55111
11802.jpg,11ل57678
11804.jpg,37ل38477
11805.jpg,57ل39344
11806.jpg,28ل25899
11807.jpg,98ل21899
11808.jpg,43ل25569
11809.jpg,66ل79538
11811.jpg,32ل82116
11812.jpg,67ل14710
11813.jpg,41ل64416
11814.jpg,89ل54610
11815.jpg,59ل21111
11816.jpg,11ل11499
11817.jpg,68ل73822
11818.jpg,49ل81721
11819.jpg,82ل88510
11820.jpg,33ل62666
11821.jpg,23ل77155
11822.jpg,57ل15788
11824.jpg,71ل12688
11825.jpg,78ل79511
11828.jpg,48ل96977
11830.jpg,68ل99328
11831.jpg,75ل15888
11833.jpg,57ل82166
11834.jpg,34ل14410
11835.jpg,63ل51468
11836.jpg,71ل84999
11837.jpg,94ل95444
11838.jpg,11ل18327
11839.jpg,45ل24612
11841.jpg,21ل73222
11842.jpg,76ل11812
11843.jpg,77ل69555
11844.jpg,61ل18812
11845.jpg,71ل84999
11846.jpg,76ل99822
11847.jpg,25ل44512
11849.jpg,99ل37844
11850.jpg,54ل81512
11852.jpg,32ل53477
11853.jpg,71ل89994
11854.jpg,91ل97832
11855.jpg,34ل65610
11856.jpg,22ل57511
11857.jpg,25ل44512
11860.jpg,25ل22699
11862.jpg,56ل98199
11864.jpg,98ل59832
11865.jpg,29ل51155
11866.jpg,81ل61324
11867.jpg,87ل46578
11868.jpg,75ل15444
11869.jpg,21ل69588
11870.jpg,83ل23110
11871.jpg,55ل13510
11872.jpg,25ل73510
11873.jpg,74ل15111
11874.jpg,54ل71324
11875.jpg,81ل39677
11876.jpg,62ل18777
11877.jpg,87ل87810
11879.jpg,76ل56638
11880.jpg,68ل67299
11881.jpg,56ل62644
11882.jpg,79ل55488
11883.jpg,18ل23468
11884.jpg,89ل78455
11885.jpg,12ل96522
11886.jpg,64ل89446
11887.jpg,28ل88499
11888.jpg,23ل27977
11889.jpg,24ل85510
11890.jpg,73ل14910
11892.jpg,99ل47544
11893.jpg,89ل63466
11894.jpg,52ل23188
11895.jpg,78ل65513
11896.jpg,56ل24943
11897.jpg,43ل93577
11898.jpg,63ل87510
11899.jpg,21ل69955
11900.jpg,29ل89157
11901.jpg,81ل63521
11902.jpg,55ل95922
11904.jpg,65ل43738
11907.jpg,27ل35310
11908.jpg,98ل42877
11910.jpg,74ل75711
11911.jpg,76ل77120
11912.jpg,48ل55978
11913.jpg,73ل86738
11914.jpg,55ل13510
11916.jpg,18ل13266
11917.jpg,38ل21338
11918.jpg,12ل65333
11919.jpg,79ل69711
11920.jpg,68ل67299
11921.jpg,13ل75799
11923.jpg,66ل17910
11924.jpg,15ل93199
11925.jpg,21ل47588
11926.jpg,59ل76455
11927.jpg,55ل43677
11928.jpg,15ل12510
11930.jpg,25ل55744
11931.jpg,18ل93388
11933.jpg,57ل15788
11935.jpg,79ل23988
11936.jpg,28ل55455
11937.jpg,21ل74510
11938.jpg,82ل26925
11940.jpg,62ل31510
11943.jpg,69ل21499
11945.jpg,15ل73846
11946.jpg,45ل47719
11947.jpg,59ل15168
11948.jpg,65ل21419
11950.jpg,38ل78568
11951.jpg,59ل15168
11952.jpg,36ل91768
11953.jpg,88ل44699
11955.jpg,61ل55710
11956.jpg,67ل35977
11958.jpg,32ل61368
11959.jpg,55ل13510
11960.jpg,47ل92368
11961.jpg,82ل77411
11962.jpg,79ل26914
11963.jpg,75ل41268
11965.jpg,56ل24943
11966.jpg,76ل32610
11967.jpg,99ل54288
11970.jpg,31ل87310
11971.jpg,15ل83210
11972.jpg,64ل73768
11973.jpg,99ل75211
11974.jpg,34ل42966
11975.jpg,36ل48968
11976.jpg,19ل56222
11977.jpg,86ل84568
11979.jpg,49ل95168
11980.jpg,33ل64922
11981.jpg,72ل46468
11982.jpg,82ل83968
11983.jpg,13ل26310
11984.jpg,19ل47972
11985.jpg,54ل77510
11986.jpg,13ل87568
11988.jpg,88ل46644
11989.jpg,26ل24868
11990.jpg,74ل19688
11992.jpg,35ل17841
11993.jpg,86ل28988
11994.jpg,79ل26914
11995.jpg,49ل74711
11996.jpg,53ل38212
11998.jpg,54ل42263
11999.jpg,68ل97344
12000.jpg,86ل35122
12002.jpg,33ل66341
12004.jpg,27ل56944
12006.jpg,86ل28988
12007.jpg,49ل74711
12008.jpg,25ل44512
12010.jpg,81ل29955
12011.jpg,84ل24414
12013.jpg,88ل17323
12014.jpg,22ل24521
12015.jpg,35ل17841
12017.jpg,25ل55924
12023.jpg,28ل31977
12024.jpg,38ل21877
12026.jpg,77ل67438
12029.jpg,52ل84388
12030.jpg,99ل87255
12033.jpg,74ل24310
12034.jpg,41ل92777
12035.jpg,97ل47499
12036.jpg,32ل16921
12037.jpg,44ل44128
12041.jpg,86ل94677
12042.jpg,27ل14499
12043.jpg,68ل99328
12045.jpg,28ل86110
12046.jpg,61ل72799
12047.jpg,45ل49677
12048.jpg,87ل24116
12049.jpg,86ل97377
12050.jpg,68ل98410
12051.jpg,88ل25910
12052.jpg,99ل63621
12053.jpg,99ل63621
12054.jpg,46ل68488
12056.jpg,34ل79188
12057.jpg,73ل35410
12058.jpg,49ل47410
12059.jpg,72ل75419
12060.jpg,86ل29910
12061.jpg,29ل78766
12064.jpg,49ل34656
12066.jpg,34ل93933
12067.jpg,23ل92344
12068.jpg,43ل46211
12069.jpg,16ل96677
12070.jpg,38ل64410
12071.jpg,36ل53411
12072.jpg,99ل72866
12073.jpg,41ل52122
12076.jpg,15ل51577
12077.jpg,29ل91111
12079.jpg,34ل51641
12080.jpg,14ل37655
12081.jpg,69ل59988
12083.jpg,42ل68966
12084.jpg,83ل98888
12085.jpg,83ل98988
12086.jpg,19ل87555
12088.jpg,62ل22422
12089.jpg,86ل95810
12090.jpg,64ل49566
12091.jpg,52ل99599
12092.jpg,94ل12810
12093.jpg,84ل71266
12094.jpg,61ل73988
12095.jpg,29ل42111
12098.jpg,26ل34519
12099.jpg,25ل71144
12100.jpg,28ل85477
12105.jpg,61ل66211
12106.jpg,12ل64688
12107.jpg,99ل38222
12108.jpg,49ل94144
12109.jpg,29ل51722
12110.jpg,71ل29210
12112.jpg,92ل45716
12113.jpg,59ل69738
12114.jpg,94ل83116
12115.jpg,94ل83116
12116.jpg,94ل83116
12117.jpg,67ل96138
12118.jpg,25ل48816
12119.jpg,95ل19246
12120.jpg,32ل16257
12121.jpg,28ل64546
12122.jpg,56ل49538
12123.jpg,16ل33438
12124.jpg,64ل91138
12126.jpg,26ل67238
12127.jpg,26ل67238
12128.jpg,26ل67238
12131.jpg,41ل59516
12133.jpg,65ل11938
12138.jpg,55ل93738
12139.jpg,35ل44538
12141.jpg,51ل52216
12143.jpg,78ل92110
12144.jpg,16ل89311
12145.jpg,41ل67499
12146.jpg,56ل93188
12147.jpg,66ل83944
12148.jpg,29ل63610
12149.jpg,18ل14743
12150.jpg,96ل38588
12151.jpg,12ل21277
12154.jpg,61ل55710
12156.jpg,19ل76533
12160.jpg,21ل26610
12162.jpg,71ل49728
12163.jpg,72ل26855
12164.jpg,77ل87121
12165.jpg,62ل92855
12166.jpg,62ل92855
12167.jpg,51ل17388
12168.jpg,51ل17388
12169.jpg,85ل97966
12171.jpg,23ل85110
12173.jpg,48ل25578
12175.jpg,59ل79877
12176.jpg,68ل83155
12177.jpg,84ل39110
12178.jpg,95ل46910
12179.jpg,43ل61511
12180.jpg,43ل61511
12181.jpg,95ل76610
12183.jpg,28ل44366
12184.jpg,43ل61511
12185.jpg,61ل94610
12186.jpg,48ل75611
12187.jpg,76ل51988
12188.jpg,96ل53477
12190.jpg,69ل16522
12191.jpg,39ل39611
12192.jpg,64ل34633
12193.jpg,98ل18746
12194.jpg,76ل88966
12195.jpg,12ل37377
12198.jpg,48ل61399
12199.jpg,14ل56699
12201.jpg,26ل34519
12202.jpg,85ل33619
12203.jpg,53ل27788
12204.jpg,17ل71288
12205.jpg,36ل73955
12206.jpg,49ل95355
12207.jpg,86ل64499
12209.jpg,38ل84599
12210.jpg,44ل51355
12213.jpg,38ل16156
12214.jpg,88ل16777
12215.jpg,78ل46111
12216.jpg,82ل32668
12217.jpg,42ل81121
12219.jpg,53ل97899
12220.jpg,87ل46555
12222.jpg,61ل16916
12223.jpg,42ل25716
12225.jpg,12ل16888
12226.jpg,51ل94916
12227.jpg,51ل13211
12229.jpg,94ل84516
12231.jpg,85ل63416
12233.jpg,91ل22116
12234.jpg,98ل69922
12235.jpg,23ل76516
12237.jpg,89ل79816
12238.jpg,24ل51616
12239.jpg,69ل63416
12241.jpg,28ل12713
12242.jpg,29ل74216
12243.jpg,94ل23210
12244.jpg,39ل43416
12245.jpg,78ل46216
12246.jpg,87ل32116
12247.jpg,88ل68716
12249.jpg,87ل46616
12251.jpg,56ل81316
12252.jpg,23ل88116
12253.jpg,39ل64516
12254.jpg,43ل78216
12255.jpg,57ل33653
12256.jpg,36ل38416
12257.jpg,15ل18716
12258.jpg,62ل33616
12260.jpg,82ل73416
12261.jpg,88ل97116
12262.jpg,88ل97116
12263.jpg,32ل14516
12264.jpg,88ل85516
12265.jpg,45ل48216
12267.jpg,39ل92516
12269.jpg,58ل37216
12272.jpg,54ل19716
12273.jpg,44ل88516
12274.jpg,12ل35616
12276.jpg,15ل77516
12278.jpg,34ل75716
12279.jpg,76ل34416
12280.jpg,57ل84716
12281.jpg,92ل67316
12282.jpg,23ل57416
12283.jpg,37ل26110
12284.jpg,86ل78536
12286.jpg,89ل41599
12289.jpg,81ل56516
12290.jpg,34ل28719
12291.jpg,72ل96516
12292.jpg,99ل78599
12293.jpg,82ل75510
12295.jpg,16ل94488
12297.jpg,47ل66528
12299.jpg,29ل52499
12301.jpg,33ل99841
12302.jpg,68ل91110
12303.jpg,41ل17410
12304.jpg,41ل17410
12305.jpg,24ل54444
12306.jpg,21ل11321
12308.jpg,98ل13677
12309.jpg,98ل13677
12310.jpg,62ل77821
12311.jpg,69ل49310
12312.jpg,21ل54466
12313.jpg,52ل46577
12314.jpg,25ل11266
12315.jpg,29ل54655
12316.jpg,56ل22755
12317.jpg,42ل98428
12318.jpg,71ل21811
12319.jpg,15ل25422
12320.jpg,49ل81610
12322.jpg,79ل51744
12323.jpg,79ل51744
12324.jpg,79ل51744
12326.jpg,26ل61477
12327.jpg,16ل81577
12328.jpg,82ط43210
12329.jpg,67ط92266
12330.jpg,58ط77355
12331.jpg,93ط17988
12334.jpg,47ط18825
12338.jpg,57ط79916
12342.jpg,48ط34516
12343.jpg,72ط82518
12344.jpg,29ط75216
12345.jpg,33ط61516
12346.jpg,98ط31916
12347.jpg,78ط86916
12348.jpg,46ط82616
12349.jpg,57ط11916
12351.jpg,34ط78816
12352.jpg,32ط48916
12353.jpg,34ط78816
12354.jpg,87ط82816
12355.jpg,22ط61816
12356.jpg,19ط83516
12357.jpg,85ط98216
12358.jpg,87ط33216
12359.jpg,13ط76716
12360.jpg,45ط78126
12361.jpg,12ط38916
12362.jpg,27ط25416
12363.jpg,73ط65835
12364.jpg,99ط95938
12365.jpg,99ط35812
12366.jpg,27ط63212
12367.jpg,12ط42212
12368.jpg,32ط35332
12369.jpg,62ط42812
12370.jpg,57ط83451
12371.jpg,81ط62436
12372.jpg,71ط19412
12373.jpg,99ط65813
12374.jpg,45ط15636
12375.jpg,29ط92814
12377.jpg,71ط22712
12378.jpg,67ط98436
12379.jpg,65ط34136
12380.jpg,18ط72620
12381.jpg,48ط54678
12382.jpg,38ط41574
12383.jpg,62ط11578
12384.jpg,89ط84920
12387.jpg,73ط41312
12388.jpg,78ط26478
12389.jpg,67ط54238
12390.jpg,75ط94910
12392.jpg,88ط41878
12396.jpg,49ط44888
12397.jpg,51ط69826
12398.jpg,54ط82678
12399.jpg,27ط75582
12400.jpg,81ط82178
12401.jpg,79ط47599
12402.jpg,78ط23568
12403.jpg,51ط63678
12405.jpg,64ط19621
12406.jpg,24ط18572
12407.jpg,13ط65371
12408.jpg,11ط66811
12409.jpg,34ط24944
12410.jpg,65ط18655
12411.jpg,15ط98178
12412.jpg,96ط71416
12414.jpg,55ط34572
12415.jpg,34ط59678
12416.jpg,94ط91532
12417.jpg,43ط26538
12418.jpg,87ط55478
12419.jpg,28ط38178
12420.jpg,91ط17978
12421.jpg,78ط24954
12422.jpg,79ط47599
12423.jpg,76ط14878
12424.jpg,27ط17979
12425.jpg,98ط82220
12426.jpg,73ط84778
12432.jpg,47ط14619
12433.jpg,96ط97819
12434.jpg,14ط12719
12435.jpg,56ط57619
12436.jpg,61ط85319
12437.jpg,38ط82419
12438.jpg,45ط59819
12440.jpg,55ط74319
12442.jpg,14ط43411
12443.jpg,44ط79455
12444.jpg,71ط17899
12445.jpg,82ط71110
12446.jpg,57ط47311
12447.jpg,29ط75513
12448.jpg,44ط67299
12449.jpg,65ط54266
12450.jpg,43ط94133
12452.jpg,81ط83493
12453.jpg,84ط87733
12454.jpg,88ط49713
12455.jpg,77ط93844
12456.jpg,64ط29244
12457.jpg,83ط89433
12459.jpg,55ط55899
12460.jpg,45ط38368
12462.jpg,18ط74511
12463.jpg,43ط15747
12464.jpg,58ط71211
12465.jpg,68ط59477
12466.jpg,29ط74110
12467.jpg,79ط73416
12469.jpg,52ط85999
12470.jpg,58ط37155
12471.jpg,44ط33933
12472.jpg,29ط81815
12473.jpg,58ط72710
12474.jpg,36ط58647
12475.jpg,85ط53777
12476.jpg,92ط87499
12478.jpg,71ط26199
12479.jpg,68ط59477
12480.jpg,14ط32777
12483.jpg,16ط96841
12484.jpg,78ط89210
12487.jpg,82ط77322
12488.jpg,83ط59421
12489.jpg,29ط75513
12490.jpg,44ط79455
12491.jpg,44ط23324
12494.jpg,14ط89466
12496.jpg,75ط72321
12498.jpg,82ط55838
12499.jpg,35ط13819
12502.jpg,98ط62288
12504.jpg,44ط29255
12505.jpg,42ط95210
12508.jpg,48ط75166
12509.jpg,87ط34199
12510.jpg,18ط74511
12511.jpg,36ط38244
12513.jpg,98ط99719
12514.jpg,93ط29479
12515.jpg,76ط97518
12516.jpg,46ط81766
12520.jpg,98ط92221
12524.jpg,54ط86719
12525.jpg,55ط72366
12526.jpg,96ط63110
12527.jpg,22ط18899
12528.jpg,11ط25644
12529.jpg,64ط25399
12530.jpg,44ط33933
12531.jpg,47ط87799
12533.jpg,27ط98919
12534.jpg,92ط77599
12535.jpg,67ط99999
12536.jpg,45ط47688
12537.jpg,44ط79455
12538.jpg,84ط55210
12539.jpg,68ط59477
12540.jpg,66ط98799
12541.jpg,36ط11338
12542.jpg,14ط43411
12544.jpg,47ط55166
12546.jpg,28ط98310
12547.jpg,28ط82688
12548.jpg,67ط22144
12549.jpg,23ط71622
12550.jpg,71ط38993
12552.jpg,28ط15988
12553.jpg,91ط67210
12554.jpg,72ط46599
12555.jpg,84ط21799
12557.jpg,47ط55166
12558.jpg,54ط89910
12559.jpg,49ط91810
12560.jpg,56ط81138
12562.jpg,32ط96299
12564.jpg,78ط16788
12565.jpg,54ط92466
12566.jpg,69ط55599
12568.jpg,98ط18822
12569.jpg,62ط45855
12570.jpg,62ط94210
12572.jpg,42ط45110
12574.jpg,96ط35988
12575.jpg,47ط55166
12578.jpg,89ط86188
12579.jpg,68ط17511
12580.jpg,83ط97277
12581.jpg,15ط51322
12582.jpg,76ط77466
12583.jpg,65ط98444
12585.jpg,31ط41534
12586.jpg,76ط36119
12587.jpg,73ط75466
12588.jpg,22ط82299
12590.jpg,21ط19419
12591.jpg,49ط85633
12592.jpg,32ط96299
12593.jpg,87ط97277
12594.jpg,69ط55599
12595.jpg,21ط14610
12596.jpg,35ط89466
12598.jpg,44ط88279
12599.jpg,23ط71622
12600.jpg,23ط71622
12602.jpg,34ط45938
12603.jpg,85ط78593
12605.jpg,57ط85263
12606.jpg,62ط56699
12607.jpg,99ط27293
12609.jpg,78ط86963
12611.jpg,81ط95293
12613.jpg,41ط24477
12614.jpg,29ط87811
12615.jpg,61ط89693
12616.jpg,96ط39193
12617.jpg,67ط28773
12618.jpg,84ط31766
12619.jpg,44ط29899
12622.jpg,37ط69863
12624.jpg,54ط18399
12625.jpg,35ط63163
12626.jpg,79ط17711
12627.jpg,91ط33594
12628.jpg,27ط12193
12629.jpg,78ط64263
12632.jpg,93ط31988
12633.jpg,45ط24310
12634.jpg,82ط52410
12636.jpg,45ط24310
12637.jpg,72ط82110
12638.jpg,83ط18699
12639.jpg,47ط13110
12640.jpg,17ط82299
12641.jpg,92ط39288
12644.jpg,54ط74411
12645.jpg,19ط94444
12646.jpg,78ط64263
12648.jpg,37ط94793
12649.jpg,65ط41577
12651.jpg,21ط11693
12652.jpg,15ط87810
12653.jpg,62ط56699
12654.jpg,67ط78866
12655.jpg,34ط41822
12656.jpg,18ط15599
12657.jpg,29ط29623
12658.jpg,56ط39410
12659.jpg,28ط86832
12660.jpg,82ط22644
12661.jpg,29ط94910
12662.jpg,29ط94910
12663.jpg,94ط97599
12664.jpg,56ط72382
12665.jpg,83ط42388
12666.jpg,94ط97599
12667.jpg,59ط62413
12669.jpg,94ط97599
12670.jpg,58ط42710
12672.jpg,94ط72938
12673.jpg,26ط86188
12674.jpg,28ط57555
12675.jpg,42ط84210
12676.jpg,83ط45355
12677.jpg,34ط41822
12678.jpg,39ط39623
12680.jpg,34ط41822
12681.jpg,46ط16188
12683.jpg,52ط85999
12684.jpg,87ط69777
12690.jpg,51ط37399
12691.jpg,22ط18899
12692.jpg,61ط82477
12695.jpg,44ط33933
12696.jpg,84ط12815
12697.jpg,29ط94910
12700.jpg,22ط19599
12701.jpg,98ط61244
12703.jpg,85ط92588
12706.jpg,61ط43166
12708.jpg,58ط77628
12709.jpg,14ط92477
12711.jpg,77ط39744
12712.jpg,15ط37588
12713.jpg,19ط55279
12714.jpg,54ط27655
12715.jpg,64ط55455
12718.jpg,58ط57310
12719.jpg,78ط13922
12720.jpg,91ط43913
12721.jpg,79ط44213
12722.jpg,65ط17577
12723.jpg,68ط52213
12724.jpg,28ط47877
12725.jpg,51ط72710
12726.jpg,89ط59999
12727.jpg,37ط11511
12728.jpg,57ط88210
12729.jpg,24ط93822
12730.jpg,43ط28277
12731.jpg,33ط99210
12732.jpg,41ط39599
12733.jpg,11ط55888
12736.jpg,91ط43913
12738.jpg,53ط11910
12740.jpg,66ط32677
12741.jpg,94ط47855
12743.jpg,78ط19733
12744.jpg,45ط96310
12745.jpg,85ط51845
12746.jpg,28ط47877
12748.jpg,31ط96911
12749.jpg,29ط15710
12750.jpg,78ط13922
12751.jpg,29ط15710
12752.jpg,92ط43177
12753.jpg,74ط84713
12754.jpg,65ط78166
12756.jpg,48ط15677
12758.jpg,82ط86855
12759.jpg,93ط55455
12760.jpg,83ط28544
12762.jpg,84ط13877
12763.jpg,32ط29199
12764.jpg,98ط35410
12765.jpg,62ط44210
12766.jpg,38ط41933
12767.jpg,37ط99399
12768.jpg,55ط34216
12770.jpg,55ط34216
12771.jpg,84ط84916
12774.jpg,52ط32916
12775.jpg,55ط39419
12778.jpg,84ط19199
12779.jpg,12ط62410
12780.jpg,39ط88710
12783.jpg,86ط12355
12784.jpg,84ط84916
12787.jpg,12ط69116
12788.jpg,85ط22568
12789.jpg,22ط89216
12790.jpg,14ط31616
12791.jpg,17ط95310
12792.jpg,25ط43716
12793.jpg,68ط14410
12794.jpg,57ط18277
12797.jpg,23ط99498
12798.jpg,78ط98188
12799.jpg,91ط43216
12801.jpg,27ط46810
12802.jpg,67ط15516
12803.jpg,19ط25616
12804.jpg,67ط15666
12805.jpg,91ط43216
12806.jpg,68ط14410
12807.jpg,91ط41716
12809.jpg,24ط71233
12810.jpg,41ط44447
12814.jpg,54ط96734
12815.jpg,47ط66599
12816.jpg,33ط59368
12817.jpg,26ط29256
12819.jpg,38ط51622
12820.jpg,85ط84116
12821.jpg,52ط65473
12822.jpg,18ط13512
12823.jpg,11ط73399
12824.jpg,42ط87416
12825.jpg,33ط36711
12826.jpg,67ط45565
12827.jpg,16ط46257
12828.jpg,71ط86444
12829.jpg,44ط25617
12832.jpg,35ط67147
12833.jpg,59ط36510
12834.jpg,82ط72433
12837.jpg,78ط37288
12838.jpg,36ط94812
12840.jpg,92ط88993
12841.jpg,18ط44647
12843.jpg,35ط67147
12844.jpg,47ط73819
12845.jpg,23ط19818
12847.jpg,88ط26216
12848.jpg,93ط48678
12849.jpg,11ط36955
12851.jpg,11ط36955
12853.jpg,47ط66599
12855.jpg,89ط68577
12856.jpg,61ط32877
12857.jpg,91ط54377
12858.jpg,96ط89810
12860.jpg,36ط45816
12861.jpg,87ط48244
12862.jpg,35ط67666
12866.jpg,71ط56910
12869.jpg,66ط56736
12870.jpg,23ط17744
12873.jpg,65ط79144
12874.jpg,24ط28936
12875.jpg,93ط92788
12876.jpg,12ط56168
12879.jpg,15ط15718
12880.jpg,57ط58244
12881.jpg,43ط78952
12882.jpg,76ط38421
12883.jpg,15ط13952
12884.jpg,79ط47333
12885.jpg,66ط34277
12886.jpg,43ط35155
12887.jpg,36ط82952
12888.jpg,68ط42438
12889.jpg,94ط57838
12890.jpg,62ط11236
12891.jpg,14ط56552
12892.jpg,55ط64799
12893.jpg,83ط48833
12894.jpg,38ط65652
12895.jpg,33ط77182
12897.jpg,42ط18215
12898.jpg,12ط56168
12899.jpg,53ط12682
12900.jpg,47ط34352
12901.jpg,41ط22618
12902.jpg,53ط31712
12903.jpg,62ط56699
12904.jpg,17ط83712
12905.jpg,89ط46268
12906.jpg,85ط59299
12908.jpg,67ط27218
12910.jpg,36ط52210
12911.jpg,61ط12610
12912.jpg,92ط91799
12913.jpg,98ط98799
12914.jpg,45ط32810
12916.jpg,12ط56168
12917.jpg,98ط98110
12921.jpg,42ط38728
12922.jpg,12ط56168
12923.jpg,87ط26712
12925.jpg,48ط11988
12926.jpg,89ط82921
12927.jpg,83ط48833
12928.jpg,48ط82355
12929.jpg,45ط39854
12930.jpg,13ط67377
12931.jpg,57ط44366
12932.jpg,69ط65866
12933.jpg,16ط57926
12936.jpg,53ط46122
12938.jpg,23ط46412
12939.jpg,97ط32736
12940.jpg,81ط19712
12941.jpg,63ط24136
12946.jpg,27ط34436
12949.jpg,91ط92836
12950.jpg,98ط91512
12953.jpg,76ط41155
12954.jpg,16ط28536
12955.jpg,67ط58936
12956.jpg,17ط92777
12959.jpg,95ط19488
12960.jpg,47ط14822
12961.jpg,33ط36666
12962.jpg,95ط19488
12963.jpg,95ط87936
12965.jpg,68ط79833
12966.jpg,27ط16510
12967.jpg,17ط95512
12968.jpg,37ط23436
12970.jpg,95ط87936
12971.jpg,53ط31712
12972.jpg,74ط25299
12973.jpg,49ط77733
12974.jpg,88ط28444
12975.jpg,43ط74212
12977.jpg,37ط23436
12978.jpg,45ط13566
12979.jpg,13ط31455
12980.jpg,62ط79412
12981.jpg,81ط42977
12982.jpg,92ط37212
12983.jpg,56ط72642
12984.jpg,17ط32936
12986.jpg,12ط96933
12987.jpg,14ط79777
12989.jpg,55ط92255
12990.jpg,32ط68755
12991.jpg,49ط68544
12992.jpg,76ط37914
12993.jpg,29ط94910
12994.jpg,89ط32310
12995.jpg,29ط74110
12996.jpg,15ط22177
12997.jpg,89ط81138
12998.jpg,45ط52222
12999.jpg,86ط24477
13000.jpg,59ط42710
13003.jpg,94ط42844
13004.jpg,51ط88188
13005.jpg,48ط41912
13006.jpg,76ط19699
13007.jpg,96ط69488
13008.jpg,44ط96694
13009.jpg,63ط53788
13010.jpg,28ط77199
13011.jpg,82ط67366
13012.jpg,95ط76933
13013.jpg,64ط17111
13014.jpg,28ط27699
13015.jpg,62ط49799
13016.jpg,46ط66399
13017.jpg,65ط67722
13018.jpg,28ط52166
13019.jpg,58ط42710
13020.jpg,19ط51245
13021.jpg,57ط14410
13022.jpg,35ط22310
13024.jpg,67ط34138
13025.jpg,23ط49477
13026.jpg,96ط86888
13028.jpg,19ط82699
13031.jpg,49ط45377
13032.jpg,22ط19599
13034.jpg,49ط68544
13035.jpg,16ط86834
13036.jpg,75ط68710
13037.jpg,47ط86688
13039.jpg,28ط97541
13040.jpg,85ط98733
13041.jpg,48ط74168
13042.jpg,39ط59988
13043.jpg,12ط86914
13044.jpg,41ط77377
13045.jpg,76ط31678
13046.jpg,54ط17411
13051.jpg,28ط97541
13052.jpg,15ط76853
13053.jpg,49ط95855
13054.jpg,62ط59155
13055.jpg,18ط27555
13056.jpg,29ط82122
13058.jpg,37ط85955
13060.jpg,85ط26768
13061.jpg,77ط33168
13062.jpg,28ط34410
13064.jpg,81ط81410
13065.jpg,18ط73468
13066.jpg,79ط99444
13068.jpg,52ط73855
13069.jpg,62ط56699
13070.jpg,87ط95888
13073.jpg,14ط53388
13074.jpg,39ط81468
13075.jpg,91ط38468
13076.jpg,67ط94872
13078.jpg,82ط91268
13080.jpg,54ط18399
13081.jpg,87ط42777
13082.jpg,88ط58938
13083.jpg,79ط75577
13084.jpg,73ط28114
13085.jpg,69ط22844
13086.jpg,75ط13568
13087.jpg,32ط76868
13088.jpg,63ط26319
13090.jpg,24ط92193
13091.jpg,36ط75968
13092.jpg,24ط92193
13093.jpg,36ط75968
13094.jpg,44ط76968
13095.jpg,36ط75998
13096.jpg,66ط22510
13097.jpg,36ط75968
13098.jpg,36ط75968
13099.jpg,28ط97541
13100.jpg,36ط75968
13101.jpg,36ط75968
13103.jpg,36ط75968
13104.jpg,91ط97744
13105.jpg,36ط75968
13106.jpg,36ط75968
13107.jpg,36ط75968
13108.jpg,83ط76468
13109.jpg,42ط38728
13110.jpg,36ط75968
13111.jpg,45ط42741
13112.jpg,36ط75968
13113.jpg,36ط75968
13114.jpg,63ط82755
13115.jpg,36ط75968
13116.jpg,73ط28114
13117.jpg,36ط75968
13119.jpg,12ط86914
13120.jpg,24ط28936
13121.jpg,53ط31712
13122.jpg,24ط28936
13123.jpg,56ط92721
13124.jpg,58ط52999
13125.jpg,84ط15444
13127.jpg,53ط31712
13128.jpg,29ط82122
13129.jpg,85ط26555
13130.jpg,57ط34833
13131.jpg,27ط34436
13132.jpg,98ط91512
13133.jpg,53ط31712
13134.jpg,66ط56736
13137.jpg,92ط63877
13138.jpg,54ط58677
13139.jpg,17ط83712
13140.jpg,29ط82122
13141.jpg,92ط63877
13142.jpg,54ط58677
13143.jpg,23ط46412
13144.jpg,95ط87936
13146.jpg,94ط82566
13150.jpg,35ط22499
13153.jpg,41ط27210
13154.jpg,57ط97238
13155.jpg,64ط67821
13156.jpg,12ط56168
13157.jpg,84ط93310
13159.jpg,24ط92716
13160.jpg,12ط56168
13161.jpg,46ط26868
13162.jpg,15ط41599
13164.jpg,72ط27210
13165.jpg,44ط22499
13166.jpg,43ط81899
13167.jpg,25ط67610
13168.jpg,47ط17488
13169.jpg,35ط14111
13170.jpg,49ط78211
13172.jpg,15ط61988
13174.jpg,83ط44102
13175.jpg,92ط82388
13176.jpg,68ط43610
13177.jpg,24ط73255
13178.jpg,91ط87410
13179.jpg,99ط56710
13181.jpg,88ط97811
13182.jpg,69ط31666
13183.jpg,97ط22455
13184.jpg,87ط58711
13185.jpg,85ط35699
13187.jpg,18ط45988
13188.jpg,34ط46888
13189.jpg,31ط38277
13190.jpg,65ط41366
13191.jpg,98ط51810
13192.jpg,58ط37855
13193.jpg,65ط29510
13194.jpg,11ط77733
13195.jpg,58ط32888
13196.jpg,23ط58644
13197.jpg,35ط48411
13198.jpg,44ط95277
13199.jpg,85ط58710
13200.jpg,54ط26644
13201.jpg,92ط57811
13203.jpg,15ط88822
13206.jpg,74ط88522
13207.jpg,74ط88522
13208.jpg,68ط79166
13210.jpg,62ط33122
13211.jpg,31ط88922
13214.jpg,67ط44688
13215.jpg,23ط69444
13216.jpg,79ط33819
13218.jpg,37ط64316
13219.jpg,38ط79416
13220.jpg,38ط79416
13221.jpg,89ط25433
13222.jpg,63ط16511
13223.jpg,81ط76516
13225.jpg,55ط46988
13226.jpg,71ط51377
13227.jpg,92ط55210
13228.jpg,27ط39910
13229.jpg,52ط85999
13231.jpg,54ط18399
13232.jpg,69ط38299
13234.jpg,54ط18399
13235.jpg,62ط56699
13237.jpg,81ط81410
13238.jpg,11ط47566
13240.jpg,78ط74810
13242.jpg,17ط16255
13243.jpg,92ط97799
13244.jpg,14ط53644
13246.jpg,22ط11988
13247.jpg,41ط62247
13248.jpg,29ط61377
13249.jpg,41ط59422
13250.jpg,83ط32521
13251.jpg,11ط11899
13252.jpg,97ط57933
13254.jpg,99ط23566
13255.jpg,26ط12433
13256.jpg,54ط32966
13257.jpg,69ط45678
13258.jpg,37ط31199
13259.jpg,88ط74166
13260.jpg,51ط34244
13261.jpg,42ط28810
13264.jpg,97ط57933
13265.jpg,13ط61699
13266.jpg,67ط24655
13267.jpg,28ط65655
13268.jpg,56ط74344
13269.jpg,63ط37463
13270.jpg,46ط77622
13272.jpg,35ط85291
13274.jpg,65ط43779
13275.jpg,76ط72579
13276.jpg,31ط94753
13277.jpg,34ط87291
13278.jpg,33ط32144
13279.jpg,65ط22677
13280.jpg,83ط28599
13281.jpg,34ط76816
13283.jpg,45ط32744
13284.jpg,76ط47688
13285.jpg,33ط32791
13286.jpg,93ط96279
13287.jpg,41ط16319
13288.jpg,18ط97843
13289.jpg,91ط21379
13290.jpg,21ط43682
13291.jpg,67ط42379
13292.jpg,74ط26279
13295.jpg,18ط92843
13296.jpg,61ط68679
13297.jpg,45ط53999
13298.jpg,76ط47988
13299.jpg,16ط21899
13300.jpg,76ط47988
13301.jpg,61ط39822
13302.jpg,12ط98255
13303.jpg,94ط85610
13305.jpg,58ط23188
13307.jpg,32ط76510
13308.jpg,97ط31477
13310.jpg,94ط94122
13311.jpg,94ط94122
13312.jpg,88ط53379
13313.jpg,37ط87444
13314.jpg,46ط16399
13315.jpg,17ط74688
13317.jpg,98ط28766
13318.jpg,62ط35218
13319.jpg,62ط49818
13320.jpg,41ط17610
13321.jpg,11ط72838
13322.jpg,29ط71818
13323.jpg,67ط39816
13324.jpg,16ط85416
13325.jpg,49ط74816
13326.jpg,67ط39816
13327.jpg,16ط85416
13328.jpg,49ط66822
13329.jpg,49ط66822
13330.jpg,16ط85416
13331.jpg,28ط71416
13332.jpg,89ط49116
13333.jpg,85ط14116
13335.jpg,44ط33416
13337.jpg,68ط29716
13338.jpg,79ط77516
13340.jpg,53ط61316
13341.jpg,11ط89716
13342.jpg,53ط29716
13343.jpg,35ط38416
13345.jpg,63ط89416
13346.jpg,73ط35278
13347.jpg,51ط21716
13348.jpg,68ط72899
13349.jpg,49ط91516
13350.jpg,79ط22499
13351.jpg,51ط16316
13352.jpg,22ط41416
13353.jpg,74ط22144
13354.jpg,85ط32677
13355.jpg,42ط78922
13356.jpg,39ط26616
13357.jpg,66ط18416
13358.jpg,13ط36716
13359.jpg,73ط35278
13360.jpg,22ط95416
13363.jpg,66ط21661
13364.jpg,43ط53116
13365.jpg,43ط53116
13367.jpg,46ط69416
13368.jpg,48ط19516
13369.jpg,76ط53116
13370.jpg,67ط43719
13371.jpg,34ط66116
13372.jpg,34ط66116
13373.jpg,95ط82816
13374.jpg,93ط87516
13375.jpg,93ط87516
13376.jpg,66ط38816
13377.jpg,66ط38816
13378.jpg,88ط21918
13379.jpg,64ط76318
13380.jpg,13ط67999
13381.jpg,25ط27918
13382.jpg,53ط29618
13383.jpg,85ط32418
13384.jpg,53ط57718
13385.jpg,14ط24818
13386.jpg,24ط44818
13388.jpg,74ط36318
13389.jpg,54ط36818
13392.jpg,34ط53818
13393.jpg,44ط41618
13394.jpg,75ط75818
13395.jpg,76ط98818
13396.jpg,13ط37318
13397.jpg,92ط25918
13398.jpg,38ط97228
13399.jpg,28ط45918
13400.jpg,28ط76928
13401.jpg,31ط36218
13402.jpg,75ط38518
13405.jpg,46ط47828
13406.jpg,59ط56728
13407.jpg,55ط46928
13408.jpg,36ط93518
13409.jpg,62ط22916
13410.jpg,36ط83918
13411.jpg,23ط46218
13412.jpg,55ط53318
13414.jpg,57ط17418
13417.jpg,49ط56118
13418.jpg,39ط62818
13419.jpg,74ط13339
13420.jpg,42ط81418
13421.jpg,17ط21718
13422.jpg,46ط86218
13424.jpg,71ط83418
13425.jpg,39ط67328
13426.jpg,73ط99118
13427.jpg,13ط63918
13428.jpg,64ط11728
13430.jpg,33ط74518
13431.jpg,44ط89518
13432.jpg,12ط84518
13433.jpg,27ط67628
13435.jpg,57ط55318
13436.jpg,45ط12618
13437.jpg,41ط17918
13438.jpg,66ط97918
13439.jpg,63ط36918
13440.jpg,76ط21218
13441.jpg,49ط16518
13442.jpg,16ط77118
13443.jpg,32ط38811
13444.jpg,33ط58318
13445.jpg,85ط71618
13448.jpg,15ط72918
13449.jpg,38ط81818
13450.jpg,13ط42818
13451.jpg,24ط89518
13452.jpg,29ط42218
13453.jpg,66ط57918
13454.jpg,63ط12618
13455.jpg,43ط18218
13456.jpg,46ط69118
13458.jpg,55ط32228
13459.jpg,53ط45618
13460.jpg,21ط59118
13461.jpg,17ط28118
13463.jpg,38ط46318
13464.jpg,39ط43428
13465.jpg,48ط95618
13466.jpg,52ط38118
13467.jpg,64ط28728
13468.jpg,26ط54918
13469.jpg,47ط58528
13471.jpg,16ط44528
13473.jpg,47ط94328
13475.jpg,43ط32418
13476.jpg,86ط66418
13477.jpg,35ط67618
13478.jpg,35ط83718
13479.jpg,11ط47328
13481.jpg,57ط45118
13482.jpg,55ط46928
13483.jpg,59ط83688
13484.jpg,36ط93518
13485.jpg,51ط56318
13487.jpg,65ط35318
13488.jpg,67ط92266
13489.jpg,84ط49718
13490.jpg,42ط66118
13491.jpg,81ط99918
13492.jpg,42ط43328
13494.jpg,24ط49518
13495.jpg,86ط63255
13497.jpg,65ط66918
13499.jpg,43ط43518
13501.jpg,41ط46988
13502.jpg,88ط13118
13503.jpg,35ط32418
13504.jpg,69ط63318
13505.jpg,85ط21218
13506.jpg,96ط18511
13507.jpg,55ط57518
13508.jpg,67ط89518
13509.jpg,69ط56818
13510.jpg,96ط18511
13512.jpg,96ط18511
13514.jpg,74ط18510
13516.jpg,43ط43518
13517.jpg,41ط46988
13518.jpg,89ط87718
13519.jpg,31ط38277
13520.jpg,11ط84810
13521.jpg,98ط22110
13522.jpg,31ط14810
13523.jpg,43ط32377
13524.jpg,34ط97212
13526.jpg,76ط13610
13527.jpg,47ط52577
13528.jpg,46ط51310
13529.jpg,89ط94710
13532.jpg,41ط56579
13533.jpg,29ط41510
13534.jpg,71ط63610
13535.jpg,46ط53211
13537.jpg,53س48810
13538.jpg,78س84538
13539.jpg,21س89722
13540.jpg,23س95310
13542.jpg,25س42538
13546.jpg,66س26920
13547.jpg,96س32816
13548.jpg,26س46216
13549.jpg,71س85235
13551.jpg,26س69457
13552.jpg,96س19816
13553.jpg,33س54416
13555.jpg,39س31416
13557.jpg,25س32357
13558.jpg,68س33716
13559.jpg,52س13116
13560.jpg,26س76316
13561.jpg,86س21116
13562.jpg,85س51416
13563.jpg,93س33616
13565.jpg,89س84416
13566.jpg,93س72216
13568.jpg,16س82816
13569.jpg,92س29212
13570.jpg,31س17474
13571.jpg,93س11612
13572.jpg,56س15374
13574.jpg,72س81785
13575.jpg,66س48155
13576.jpg,11س65536
13579.jpg,97س83474
13580.jpg,42س65136
13581.jpg,73س86136
13582.jpg,36س31774
13583.jpg,44س17312
13584.jpg,24س92112
13585.jpg,72س66774
13588.jpg,25س85312
13592.jpg,96س84125
13593.jpg,37س43238
13595.jpg,52س59228
13597.jpg,82س49838
13598.jpg,72س86722
13599.jpg,11س25699
13600.jpg,89س94968
13601.jpg,87س16268
13603.jpg,34س49238
13604.jpg,72س18988
13605.jpg,27س68538
13608.jpg,82س73256
13609.jpg,91س28499
13612.jpg,74س47988
13613.jpg,71س59353
13614.jpg,12س55468
13615.jpg,82س16238
13616.jpg,59س85432
13618.jpg,29س12538
13619.jpg,66س85521
13620.jpg,79س59599
13621.jpg,49س93996
13623.jpg,19س95438
13624.jpg,53س68410
13625.jpg,23س28941
13626.jpg,86س93744
13627.jpg,89س35968
13629.jpg,91س94888
13630.jpg,59س59819
13631.jpg,11س25219
13633.jpg,11س25219
13636.jpg,43س72516
13637.jpg,89س54919
13638.jpg,47س12829
13639.jpg,53س59919
13640.jpg,34س17154
13641.jpg,55س11219
13642.jpg,24س92775
13643.jpg,81س71810
13644.jpg,62س72733
13645.jpg,38س45310
13646.jpg,76س72610
13647.jpg,11س79788
13648.jpg,32س38531
13649.jpg,24س85253
13650.jpg,84س86210
13651.jpg,74س72188
13652.jpg,18س76399
13654.jpg,81س65566
13655.jpg,81س63888
13656.jpg,22س98133
13657.jpg,55س46588
13658.jpg,15س88566
13659.jpg,34س58710
13661.jpg,16س27820
13662.jpg,47س96953
13663.jpg,75س65833
13664.jpg,16س79710
13665.jpg,54س51353
13666.jpg,98س68953
13667.jpg,57س74311
13668.jpg,54س76488
13669.jpg,55س95566
13672.jpg,32س53853
13673.jpg,43س44720
13674.jpg,81س98643
13675.jpg,75س91122
13676.jpg,95س22844
13677.jpg,52س61252
13679.jpg,81س63299
13680.jpg,18س77213
13681.jpg,12س71446
13682.jpg,14س62253
13683.jpg,36س74653
13684.jpg,57س94510
13685.jpg,64س82177
13687.jpg,52س61353
13688.jpg,47س96953
13689.jpg,89س59513
13690.jpg,32س53151
13691.jpg,67س58711
13692.jpg,28س29255
13693.jpg,75س22913
13694.jpg,39س72588
13695.jpg,64س66210
13696.jpg,24س19120
13700.jpg,33س49451
13701.jpg,71س42399
13702.jpg,64س52711
13704.jpg,87س29261
13705.jpg,46س22633
13706.jpg,62س86251
13708.jpg,76س16919
13709.jpg,25س97251
13712.jpg,39س22619
13713.jpg,18س85820
13714.jpg,45س19622
13715.jpg,99س99138
13716.jpg,95س32418
13717.jpg,92س33177
13718.jpg,38س83133
13719.jpg,47س47466
13721.jpg,24س62251
13723.jpg,69س83125
13725.jpg,12س41599
13726.jpg,48س99810
13727.jpg,27س56120
13728.jpg,62س86251
13729.jpg,47س47466
13730.jpg,47س43988
13734.jpg,67س25378
13735.jpg,45س75511
13736.jpg,39س63838
13737.jpg,43س78433
13738.jpg,55س95566
13739.jpg,45س22629
13740.jpg,29س75110
13743.jpg,16س89625
13744.jpg,34س69711
13745.jpg,69س16421
13746.jpg,83س69699
13747.jpg,89س66310
13749.jpg,69س96210
13750.jpg,86س31763
13751.jpg,56س26711
13752.jpg,69س16421
13753.jpg,98س56966
13754.jpg,69س16421
13755.jpg,71س53377
13756.jpg,25س63677
13757.jpg,46س71655
13758.jpg,56س26711
13759.jpg,88س94122
13760.jpg,73س99111
13761.jpg,29س88410
13763.jpg,47س16655
13764.jpg,13س23197
13765.jpg,76س42222
13766.jpg,13س34877
13767.jpg,13س23197
13769.jpg,76س42222
13770.jpg,52س43366
13771.jpg,34س69711
13772.jpg,91س57221
13774.jpg,77س88753
13775.jpg,69س16421
13776.jpg,35س31999
13777.jpg,16س38210
13778.jpg,36س69543
13782.jpg,76س55877
13783.jpg,25س83311
13784.jpg,36س31910
13786.jpg,98س61299
13787.jpg,56س45110
13788.jpg,55س93710
13789.jpg,56س26711
13790.jpg,47س73299
13791.jpg,56س65110
13793.jpg,35س62419
13794.jpg,74س65611
13796.jpg,69س14221
13797.jpg,46س71655
13798.jpg,42س76233
13799.jpg,51س28210
13800.jpg,88س64346
13801.jpg,77س71399
13802.jpg,51س95466
13803.jpg,67س29266
13805.jpg,32س13610
13807.jpg,82س27793
13808.jpg,84س92793
13809.jpg,16س66463
13810.jpg,87س59193
13811.jpg,78س34193
13812.jpg,46س94993
13813.jpg,35س14893
13814.jpg,99س88923
13815.jpg,94س14873
13816.jpg,61س14763
13817.jpg,78س79722
13818.jpg,13س17420
13819.jpg,65س54788
13822.jpg,69س61288
13823.jpg,21س88611
13824.jpg,77س55210
13825.jpg,71س17763
13826.jpg,63س78793
13828.jpg,46س59766
13829.jpg,53س62822
13831.jpg,14س23620
13832.jpg,35س14893
13833.jpg,65س54788
13834.jpg,96س62793
13836.jpg,37س42293
13837.jpg,82س94793
13838.jpg,77س55210
13839.jpg,92س78593
13840.jpg,96س96162
13841.jpg,91س97922
13842.jpg,89س83293
13843.jpg,14س77183
13845.jpg,43س55438
13847.jpg,87س95911
13848.jpg,49س99910
13849.jpg,96س64687
13850.jpg,65س29368
13851.jpg,37س42293
13852.jpg,82س59588
13853.jpg,51س95466
13854.jpg,38س55799
13855.jpg,47س87593
13857.jpg,79س45538
13858.jpg,77س25988
13859.jpg,46س26177
13860.jpg,21س15870
13861.jpg,94س27453
13862.jpg,88س47478
13863.jpg,92س76753
13864.jpg,65س88699
13867.jpg,63س13311
13868.jpg,15س26520
13869.jpg,98س64433
13870.jpg,78س23488
13872.jpg,98س64433
13873.jpg,82س17710
13876.jpg,27س77455
13877.jpg,73س95744
13879.jpg,91س41499
13881.jpg,11س41567
13882.jpg,83س17710
13883.jpg,51س97266
13884.jpg,97س42110
13885.jpg,78س84819
13886.jpg,62س43288
13887.jpg,17س53410
13888.jpg,76س51210
13889.jpg,45س83953
13890.jpg,98س64433
13892.jpg,97س42453
13893.jpg,12س47813
13894.jpg,76س51575
13895.jpg,98س64433
13896.jpg,88س67111
13897.jpg,94س52373
13898.jpg,33س78967
13900.jpg,92س76753
13901.jpg,44س48988
13902.jpg,15س78711
13903.jpg,45س57168
13904.jpg,84س15422
13905.jpg,51س41288
13907.jpg,22س25166
13908.jpg,93س21144
13910.jpg,76س28118
13911.jpg,73س63944
13912.jpg,69س92521
13913.jpg,65س54788
13914.jpg,76س51210
13915.jpg,37س58869
13916.jpg,18س91277
13918.jpg,73س42521
13919.jpg,66س38633
13920.jpg,86س63699
13921.jpg,14س56914
13922.jpg,56س58255
13923.jpg,15س17620
13926.jpg,86س61733
13927.jpg,23س38787
13928.jpg,86س53377
13929.jpg,33س61188
13930.jpg,82س18153
13931.jpg,48س86143
13933.jpg,89س72611
13935.jpg,16س38413
13938.jpg,63س12827
13940.jpg,28س61859
13941.jpg,17س23211
13944.jpg,37س35753
13946.jpg,67س32277
13948.jpg,88س74833
13949.jpg,91س71722
13950.jpg,23س84233
13951.jpg,43س32544
13952.jpg,23س96244
13954.jpg,61س25869
13958.jpg,22س29133
13959.jpg,74س33922
13960.jpg,21س45913
13962.jpg,64س38533
13963.jpg,55س33938
13964.jpg,98س31899
13966.jpg,69س52821
13967.jpg,36س74653
13968.jpg,52س95455
13969.jpg,11س51779
13972.jpg,72س93888
13973.jpg,35س73141
13974.jpg,53س49416
13975.jpg,47س55666
13978.jpg,14س12516
13979.jpg,32س87755
13981.jpg,86س32921
13982.jpg,84س66410
13983.jpg,63س93816
13984.jpg,74س63316
13985.jpg,52س46816
13986.jpg,44س42216
13987.jpg,88س96816
13989.jpg,44س13519
13990.jpg,74س46416
13991.jpg,82س57766
13992.jpg,38س38388
13993.jpg,42س25277
13994.jpg,99س27399
13995.jpg,95س63316
13996.jpg,23س51216
13997.jpg,46س83677
13999.jpg,33س19810
14001.jpg,36س63255
14002.jpg,51س64216
14003.jpg,51س64216
14004.jpg,33س33333
14006.jpg,58س54759
14007.jpg,27س14916
14008.jpg,97س11916
14009.jpg,49س19233
14011.jpg,67س59419
14012.jpg,72س53888
14013.jpg,37س25616
14015.jpg,55س22916
14016.jpg,72س14210
14018.jpg,27س51510
14019.jpg,73س94825
14020.jpg,54س83122
14024.jpg,27س46574
14025.jpg,74س34263
14026.jpg,26س25866
14027.jpg,46س16538
14028.jpg,19س85244
14029.jpg,76س95222
14031.jpg,91س38868
14032.jpg,94س94444
14033.jpg,77س65638
14034.jpg,59س42543
14036.jpg,37س11755
14038.jpg,42س12547
14039.jpg,51س61728
14041.jpg,51س61728
14042.jpg,72س22763
14043.jpg,41س42664
14044.jpg,93س12738
14045.jpg,33س52987
14047.jpg,15س81877
14048.jpg,71س17582
14050.jpg,72س22763
14051.jpg,73س94825
14052.jpg,97س39718
14053.jpg,42س12547
14054.jpg,19س85244
14055.jpg,76س72316
14057.jpg,77س65638
14058.jpg,58س32847
14059.jpg,77س43110
14060.jpg,54س66263
14062.jpg,69س85516
14064.jpg,17س39263
14065.jpg,74س34263
14070.jpg,56س21810
14073.jpg,27س39484
14074.jpg,93س12738
14075.jpg,26س87110
14077.jpg,27س11320
14078.jpg,73س84399
14079.jpg,52س64588
14080.jpg,52س43988
14081.jpg,32س13610
14082.jpg,57س34177
14083.jpg,61س93238
14084.jpg,18س25311
14085.jpg,65س21122
14086.jpg,35س13842
14087.jpg,23س47244
14088.jpg,69س67888
14089.jpg,83س64899
14090.jpg,55س97810
14091.jpg,12س73577
14093.jpg,22س94210
14094.jpg,82س17514
14095.jpg,93س16122
14097.jpg,57س56921
14098.jpg,91س47355
14099.jpg,84س61666
14101.jpg,11س76811
14102.jpg,75س52312
14105.jpg,44س56888
14106.jpg,77س58277
14107.jpg,86س88166
14108.jpg,56س28710
14109.jpg,37س57144
14110.jpg,48س66622
14111.jpg,55س76377
14112.jpg,28س54333
14113.jpg,43س81738
14114.jpg,92س46982
14115.jpg,33س11655
14116.jpg,56س86722
14117.jpg,26س92477
14118.jpg,99س55253
14119.jpg,64س72533
14120.jpg,84س48844
14123.jpg,61س93238
14124.jpg,19س82128
14125.jpg,95س15610
14126.jpg,64س61988
14127.jpg,92س57574
14128.jpg,49س32966
14129.jpg,46س78511
14130.jpg,58س37799
14132.jpg,37س65399
14133.jpg,99س73936
14134.jpg,71س36212
14137.jpg,89س42136
14138.jpg,82س97374
14140.jpg,52س12584
14141.jpg,78س96774
14142.jpg,29س93642
14144.jpg,65س44112
14145.jpg,19س75499
14146.jpg,41س92877
14147.jpg,75س21610
14148.jpg,58س54436
14149.jpg,31س81174
14150.jpg,94س53112
14151.jpg,59س99874
14153.jpg,69س99877
14154.jpg,29س89222
14155.jpg,49س87536
14156.jpg,72س82311
14157.jpg,79س58888
14158.jpg,43س91388
14159.jpg,55س49110
14160.jpg,22س86720
14161.jpg,93س84666
14163.jpg,11س54144
14165.jpg,69س55212
14166.jpg,71س16574
14167.jpg,74س46336
14168.jpg,59س99874
14169.jpg,59س94977
14170.jpg,65س44112
14171.jpg,74س46336
14174.jpg,85س29974
14175.jpg,31س81174
14178.jpg,88س87266
14179.jpg,51س36510
14181.jpg,51س76522
14182.jpg,12س66288
14183.jpg,81س66936
14184.jpg,44س35744
14185.jpg,89س47619
14186.jpg,82س28121
14187.jpg,88س54711
14188.jpg,42س85782
14189.jpg,63س84911
14190.jpg,83س42333
14191.jpg,38س83133
14192.jpg,83س96333
14194.jpg,24س78987
14195.jpg,62س78199
14196.jpg,99س44146
14197.jpg,33س21899
14198.jpg,88س33899
14199.jpg,15س59977
14201.jpg,68س37888
14202.jpg,83س13810
14204.jpg,68س37888
14206.jpg,48س34422
14208.jpg,65س68777
14209.jpg,49س35472
14210.jpg,41س15188
14211.jpg,56س21744
14213.jpg,75س61322
14214.jpg,16س85920
14215.jpg,18س69955
14217.jpg,47س81921
14219.jpg,41س76155
14220.jpg,66س63788
14221.jpg,11س42820
14222.jpg,76س51210
14223.jpg,41س95110
14224.jpg,45س26622
14225.jpg,84س44999
14226.jpg,23س22410
14228.jpg,88س45411
14230.jpg,43س41677
14231.jpg,46س65531
14232.jpg,39س51177
14233.jpg,98س64433
14234.jpg,54س54141
14235.jpg,65س44955
14237.jpg,12س33455
14238.jpg,52س55877
14239.jpg,51س84877
14240.jpg,95س71524
14242.jpg,15س79488
14243.jpg,15س92267
14244.jpg,81س98433
14245.jpg,83س66610
14246.jpg,88س71134
14247.jpg,25س81114
14248.jpg,14س97731
14249.jpg,67س47599
14250.jpg,22س48531
14252.jpg,73س48422
14253.jpg,85س77111
14254.jpg,55س76377
14255.jpg,17س94524
14256.jpg,71س57814
14257.jpg,78س22834
14258.jpg,78س55410
14259.jpg,73س48422
14261.jpg,53س94588
14262.jpg,57س31410
14263.jpg,88س71134
14264.jpg,54س52455
14265.jpg,46س72834
14266.jpg,85س77111
14267.jpg,12س97731
14268.jpg,69س91111
14270.jpg,69س25268
14271.jpg,27س29668
14276.jpg,56س28138
14277.jpg,83س96333
14278.jpg,39س92810
14279.jpg,98س15138
14280.jpg,58س76466
14281.jpg,82س29344
14282.jpg,71س94938
14283.jpg,29س48838
14284.jpg,14س36299
14285.jpg,79س84710
14286.jpg,21س15668
14287.jpg,29س52868
14288.jpg,11س28138
14289.jpg,13س11810
14290.jpg,93س34768
14292.jpg,28س42899
14295.jpg,31س67410
14296.jpg,67س17622
14297.jpg,14س37268
14298.jpg,36س22538
14299.jpg,81س63661
14300.jpg,34س88622
14302.jpg,61س46238
14303.jpg,14س51288
14306.jpg,79س96322
14308.jpg,73س45766
14310.jpg,97س52199
14311.jpg,15س87779
14314.jpg,48س92314
14316.jpg,69س45822
14317.jpg,13س35668
14318.jpg,88س81368
14319.jpg,38س55368
14320.jpg,82س85344
14321.jpg,87س33988
14323.jpg,29س16114
14325.jpg,14س97731
14326.jpg,34س57268
14329.jpg,86س16899
14331.jpg,44س85838
14332.jpg,15س92267
14333.jpg,63س58188
14334.jpg,51س22768
14336.jpg,51س22768
14337.jpg,44س81734
14339.jpg,93س96738
14340.jpg,89س26824
14341.jpg,58س63220
14342.jpg,22س48531
14343.jpg,22س48531
14344.jpg,53س94588
14345.jpg,94س79138
14347.jpg,84س87321
14348.jpg,82س17514
14350.jpg,67س94368
14351.jpg,51س62441
14352.jpg,81س82238
14353.jpg,14س81381
14354.jpg,23س86995
14355.jpg,48س39868
14356.jpg,61س79156
14357.jpg,17س94868
14358.jpg,53س94588
14360.jpg,63س48177
14363.jpg,57س56921
14364.jpg,16س54338
14365.jpg,35س13842
14366.jpg,26س91455
14367.jpg,98س64378
14368.jpg,41س54566
14369.jpg,92س57574
14370.jpg,37س33778
14371.jpg,69س37547
14374.jpg,41س32642
14375.jpg,78س22834
14377.jpg,25س81114
14378.jpg,59س93944
14379.jpg,71س26174
14380.jpg,19س72877
14381.jpg,34س74874
14383.jpg,48س92314
14385.jpg,41س54566
14386.jpg,29س16114
14387.jpg,87س27366
14388.jpg,19س62267
14389.jpg,32س95524
14390.jpg,55س98834
14392.jpg,72س41855
14393.jpg,19س23468
14394.jpg,94س34466
14396.jpg,27س97188
14397.jpg,81س88766
14398.jpg,12س94520
14399.jpg,27س81288
14400.jpg,38س98177
14401.jpg,29س57388
14402.jpg,97س28699
14403.jpg,56س78778
14404.jpg,72س88116
14405.jpg,34س74199
14406.jpg,55س76177
14407.jpg,58س82638
14408.jpg,39س78891
14409.jpg,21س74511
14410.jpg,12س15899
14411.jpg,37س79111
14412.jpg,93س46888
14413.jpg,84س82610
14414.jpg,61س54610
14416.jpg,46س37368
14417.jpg,56س76810
14419.jpg,41س15344
14420.jpg,22س19276
14421.jpg,81س53338
14422.jpg,69س12499
14426.jpg,23س29544
14427.jpg,92س74588
14428.jpg,34س48820
14430.jpg,59س42211
14431.jpg,65س28144
14432.jpg,95س26110
14433.jpg,24س27958
14434.jpg,16س28711
14435.jpg,38س22210
14436.jpg,52س11222
14438.jpg,66س85977
14439.jpg,23س93510
14440.jpg,52س95910
14441.jpg,41س94255
14442.jpg,24س75320
14443.jpg,68س86299
14444.jpg,29س24266
14446.jpg,91س88399
14447.jpg,28س92222
14448.jpg,61س31919
14449.jpg,95س29477
14450.jpg,19س98255
14451.jpg,64س28233
14452.jpg,31س43299
14453.jpg,91س72299
14455.jpg,23س38133
14456.jpg,96س53677
14457.jpg,31س17377
14458.jpg,65س53499
14459.jpg,77س71178
14460.jpg,59س75533
14461.jpg,48س18433
14462.jpg,74س13422
14463.jpg,64س89610
14465.jpg,12س73888
14466.jpg,47س18788
14467.jpg,87س14155
14468.jpg,41س82455
14469.jpg,66س63488
14471.jpg,15س71888
14472.jpg,92س87566
14475.jpg,38س33255
14476.jpg,63س21211
14478.jpg,16س54911
14479.jpg,86س44546
14483.jpg,49س79277
14484.jpg,22س31988
14485.jpg,57س45166
14486.jpg,96س61888
14489.jpg,37س85516
14490.jpg,12س46111
14491.jpg,38س91443
14493.jpg,38س91443
14495.jpg,57س45166
14496.jpg,57س45166
14497.jpg,57س45166
14499.jpg,28س37799
14500.jpg,33س41557
14501.jpg,12س13228
14503.jpg,26س74957
14504.jpg,25س73499
14506.jpg,96س41374
14508.jpg,88س47478
14509.jpg,73س76966
14510.jpg,65س54788
14511.jpg,32س13610
14512.jpg,97س76211
14513.jpg,97س76211
14515.jpg,65س42710
14516.jpg,16س59210
14517.jpg,12س69188
14518.jpg,77س17341
14519.jpg,98س96310
14520.jpg,61س46238
14521.jpg,42س75611
14522.jpg,65س29511
14523.jpg,43س46722
14524.jpg,43س46722
14527.jpg,29س79399
14528.jpg,45س41288
14529.jpg,21س35110
14530.jpg,18س72722
14532.jpg,19س77420
14533.jpg,53س41811
14534.jpg,24س26111
14535.jpg,19س77420
14536.jpg,96س19933
14537.jpg,42س56766
14539.jpg,48س99677
14540.jpg,54س93811
14541.jpg,57س74788
14544.jpg,48س99677
14547.jpg,98س73510
14548.jpg,34س87551
14549.jpg,89س51499
14550.jpg,75س67944
14551.jpg,95س94333
14552.jpg,67س16555
14553.jpg,18س95244
14554.jpg,98س73510
14557.jpg,75س73677
14558.jpg,93س88666
14559.jpg,93س88666
14560.jpg,93س88666
14561.jpg,48س85231
14562.jpg,65س29511
14563.jpg,24س51267
14564.jpg,86س25653
14565.jpg,76س35591
14566.jpg,72س87778
14567.jpg,72س85291
14569.jpg,89س79666
14570.jpg,17س31155
14571.jpg,26س86357
14572.jpg,82س27141
14575.jpg,43س47942
14579.jpg,26س53720
14581.jpg,36س27713
14582.jpg,62س91799
14583.jpg,18س31511
14585.jpg,33س59238
14586.jpg,91س45766
14587.jpg,92س85938
14588.jpg,49س35472
14589.jpg,43س28610
14590.jpg,71س97518
14591.jpg,86س49777
14592.jpg,38س23199
14593.jpg,54س88710
14594.jpg,75س34174
14595.jpg,97س55810
14596.jpg,54س88710
14597.jpg,28س22199
14598.jpg,38س23199
14599.jpg,38س92716
14600.jpg,44س14233
14601.jpg,37س34316
14602.jpg,53س82524
14608.jpg,95س73516
14609.jpg,87س38855
14610.jpg,19س99816
14611.jpg,97س62216
14613.jpg,14س66819
14614.jpg,27س88416
14615.jpg,66س78916
14616.jpg,14س81116
14617.jpg,39س13816
14618.jpg,95س51516
14619.jpg,65س89410
14620.jpg,43س16416
14621.jpg,72س73716
14622.jpg,84س12416
14624.jpg,54س25516
14625.jpg,15س96210
14627.jpg,93س78616
14628.jpg,93س78616
14629.jpg,61س43716
14630.jpg,92س61316
14632.jpg,84س76122
14633.jpg,99س26633
14634.jpg,85س44216
14635.jpg,58س51176
14638.jpg,52س66133
14641.jpg,24س57916
14642.jpg,66س95316
14643.jpg,96س87316
14644.jpg,97س28516
14646.jpg,21س47818
14647.jpg,52س61618
14648.jpg,34س87218
14649.jpg,74س83718
14650.jpg,18س42918
14652.jpg,13س57918
14653.jpg,31س63418
14655.jpg,76س52418
14656.jpg,23س11818
14657.jpg,43س36618
14658.jpg,24س76118
14659.jpg,17س94533
14660.jpg,42س89418
14661.jpg,69س89418
14662.jpg,65س29118
14664.jpg,49س99518
14665.jpg,19س72318
14666.jpg,38س81118
14667.jpg,83س48718
14668.jpg,66س52518
14669.jpg,31س18518
14670.jpg,24س65818
14671.jpg,88س48153
14672.jpg,16س43518
14673.jpg,86س53218
14675.jpg,29س44318
14676.jpg,59س19418
14678.jpg,61س49428
14679.jpg,37س41961
14681.jpg,54س42418
14683.jpg,73س82961
14684.jpg,34س35610
14685.jpg,93س49255
14686.jpg,27س92718
14688.jpg,69س21518
14691.jpg,73س49218
14692.jpg,76س44518
14693.jpg,13س82371
14696.jpg,82س69918
14698.jpg,39س54718
14699.jpg,67س21818
14701.jpg,49س78918
14703.jpg,44س83829
14704.jpg,94س42918
14705.jpg,52س19928
14706.jpg,61س76928
14707.jpg,51س34628
14713.jpg,51س36828
14714.jpg,76س45518
14715.jpg,27س52918
14716.jpg,12س41718
14717.jpg,19س34528
14718.jpg,94س25318
14720.jpg,65س74718
14723.jpg,67س46218
14724.jpg,83س34218
14725.jpg,78س94118
14726.jpg,92س28118
14728.jpg,64س46318
14729.jpg,25س11318
14730.jpg,87س25718
14731.jpg,84س16818
14732.jpg,84س73418
14733.jpg,85س16518
14734.jpg,29س95318
14737.jpg,87س21618
14738.jpg,37س56428
14739.jpg,82س28118
14740.jpg,58س52418
14743.jpg,43س13328
14744.jpg,99س17418
14745.jpg,16س59918
14746.jpg,76س62110
14747.jpg,53س28844
14748.jpg,18س86355
14749.jpg,85س54516
14750.jpg,62س31933
14752.jpg,59س11599
14753.jpg,38س37944
14754.jpg,99س27211
14755.jpg,16س45672
14757.jpg,47س29433
14758.jpg,46س99844
14759.jpg,37س89266
14760.jpg,59و76488
14761.jpg,84و72666
14762.jpg,66و71455
14763.jpg,39و66711
14764.jpg,81و53868
14766.jpg,25و69616
14768.jpg,27و95488
14769.jpg,51و77477
14770.jpg,96و61416
14772.jpg,89و26816
14773.jpg,87و55216
14774.jpg,21و75116
14775.jpg,73و89416
14776.jpg,16و31716
14778.jpg,39و57157
14779.jpg,97و32657
14780.jpg,38و34630
14781.jpg,94و56816
14782.jpg,98و75957
14783.jpg,78و69916
14784.jpg,73و61957
14786.jpg,75و97316
14787.jpg,63و33357
14788.jpg,94و56816
14789.jpg,26و63916
14790.jpg,85و19216
14792.jpg,93و44957
14793.jpg,15و68557
14794.jpg,58و47216
14796.jpg,22و14516
14797.jpg,66و28816
14799.jpg,87و52716
14800.jpg,83و87338
14801.jpg,55و29116
14802.jpg,96و47516
14803.jpg,52و85657
14804.jpg,11و35916
14806.jpg,81و12816
14808.jpg,36و28322
14809.jpg,57و54316
14813.jpg,36و14632
14814.jpg,92و23336
14815.jpg,74و31932
14816.jpg,43و64874
14817.jpg,47و45836
14820.jpg,59و22636
14821.jpg,67و93736
14822.jpg,86و77674
14823.jpg,96و53136
14824.jpg,76و56274
14825.jpg,54و79232
14826.jpg,32و91974
14828.jpg,69و44112
14829.jpg,97و38132
14830.jpg,74و61632
14831.jpg,68و43374
14833.jpg,17و27912
14834.jpg,47و73974
14836.jpg,11و13774
14837.jpg,32و99412
14838.jpg,28و87112
14839.jpg,13و48574
14840.jpg,78و29732
14842.jpg,35و41412
14843.jpg,59و88732
14844.jpg,28و87112
14845.jpg,87و15512
14847.jpg,91و24636
14849.jpg,31و16588
14852.jpg,91و24636
14853.jpg,11و54274
14854.jpg,84و16812
14855.jpg,77و89132
14856.jpg,77و67336
14861.jpg,36و33568
14864.jpg,47و98768
14865.jpg,85و61968
14866.jpg,17و72568
14868.jpg,19و27710
14869.jpg,62و77157
14870.jpg,53و17268
14871.jpg,13و82888
14872.jpg,76و99868
14873.jpg,17و13388
14874.jpg,13و82888
14875.jpg,43و72699
14876.jpg,17و21699
14877.jpg,77و11943
14878.jpg,96و72155
14879.jpg,63و25221
14880.jpg,36و44321
14881.jpg,12و97868
14882.jpg,28و13773
14883.jpg,57و49842
14884.jpg,98و41514
14885.jpg,79و93919
14886.jpg,13و56219
14887.jpg,38و99619
14888.jpg,66و14519
14890.jpg,37و61419
14892.jpg,58و85719
14893.jpg,46و87119
14894.jpg,68و69619
14895.jpg,55و59219
14896.jpg,46و98319
14898.jpg,55و59219
14900.jpg,44و44938
14901.jpg,74و81919
14902.jpg,66و32619
14903.jpg,26و51830
14904.jpg,49و54119
14905.jpg,36و61419
14906.jpg,68و95919
14909.jpg,46و51410
14910.jpg,64و15522
14911.jpg,88و47853
14912.jpg,58و32614
14913.jpg,41و87266
14914.jpg,17و66199
14918.jpg,86و58853
14919.jpg,73و92313
14920.jpg,48و27538
14921.jpg,81و83255
14922.jpg,74و71813
14923.jpg,14و89355
14924.jpg,57و96753
14926.jpg,43و76788
14927.jpg,79و66410
14928.jpg,17و18953
14929.jpg,91و65922
14930.jpg,82و67477
14931.jpg,55و18153
14932.jpg,75و57888
14933.jpg,81و55313
14934.jpg,96و12210
14935.jpg,78و92213
14936.jpg,65و91910
14937.jpg,85و99188
14939.jpg,41و14853
14941.jpg,28و19810
14942.jpg,44و11913
14943.jpg,19و29153
14944.jpg,72و36113
14946.jpg,67و89513
14947.jpg,78و52977
14948.jpg,58و41344
14949.jpg,17و71810
14951.jpg,56و44110
14952.jpg,28و92853
14953.jpg,83و34653
14955.jpg,88و99288
14957.jpg,97و79299
14958.jpg,79و13653
14959.jpg,55و42444
14960.jpg,83و91888
14962.jpg,57و23153
14964.jpg,55و18153
14965.jpg,59و41399
14966.jpg,96و44366
14967.jpg,84و26113
14970.jpg,29و67144
14971.jpg,82و11753
14972.jpg,27و94210
14974.jpg,38و21111
14975.jpg,41و46677
14976.jpg,87و59666
14978.jpg,96و15599
14980.jpg,25و33499
14981.jpg,61و85968
14982.jpg,29و67144
14984.jpg,48و26399
14986.jpg,85و83210
14989.jpg,13و17211
14991.jpg,34و57488
14993.jpg,18و83188
14994.jpg,65و47210
14995.jpg,11و91688
14997.jpg,71و51733
14998.jpg,64و53544
14999.jpg,73و78744
15001.jpg,23و93399
15002.jpg,61و34399
15003.jpg,18و83188
15004.jpg,69و75933
15006.jpg,86و85888
15008.jpg,58و67466
15009.jpg,54و37121
15012.jpg,95و59911
15013.jpg,46و63877
15014.jpg,44و48738
15015.jpg,24و49922
15016.jpg,62و14399
15018.jpg,95و96568
15019.jpg,62و78710
15020.jpg,79و66410
15022.jpg,45و32666
15023.jpg,72و32338
15024.jpg,18و17455
15025.jpg,17و44688
15027.jpg,64و74888
15028.jpg,22و55399
15029.jpg,25و41811
15030.jpg,18و24611
15032.jpg,28و84638
15033.jpg,22و66277
15034.jpg,55و41255
15036.jpg,25و85610
15037.jpg,57و79899
15038.jpg,65و16955
15039.jpg,47و54310
15040.jpg,72و59499
15043.jpg,54و37768
15044.jpg,44و73855
15045.jpg,89و38688
15046.jpg,49و92399
15047.jpg,49و92399
15048.jpg,87و16555
15049.jpg,39و25510
15050.jpg,38و89877
15051.jpg,25و85610
15052.jpg,19و76511
15053.jpg,28و47355
15054.jpg,19و21799
15056.jpg,39و72778
15057.jpg,17و35244
15059.jpg,48و69477
15061.jpg,32و73477
15062.jpg,33و97683
15063.jpg,68و68744
15064.jpg,45و59611
15065.jpg,49و92399
15066.jpg,76و95699
15067.jpg,99و26266
15068.jpg,63و52744
15069.jpg,45و73344
15070.jpg,53و23866
15071.jpg,45و73344
15072.jpg,65و34244
15073.jpg,49و92399
15074.jpg,37و25966
15075.jpg,67و27399
15076.jpg,64و71568
15077.jpg,55و41255
15078.jpg,87و51866
15079.jpg,25و85610
15081.jpg,84و97263
15082.jpg,64و22463
15083.jpg,12و64299
15084.jpg,53و51499
15085.jpg,79و68963
15087.jpg,12و64299
15088.jpg,64و31662
15089.jpg,65و38163
15090.jpg,82و37799
15091.jpg,65و38163
15093.jpg,38و73677
15094.jpg,25و15673
15095.jpg,29و48863
15097.jpg,88و54355
15098.jpg,57و44566
15100.jpg,76و46811
15101.jpg,37و82463
15102.jpg,35و72363
15103.jpg,95و42711
15105.jpg,71و96363
15106.jpg,53و51499
15108.jpg,57و87663
15109.jpg,87و14563
15110.jpg,71و96363
15113.jpg,76و46811
15114.jpg,11و66863
15116.jpg,82و24463
15117.jpg,23و78499
15118.jpg,79و89299
15120.jpg,19و47511
15121.jpg,29و35353
15122.jpg,85و47613
15124.jpg,13و73922
15125.jpg,21و33478
15127.jpg,74و69610
15128.jpg,52و42222
15129.jpg,53و86888
15130.jpg,96و26188
15132.jpg,17و71510
15134.jpg,42و83844
15135.jpg,83و51188
15137.jpg,28و46288
15138.jpg,15و13553
15139.jpg,42و83844
15140.jpg,37و78713
15141.jpg,22و91810
15142.jpg,52و17822
15143.jpg,67و47955
15144.jpg,42و83844
15145.jpg,11و18853
15146.jpg,55و18153
15147.jpg,82و37799
15150.jpg,18و42978
15152.jpg,18و42978
15153.jpg,15و52278
15154.jpg,98و96221
15156.jpg,86و45310
15157.jpg,52و17822
15159.jpg,32و97199
15160.jpg,43و31724
15161.jpg,42و83844
15163.jpg,22و26755
15164.jpg,15و74999
15166.jpg,56و86833
15168.jpg,33و12811
15170.jpg,88و93177
15172.jpg,49و81888
15175.jpg,26و24810
15176.jpg,11و52644
15179.jpg,55و16222
15180.jpg,32و98266
15181.jpg,23و33822
15184.jpg,58و91324
15185.jpg,35و15299
15188.jpg,42و41457
15189.jpg,28و32388
15190.jpg,34و11566
15191.jpg,25و23511
15192.jpg,46و74553
15193.jpg,42و88955
15196.jpg,62و99466
15197.jpg,41و54488
15199.jpg,48و73710
15200.jpg,11و11522
15201.jpg,68و32633
15203.jpg,64و61366
15206.jpg,14و33999
15207.jpg,37و43138
15208.jpg,73و16655
15209.jpg,94و76122
15210.jpg,58و44355
15211.jpg,16و77110
15212.jpg,35و33669
15213.jpg,88و43813
15214.jpg,76و48288
15215.jpg,99و71910
15218.jpg,57و17566
15219.jpg,62و21988
15221.jpg,85و39910
15223.jpg,75و86553
15224.jpg,85و82953
15225.jpg,64و27944
15226.jpg,43و78238
15227.jpg,83و27810
15229.jpg,12و35788
15230.jpg,51و82110
15231.jpg,71و22238
15233.jpg,46و31499
15235.jpg,74و19668
15236.jpg,85و36166
15237.jpg,12و26934
15238.jpg,76و48288
15239.jpg,25و28113
15241.jpg,25و89388
15242.jpg,26و18578
15243.jpg,35و59199
15244.jpg,37و87424
15245.jpg,99و99455
15246.jpg,25و45733
15247.jpg,14و65855
15248.jpg,82و29699
15249.jpg,44و99677
15250.jpg,37و43138
15251.jpg,27و64943
15252.jpg,58و76357
15253.jpg,82و61410
15254.jpg,75و88166
15255.jpg,18و85216
15256.jpg,13و13529
15257.jpg,26و51966
15262.jpg,17و71466
15263.jpg,52و34499
15264.jpg,13و78721
15265.jpg,18و18110
15268.jpg,41و65257
15269.jpg,46و84455
15270.jpg,28و68511
15271.jpg,87و91988
15272.jpg,17و14255
15276.jpg,99و98644
15278.jpg,66و21310
15280.jpg,91و59466
15282.jpg,64و36322
15283.jpg,64و41736
15284.jpg,51و93255
15285.jpg,83و54955
15286.jpg,91و82963
15287.jpg,43و52438
15288.jpg,61و51355
15289.jpg,61و43415
15290.jpg,56و53614
15291.jpg,94و76299
15292.jpg,91و65321
15293.jpg,56و53614
15294.jpg,29و81944
15298.jpg,62و78153
15299.jpg,89و31621
15301.jpg,25و56978
15302.jpg,36و54838
15303.jpg,66و91336
15305.jpg,77و68863
15307.jpg,81و63657
15308.jpg,82و69663
15310.jpg,46و76366
15311.jpg,82و69663
15313.jpg,34و56166
15315.jpg,82و69663
15316.jpg,34و66463
15317.jpg,38و61610
15318.jpg,86و56755
15319.jpg,83و59455
15320.jpg,91و46621
15321.jpg,99و23163
15322.jpg,74و35563
15323.jpg,48و94710
15324.jpg,77و43713
15325.jpg,48و94710
15327.jpg,59و63721
15328.jpg,19و87466
15329.jpg,59و63721
15330.jpg,36و68155
15331.jpg,41و68311
15333.jpg,22و81822
15334.jpg,58و99799
15335.jpg,75و14310
15336.jpg,37و39821
15337.jpg,29و19310
15340.jpg,93و26943
15342.jpg,19و85210
15343.jpg,54و37938
15344.jpg,19و43455
15345.jpg,17و95921
15346.jpg,55و97242
15347.jpg,76و86842
15348.jpg,68و91477
15349.jpg,73و87168
15351.jpg,84و65477
15352.jpg,74و88968
15353.jpg,86و79155
15355.jpg,58و45577
15356.jpg,63و19242
15357.jpg,11و13211
15358.jpg,56و74768
15359.jpg,22و23910
15360.jpg,83و64422
15361.jpg,95و37888
15362.jpg,84و65477
15363.jpg,74و65910
15365.jpg,28و49132
15366.jpg,13و29277
15367.jpg,37و75877
15369.jpg,88و34221
15370.jpg,19و51221
15371.jpg,12و33913
15372.jpg,33و23921
15373.jpg,19و41621
15374.jpg,56و74768
15375.jpg,24و81610
15376.jpg,54و37938
15377.jpg,44و92588
15378.jpg,16و71221
15380.jpg,31و67524
15381.jpg,36و24134
15382.jpg,54و37938
15383.jpg,59و82838
15384.jpg,22و14966
15385.jpg,63و72336
15386.jpg,27و76636
15387.jpg,28و18336
15388.jpg,58و24136
15389.jpg,25و51455
15390.jpg,56و71810
15391.jpg,36و32812
15392.jpg,18و23166
15393.jpg,95و21112
15394.jpg,99و72211
15395.jpg,15و77136
15396.jpg,79و35736
15397.jpg,41و41526
15398.jpg,64و32912
15399.jpg,28و54442
15400.jpg,71و12136
15402.jpg,66و86677
15403.jpg,47و81212
15404.jpg,47و33922
15405.jpg,99و59736
15406.jpg,76و29436
15408.jpg,16و24512
15409.jpg,76و29436
15410.jpg,94و24542
15411.jpg,88و85736
15413.jpg,25و97612
15415.jpg,34و25888
15416.jpg,35و46299
15418.jpg,57و68210
15419.jpg,74و43642
15420.jpg,24و22944
15421.jpg,12و12412
15422.jpg,32و19136
15423.jpg,56و27212
15424.jpg,59و93110
15425.jpg,41و41536
15426.jpg,92و66212
15427.jpg,94و92112
15428.jpg,18و28244
15429.jpg,78و71366
15431.jpg,76و86842
15432.jpg,48و84712
15433.jpg,76و29436
15435.jpg,55و31255
15436.jpg,75و51242
15437.jpg,15و77136
15438.jpg,72و76842
15440.jpg,34و35111
15441.jpg,15و78199
15442.jpg,43و94822
15443.jpg,95و85510
15444.jpg,24و51255
15445.jpg,12و84599
15446.jpg,62و76188
15447.jpg,39و36733
15448.jpg,67و95210
15449.jpg,17و21333
15450.jpg,26و68810
15451.jpg,14و89238
15452.jpg,88و93177
15453.jpg,31و76922
15454.jpg,34و35111
15455.jpg,13و37610
15456.jpg,81و99410
15457.jpg,49و29855
15459.jpg,68و19499
15460.jpg,79و85866
15461.jpg,33و48799
15462.jpg,25و23511
15464.jpg,96و26888
15466.jpg,88و93177
15467.jpg,55و67810
15468.jpg,19و31710
15469.jpg,66و87910
15471.jpg,45و95411
15472.jpg,55و69838
15473.jpg,94و57266
15474.jpg,94و66610
15475.jpg,14و76710
15476.jpg,79و92588
15477.jpg,87و47210
15479.jpg,18و51555
15480.jpg,17و85911
15481.jpg,33و43333
15483.jpg,81و62677
15485.jpg,14و79455
15486.jpg,15و29355
15488.jpg,14و44655
15489.jpg,37و59710
15490.jpg,12و82611
15491.jpg,63و73188
15492.jpg,34و11566
15494.jpg,82و72299
15496.jpg,68و35238
15497.jpg,35و23799
15498.jpg,52و17822
15499.jpg,31و38710
15500.jpg,94و76288
15502.jpg,45و61433
15503.jpg,15و29355
15504.jpg,24و13610
15505.jpg,87و47210
15506.jpg,14و75238
15507.jpg,89و75810
15508.jpg,23و13934
15510.jpg,28و22634
15511.jpg,13و72824
15512.jpg,38و26134
15513.jpg,38و48734
15515.jpg,22و69739
15516.jpg,19و53134
15517.jpg,81و93677
15518.jpg,22و69734
15519.jpg,12و53534
15520.jpg,19و83534
15521.jpg,79و72824
15524.jpg,11و39424
15527.jpg,26و47734
15528.jpg,27و11599
15529.jpg,35و17334
15530.jpg,27و74234
15531.jpg,33و93242
15532.jpg,66و67724
15533.jpg,22و56634
15536.jpg,38و67234
15537.jpg,15و24534
15538.jpg,29و15634
15539.jpg,22و77134
15541.jpg,32و45334
15544.jpg,23و33634
15546.jpg,35و51624
15547.jpg,19و83534
15551.jpg,28و57934
15552.jpg,57و15566
15553.jpg,37و68534
15554.jpg,66و63366
15555.jpg,38و44134
15556.jpg,56و95324
15557.jpg,15و19634
15560.jpg,12و81534
15561.jpg,27و61134
15562.jpg,25و47434
15563.jpg,22و93243
15565.jpg,17و51934
15566.jpg,24و47134
15567.jpg,33و31834
15568.jpg,61و87524
15569.jpg,17و43234
15570.jpg,27و68834
15571.jpg,27و12134
15572.jpg,12و81534
15574.jpg,27و68834
15575.jpg,35و75534
15576.jpg,89و78999
15578.jpg,37و51499
15580.jpg,19و26234
15582.jpg,41و88810
15583.jpg,22و32534
15585.jpg,67و89924
15587.jpg,34و79934
15588.jpg,18و84734
15589.jpg,13و94734
15592.jpg,27و22634
15593.jpg,32و35534
15594.jpg,26و23734
15595.jpg,14و82134
15596.jpg,34و52534
15597.jpg,23و25434
15599.jpg,26و47734
15600.jpg,24و44724
15602.jpg,43و57466
15603.jpg,84و58210
15604.jpg,65و75268
15606.jpg,92و65555
15607.jpg,93و92221
15611.jpg,26و38699
15612.jpg,73و67721
15613.jpg,12و64299
15614.jpg,86و84821
15615.jpg,25و32234
15616.jpg,64و66722
15617.jpg,24و89968
15618.jpg,71و44238
15620.jpg,43و56921
15621.jpg,27و13821
15622.jpg,45و11868
15623.jpg,35و73834
15624.jpg,17و79668
15625.jpg,24و31399
15627.jpg,52و41510
15629.jpg,21و69124
15630.jpg,79و14221
15631.jpg,97و74568
15632.jpg,44و47368
15633.jpg,33و58821
15634.jpg,24و31399
15635.jpg,26و67521
15636.jpg,87و88521
15637.jpg,98و45768
15638.jpg,33و74425
15639.jpg,35و73634
15640.jpg,67و46688
15641.jpg,35و73634
15642.jpg,26و42221
15644.jpg,36و31977
15646.jpg,26و67468
15648.jpg,17و25834
15649.jpg,73و97368
15650.jpg,35و73634
15651.jpg,37و39334
15653.jpg,26و63921
15654.jpg,85و42168
15656.jpg,24و47211
15657.jpg,25و21878
15658.jpg,66و48368
15659.jpg,14و79834
15661.jpg,35و73634
15665.jpg,24و85534
15666.jpg,69و83868
15668.jpg,23و75434
15669.jpg,19و83534
15672.jpg,17و51934
15673.jpg,24و44724
15674.jpg,38و64834
15675.jpg,23و25434
15677.jpg,35و73634
15678.jpg,32و45334
15681.jpg,28و49134
15682.jpg,43و85438
15683.jpg,99و55268
15684.jpg,35و73634
15685.jpg,67و89924
15686.jpg,23و13934
15687.jpg,37و76134
15689.jpg,37و39334
15690.jpg,23و25434
15692.jpg,23و34534
15695.jpg,18و84734
15696.jpg,37و46634
15698.jpg,14و79834
15700.jpg,32و84278
15702.jpg,14و82134
15703.jpg,34و71334
15705.jpg,36و24134
15707.jpg,56و95324
15710.jpg,16و23434
15711.jpg,29و72138
15712.jpg,12و81534
15713.jpg,38و67234
15716.jpg,26و47734
15719.jpg,11و44234
15720.jpg,36و24134
15721.jpg,31و67524
15724.jpg,75و76868
15727.jpg,35و73634
15730.jpg,27و68834
15734.jpg,29و15634
15735.jpg,15و24534
15737.jpg,75و76868
15738.jpg,23و33634
15740.jpg,35و17334
15743.jpg,22و32534
15744.jpg,35و73634
15745.jpg,39و42931
15748.jpg,28و97321
15753.jpg,47و74188
15755.jpg,75و76868
15756.jpg,72و16824
15758.jpg,34و87621
15760.jpg,55و64133
15761.jpg,36و89521
15763.jpg,19و83534
15764.jpg,75و76868
15765.jpg,12و53534
15766.jpg,26و71334
15767.jpg,37و68534
15768.jpg,31و66534
15769.jpg,34و79934
15770.jpg,27و68834
15771.jpg,66و67724
15772.jpg,71و12136
15773.jpg,22و69734
15774.jpg,27و12134
15775.jpg,24و12534
15777.jpg,35و75534
15778.jpg,23و34534
15780.jpg,57و97488
15782.jpg,55و97242
15784.jpg,55و31255
15786.jpg,79و72824
15787.jpg,38و26134
15788.jpg,25و34234
15789.jpg,38و48734
15790.jpg,36و72134
15791.jpg,16و51334
15792.jpg,11و23434
15793.jpg,31و64266
15795.jpg,33و31834
15796.jpg,21و69124
15797.jpg,18و31934
15798.jpg,23و27234
15799.jpg,14و91134
15800.jpg,26و23734
15802.jpg,34و54111
15803.jpg,61و87524
15804.jpg,63و48624
15806.jpg,35و73834
15807.jpg,18و71868
15809.jpg,29و57434
15810.jpg,24و85534
15813.jpg,16و29834
15814.jpg,22و69729
15816.jpg,19و53134
15817.jpg,16و29834
15818.jpg,94و24542
15819.jpg,25و34434
15820.jpg,76و29436
15821.jpg,17و43234
15822.jpg,76و86842
15823.jpg,37و99734
15824.jpg,27و11599
15825.jpg,27و61134
15827.jpg,89و28822
15828.jpg,29و37977
15829.jpg,24و71966
15830.jpg,91و12777
15833.jpg,94و34266
15834.jpg,27و52243
15835.jpg,65و21677
15836.jpg,28و51212
15837.jpg,92و34988
15839.jpg,67و42899
15840.jpg,54و68977
15841.jpg,25و36538
15843.jpg,37و73588
15844.jpg,44و83721
15845.jpg,93و78288
15847.jpg,99و84588
15849.jpg,71و76777
15850.jpg,65و64877
15851.jpg,21و28268
15852.jpg,19و75310
15853.jpg,85و64721
15855.jpg,61و16210
15856.jpg,97و23499
15857.jpg,58و49810
15858.jpg,49و74910
15859.jpg,33و23921
15860.jpg,44و62222
15861.jpg,46و99544
15865.jpg,84و89911
15867.jpg,31و64911
15868.jpg,41و23455
15869.jpg,89و25510
15870.jpg,81و62599
15871.jpg,69و33699
15872.jpg,29و67744
15873.jpg,66و79510
15875.jpg,32و71422
15876.jpg,55و88711
15877.jpg,71و72633
15878.jpg,46و95255
15879.jpg,54و37511
15880.jpg,83و72655
15883.jpg,83و39544
15886.jpg,52و38210
15887.jpg,58و67599
15888.jpg,58و67599
15889.jpg,35و55299
15891.jpg,84و25910
15892.jpg,15و11622
15893.jpg,94و67755
15894.jpg,82و74610
15895.jpg,89و16488
15896.jpg,47و67910
15897.jpg,81و66466
15898.jpg,51و73399
15899.jpg,92و24611
15901.jpg,11و31299
15902.jpg,13و74799
15903.jpg,48و39488
15904.jpg,53و16599
15906.jpg,23و84144
15907.jpg,51و59888
15908.jpg,17و68944
15910.jpg,86و68588
15911.jpg,57و11388
15912.jpg,11و54799
15913.jpg,57و84857
15915.jpg,54و84388
15917.jpg,12و31299
15918.jpg,19و36957
15919.jpg,19و36957
15921.jpg,67و59757
15922.jpg,67و59757
15923.jpg,69و66257
15924.jpg,14و57488
15927.jpg,25و23511
15929.jpg,19و24677
15931.jpg,75و67399
15932.jpg,14و36788
15933.jpg,28و69511
15934.jpg,41و11378
15936.jpg,23و46177
15937.jpg,28و89111
15939.jpg,52و81510
15942.jpg,55و25411
15943.jpg,16و49477
15944.jpg,16و49477
15945.jpg,46و52188
15946.jpg,96و76210
15947.jpg,84و82299
15948.jpg,84و82299
15949.jpg,74و63899
15950.jpg,35و35199
15951.jpg,35و75410
15952.jpg,67و64538
15953.jpg,56و95177
15954.jpg,58و72255
15955.jpg,81و34255
15956.jpg,54و17377
15957.jpg,54و17377
15959.jpg,68و85399
15960.jpg,81و34255
15961.jpg,96و21933
15962.jpg,45و38322
15963.jpg,63و84533
15964.jpg,22و85510
15965.jpg,59و43233
15966.jpg,57و11188
15967.jpg,85و91255
15968.jpg,59و43233
15969.jpg,22و85510
15970.jpg,21و49977
15971.jpg,86و76111
15972.jpg,19و96199
15975.jpg,47و88743
15977.jpg,95و98499
15979.jpg,32و74444
15980.jpg,11و12511
15981.jpg,56و27422
15982.jpg,59و68777
15983.jpg,75و74753
15984.jpg,91و92677
15985.jpg,97و23710
15986.jpg,78و87710
15987.jpg,51و43566
15988.jpg,98و92866
15989.jpg,37و51538
15990.jpg,37و51538
15991.jpg,33و46633
15992.jpg,38و73177
15993.jpg,32و48333
15994.jpg,88و26499
15995.jpg,59و26511
15998.jpg,15و16910
15999.jpg,15و16910
16000.jpg,28و25938
16001.jpg,95و62811
16002.jpg,23و81710
16003.jpg,75و97638
16004.jpg,88و68699
16006.jpg,82و97638
16007.jpg,86و53811
16008.jpg,98و81588
16009.jpg,45و79455
16010.jpg,62و96166
16011.jpg,79و93177
16012.jpg,99و45915
16014.jpg,11و77877
16018.jpg,81و44411
16019.jpg,97و33188
16020.jpg,82و68155
16021.jpg,86و39166
16022.jpg,27و95811
16023.jpg,76و77610
16024.jpg,68و16810
16025.jpg,89و36244
16026.jpg,79و55355
16027.jpg,36و74688
16028.jpg,27و27988
16029.jpg,48و59410
16030.jpg,43و38499
16031.jpg,55و76411
16033.jpg,98و81411
16034.jpg,83و64399
16035.jpg,61ج61399
16036.jpg,35ج23855
16037.jpg,69ج49288
16038.jpg,86ج21755
16039.jpg,58ج81245
16041.jpg,46ج82616
16042.jpg,29ج49610
16043.jpg,95ج56831
16044.jpg,61ج93816
16045.jpg,89ج12916
16046.jpg,23ج73816
16050.jpg,35ج21116
16051.jpg,65ج38838
16052.jpg,76ج62716
16054.jpg,91ج43116
16056.jpg,35ج21116
16057.jpg,16ج59128
16058.jpg,46ج93416
16059.jpg,49ج13216
16061.jpg,88ج48692
16063.jpg,51ج35116
16064.jpg,97ج77812
16065.jpg,85ج21142
16067.jpg,51ج68212
16068.jpg,55ج44912
16069.jpg,46ج96742
16070.jpg,19ج89774
16071.jpg,87ج84412
16073.jpg,52ج17474
16074.jpg,36ج47512
16075.jpg,68ج42142
16078.jpg,62ج33526
16079.jpg,21ج49215
16081.jpg,28ج46949
16082.jpg,86ج31277
16084.jpg,61ج68488
16086.jpg,28ج89196
16087.jpg,31ج84866
16088.jpg,67ج42286
16089.jpg,22ج52778
16091.jpg,42ج83486
16094.jpg,53ج41449
16095.jpg,77ج27655
16096.jpg,88ج27828
16097.jpg,55ج11786
16098.jpg,76ج42268
16099.jpg,82ج15594
16100.jpg,84ج46156
16102.jpg,98ج41456
16103.jpg,42ج66896
16104.jpg,82ج24788
16105.jpg,33ج57688
16106.jpg,24ج28988
16109.jpg,17ج88426
16110.jpg,68ج33999
16111.jpg,76ج26510
16112.jpg,31ج84866
16113.jpg,87ج33438
16114.jpg,66ج47615
16115.jpg,28ج67210
16116.jpg,73ج67333
16117.jpg,72ج89887
16118.jpg,19ج55496
16122.jpg,87ج44319
16123.jpg,15ج71987
16124.jpg,98ج19919
16125.jpg,41ج41419
16126.jpg,82ج65419
16127.jpg,98ج67419
16129.jpg,96ج86120
16130.jpg,26ج45178
16131.jpg,94ج94910
16132.jpg,89ج86425
16133.jpg,89ج73467
16135.jpg,82ج82218
16137.jpg,98ج92367
16138.jpg,32ج43199
16139.jpg,97ج39666
16141.jpg,39ج71911
16142.jpg,86ج61620
16144.jpg,21ج87288
16145.jpg,84ج29313
16147.jpg,12ج64388
16148.jpg,13ج14753
16150.jpg,67ج87643
16151.jpg,95ج25910
16152.jpg,86ج66944
16153.jpg,81ج92867
16154.jpg,27ج83877
16155.jpg,99ج94953
16156.jpg,41ج32188
16157.jpg,98ج86566
16159.jpg,66ج66844
16161.jpg,78ج65211
16162.jpg,11ج14330
16163.jpg,96ج61538
16164.jpg,18ج67920
16166.jpg,97ج42644
16167.jpg,11ج32841
16168.jpg,51ج66316
16169.jpg,56ج35667
16170.jpg,46ج32667
16172.jpg,16ج87867
16173.jpg,92ج78767
16174.jpg,73ج51113
16175.jpg,96ج42267
16176.jpg,39ج13655
16177.jpg,63ج22611
16180.jpg,65ج68611
16181.jpg,53ج69255
16182.jpg,18ج57195
16183.jpg,51ج25514
16184.jpg,95ج84413
16186.jpg,63ج14962
16187.jpg,34ج24566
16188.jpg,25ج34610
16192.jpg,63ج22599
16194.jpg,12ج16477
16197.jpg,94ج91313
16199.jpg,98ج18555
16200.jpg,72ج89122
16201.jpg,59ج34310
16202.jpg,94ج55355
16203.jpg,16ج27738
16205.jpg,37ج61419
16206.jpg,66ج93838
16207.jpg,82ج37920
16208.jpg,48ج98920
16209.jpg,31ج87611
16210.jpg,47ج64566
16211.jpg,88ج54966
16212.jpg,59ج19289
16213.jpg,12ج79377
16214.jpg,93ج47277
16215.jpg,37ج44297
16216.jpg,46ج79668
16218.jpg,21ج92477
16219.jpg,99ج48953
16220.jpg,41ج12988
16221.jpg,71ج44889
16222.jpg,93ج12619
16225.jpg,87ج36655
16226.jpg,12ج79377
16227.jpg,39ج41419
16228.jpg,49ج28177
16229.jpg,75ج51711
16230.jpg,65ج68611
16231.jpg,58ج55122
16233.jpg,75ج84666
16234.jpg,16ج34324
16238.jpg,63ج67155
16239.jpg,82ج57419
16241.jpg,26ج63714
16242.jpg,43ج62622
16244.jpg,95ج41544
16245.jpg,51ج36518
16247.jpg,47ج78877
16248.jpg,38ج17410
16250.jpg,95ج25910
16252.jpg,74ج72277
16253.jpg,57ج95289
16254.jpg,76ج31699
16255.jpg,39ج78520
16256.jpg,47ج75655
16257.jpg,95ج87120
16258.jpg,78ج57744
16259.jpg,46ج53411
16260.jpg,15ج16588
16261.jpg,91ج48688
16262.jpg,56ج46722
16263.jpg,49ج55688
16264.jpg,37ج57177
16265.jpg,88ج76866
16266.jpg,44ج56599
16267.jpg,91ج34633
16269.jpg,64ج78699
16271.jpg,35ج32944
16272.jpg,29ج79444
16274.jpg,86ج39912
16275.jpg,65ج12110
16278.jpg,55ج75920
16279.jpg,65ج94120
16280.jpg,19ج37686
16282.jpg,41ج51266
16284.jpg,78ج59511
16285.jpg,89ج84744
16287.jpg,61ج21866
16288.jpg,51ج49999
16289.jpg,41ج51266
16290.jpg,74ج28278
16291.jpg,93ج39144
16292.jpg,48ج76377
16293.jpg,81ج55877
16294.jpg,24ج37924
16296.jpg,25ج19444
16297.jpg,88ج76866
16298.jpg,52ج29288
16299.jpg,76ج41644
16300.jpg,94ج72966
16301.jpg,27ج54777
16302.jpg,81ج95910
16307.jpg,98ج98720
16308.jpg,59ج35655
16309.jpg,63ج32488
16310.jpg,56ج46722
16311.jpg,23ج54388
16313.jpg,67ج61910
16314.jpg,85ج27620
16315.jpg,29ج66466
16317.jpg,71ج86420
16318.jpg,35ج32944
16319.jpg,49ج49911
16320.jpg,41ج51266
16321.jpg,69ج53844
16322.jpg,16ج33619
16324.jpg,95ج16720
16325.jpg,69ج53844
16326.jpg,16ج76899
16327.jpg,57ج74499
16330.jpg,51ج71299
16331.jpg,55ج93393
16332.jpg,61ج95822
16333.jpg,83ج45956
16335.jpg,18ج94826
16339.jpg,76ج76820
16341.jpg,49ج13163
16342.jpg,13ج28955
16344.jpg,91ج65620
16345.jpg,51ج71299
16347.jpg,34ج18355
16348.jpg,48ج29863
16349.jpg,23ج68555
16351.jpg,86ج77210
16352.jpg,82ج57493
16353.jpg,38ج96755
16354.jpg,44ج48566
16355.jpg,54ج63810
16356.jpg,37ج67788
16357.jpg,31ج95563
16358.jpg,76ج56744
16359.jpg,45ج57620
16360.jpg,48ج87733
16361.jpg,13ج28955
16364.jpg,76ج75320
16365.jpg,91ج27393
16366.jpg,51ج71299
16367.jpg,33ج11763
16369.jpg,72ج52466
16370.jpg,54ج69663
16371.jpg,15ج33413
16372.jpg,61ج91110
16373.jpg,83ج45956
16374.jpg,62ج96744
16375.jpg,84ج57366
16377.jpg,98ج93693
16378.jpg,51ج53663
16379.jpg,79ج75963
16381.jpg,88ج44544
16382.jpg,82ج57766
16383.jpg,45ج57620
16385.jpg,83ج11263
16386.jpg,91ج87866
16388.jpg,76ج23193
16390.jpg,83ج67993
16391.jpg,16ج11467
16392.jpg,72ج81410
16393.jpg,72ج15820
16394.jpg,96ج68833
16395.jpg,61ج32523
16396.jpg,99ج95443
16397.jpg,32ج28877
16399.jpg,83ج98211
16400.jpg,68ج45867
16402.jpg,83ج48133
16404.jpg,17ج61133
16405.jpg,12ج72687
16406.jpg,46ج27620
16408.jpg,59ج95244
16409.jpg,33ج13320
16410.jpg,41ج45899
16412.jpg,75ج45420
16413.jpg,49ج21870
16414.jpg,41ج45899
16415.jpg,69ج29420
16416.jpg,48ج49810
16418.jpg,25ج84720
16419.jpg,76ج78720
16420.jpg,99ج82210
16421.jpg,51ج66316
16422.jpg,13ج93267
16423.jpg,52ج25344
16424.jpg,14ج72191
16426.jpg,75ج84420
16427.jpg,24ج26499
16429.jpg,81ج24788
16430.jpg,28ج14222
16433.jpg,14ج47555
16434.jpg,83ج45956
16436.jpg,74ج69913
16439.jpg,17ج61133
16441.jpg,39ج76921
16442.jpg,39ج23831
16443.jpg,13ج12567
16447.jpg,28ج54633
16449.jpg,12ج72687
16450.jpg,48ج54711
16453.jpg,12ج97620
16454.jpg,26ج46583
16455.jpg,72ج15820
16457.jpg,96ج72923
16458.jpg,27ج31277
16461.jpg,67ج62113
16465.jpg,41ج45899
16466.jpg,97ج43110
16467.jpg,72ج74577
16469.jpg,14ج98377
16470.jpg,25ج69520
16471.jpg,34ج97120
16472.jpg,26ج53833
16473.jpg,29ج63453
16474.jpg,95ج66466
16475.jpg,46ج31910
16476.jpg,99ج11422
16477.jpg,88ج49944
16478.jpg,34ج78777
16479.jpg,51ج16199
16481.jpg,51ج89955
16482.jpg,22ج77667
16483.jpg,96ج22120
16484.jpg,27ج41867
16487.jpg,24ج87957
16488.jpg,48ج88613
16489.jpg,86ج57520
16490.jpg,17ج56155
16491.jpg,18ج45753
16492.jpg,83ج35320
16493.jpg,66ج31247
16494.jpg,63ج32967
16496.jpg,35ج75467
16497.jpg,76ج45631
16500.jpg,87ج37155
16501.jpg,44ج82653
16502.jpg,44ج69967
16503.jpg,36ج86188
16504.jpg,87ج21333
16505.jpg,75ج39277
16506.jpg,27ج41867
16507.jpg,53ج18313
16508.jpg,67ج75167
16509.jpg,71ج39422
16510.jpg,71ج54220
16511.jpg,34ج78777
16512.jpg,42ج62699
16514.jpg,85ج21820
16515.jpg,43ج63733
16516.jpg,37ج33677
16517.jpg,57ج64511
16518.jpg,57ج49610
16519.jpg,82ج86655
16521.jpg,85ج68910
16522.jpg,49ج88699
16526.jpg,35ج44920
16527.jpg,86ج74210
16528.jpg,96ج42199
16529.jpg,77ج87453
16531.jpg,78ج71457
16532.jpg,91ج85888
16533.jpg,51ج16199
16534.jpg,15ج35610
16535.jpg,14ج98377
16536.jpg,14ج51711
16537.jpg,73ج95110
16538.jpg,86ج56399
16539.jpg,91ج36299
16540.jpg,57ج72198
16542.jpg,32ج77410
16543.jpg,93ج76211
16544.jpg,95ج95177
16545.jpg,44ج57998
16546.jpg,41ج25498
16548.jpg,24ج69398
16549.jpg,31ج75529
16550.jpg,33ج25498
16551.jpg,44ج86998
16552.jpg,24ج95429
16553.jpg,65ج81416
16554.jpg,75ج39210
16555.jpg,52ج57198
16556.jpg,21ج46129
16557.jpg,42ج68616
16558.jpg,55ج51398
16559.jpg,95ج77177
16560.jpg,42ج76755
16561.jpg,43ج98610
16563.jpg,19ج61298
16564.jpg,51ج81898
16565.jpg,34ج32698
16566.jpg,34ج43298
16567.jpg,28ج12529
16568.jpg,26ج25616
16569.jpg,68ج26798
16571.jpg,17ج12529
16572.jpg,47ج85816
16574.jpg,75ج53798
16575.jpg,41ج79998
16578.jpg,51ج26698
16582.jpg,57ج52498
16583.jpg,19ج35998
16584.jpg,19ج61298
16585.jpg,86ج56399
16587.jpg,19ج61298
16588.jpg,47ج35198
16589.jpg,62ج79676
16590.jpg,43ج98610
16591.jpg,17ج24429
16592.jpg,49ج52598
16596.jpg,28ج36729
16597.jpg,72ج93633
16599.jpg,26ج31798
16600.jpg,25ج77598
16602.jpg,98ج74688
16603.jpg,36ج78116
16604.jpg,53ج43216
16605.jpg,44ج57998
16606.jpg,67ج59338
16607.jpg,65ج28898
16608.jpg,34ج18998
16609.jpg,16ج75477
16610.jpg,46ج16467
16611.jpg,58ج86416
16612.jpg,81ج35798
16615.jpg,75ج78398
16618.jpg,23ج67198
16619.jpg,55ج69598
16621.jpg,75ج92398
16622.jpg,11ج41198
16623.jpg,32ج12710
16624.jpg,96ج87920
16625.jpg,11ج96698
16627.jpg,74ج43588
16628.jpg,88ج23877
16630.jpg,79ج84963
16631.jpg,45ج76722
16632.jpg,18ج77616
16635.jpg,34ج88177
16637.jpg,53ج22711
16638.jpg,52ج94411
16642.jpg,65ج73311
16645.jpg,69ج45942
16646.jpg,84ج11643
16648.jpg,24ج36420
16649.jpg,78ج79177
16650.jpg,27ج15861
16651.jpg,15ج41328
16652.jpg,91ج71699
16653.jpg,32ج34338
16655.jpg,42ج88110
16657.jpg,42ج88110
16658.jpg,98ج19418
16659.jpg,79ج12257
16660.jpg,93ج36266
16662.jpg,34ج12688
16666.jpg,12ج15649
16667.jpg,19ج39420
16669.jpg,42ج88110
16670.jpg,35ج43762
16671.jpg,45ج36266
16672.jpg,15ج43897
16673.jpg,36ج16320
16674.jpg,43ج95738
16675.jpg,84ج11643
16677.jpg,89ج62716
16678.jpg,56ج13522
16679.jpg,18ج65728
16681.jpg,12ج62792
16682.jpg,73ج58716
16683.jpg,29ج42929
16684.jpg,46ج66966
16685.jpg,59ج62884
16686.jpg,25ج94288
16687.jpg,99ج23611
16688.jpg,56ج77644
16689.jpg,44ج13755
16690.jpg,28ج76110
16691.jpg,44ج13755
16693.jpg,93ج57866
16694.jpg,46ج22120
16695.jpg,47ج62655
16696.jpg,96ج25855
16697.jpg,24ج35936
16698.jpg,42ج89710
16699.jpg,49ج75599
16700.jpg,95ج74688
16701.jpg,91ج49193
16702.jpg,14ج87644
16706.jpg,92ج12430
16707.jpg,31ج91420
16709.jpg,76ج75320
16711.jpg,91ج71367
16713.jpg,12ج64388
16714.jpg,56ج77644
16716.jpg,47ج82544
16717.jpg,21ج26415
16718.jpg,46ج27620
16720.jpg,52ج17399
16721.jpg,86ج76210
16722.jpg,11ج98877
16724.jpg,98ج99655
16725.jpg,65ج83988
16726.jpg,14ج68121
16729.jpg,75ج89242
16730.jpg,88ج31822
16731.jpg,82ج51320
16732.jpg,63ج65177
16733.jpg,72ج66477
16734.jpg,41ج32188
16735.jpg,85ج25633
16736.jpg,18ج56812
16737.jpg,62ج87841
16738.jpg,25ج52677
16739.jpg,44ج13755
16741.jpg,31ج14910
16743.jpg,71ج86266
16746.jpg,49ج65512
16748.jpg,99ج66555
16749.jpg,93ج51836
16750.jpg,76ج54666
16751.jpg,14ج88377
16752.jpg,11ج87112
16753.jpg,62ج34736
16754.jpg,68ج39642
16755.jpg,12ج62455
16756.jpg,69ج46942
16757.jpg,87ج14238
16758.jpg,84ج97644
16759.jpg,91ج94336
16760.jpg,55ج56420
16761.jpg,12ج32712
16764.jpg,61ج35742
16766.jpg,21ج35220
16767.jpg,68ج39642
16768.jpg,18ج29536
16770.jpg,41ج62512
16771.jpg,83ج72222
16772.jpg,41ج54777
16773.jpg,62ج34736
16774.jpg,26ج77936
16775.jpg,35ج87410
16777.jpg,95ج64822
16779.jpg,52ج96442
16780.jpg,21ج78544
16781.jpg,24ج13677
16783.jpg,18ج29536
16784.jpg,56ج83120
16785.jpg,28ج39488
16786.jpg,72ج19220
16787.jpg,72ج76720
16790.jpg,57ج33338
16792.jpg,19ج76610
16793.jpg,35ج18220
16795.jpg,36ج32341
16796.jpg,58ج24220
16798.jpg,24ج53110
16799.jpg,95ج28421
16800.jpg,63ج47188
16802.jpg,12ج36144
16803.jpg,92ج37738
16804.jpg,81ج16220
16805.jpg,19ج67320
16806.jpg,77ج86777
16807.jpg,73ج62820
16808.jpg,53ج82855
16809.jpg,29ج22320
16810.jpg,85ج25344
16811.jpg,97ج92920
16813.jpg,97ج49644
16814.jpg,21ج15974
16815.jpg,17ج95266
16816.jpg,37ج44244
16818.jpg,83ج75420
16819.jpg,68ج31933
16820.jpg,69ج69555
16821.jpg,89ج19299
16822.jpg,76ج69223
16823.jpg,32ج98238
16824.jpg,73ج48588
16827.jpg,37ج44244
16828.jpg,91ج36799
16829.jpg,35ج49288
16830.jpg,99ج12310
16832.jpg,64ج83920
16833.jpg,29ج52588
16834.jpg,84ج66899
16835.jpg,13ج24466
16836.jpg,68ج76877
16837.jpg,69ج99888
16838.jpg,67ج45699
16840.jpg,72ج19220
16841.jpg,98ج94310
16842.jpg,68ج81377
16844.jpg,69ج39920
16845.jpg,15ج56910
16846.jpg,32ج77520
16848.jpg,34ج21799
16849.jpg,91ج45921
16850.jpg,97ج49644
16852.jpg,26ج29410
16853.jpg,22ج18577
16854.jpg,91ج59220
16855.jpg,56ج82720
16856.jpg,45ج91861
16857.jpg,65ج34988
16858.jpg,24ج76320
16859.jpg,17ج83944
16863.jpg,38ج28497
16864.jpg,83ج37455
16865.jpg,74ج43588
16866.jpg,29ج28120
16867.jpg,62ج98867
16868.jpg,73ج46777
16869.jpg,11ج86814
16870.jpg,62ج18941
16871.jpg,74ج43588
16872.jpg,73ج34744
16877.jpg,88ج16524
16879.jpg,98ج93899
16881.jpg,42ج25999
16882.jpg,16ج96366
16883.jpg,99ج76510
16884.jpg,19ج71420
16885.jpg,65ج82477
16886.jpg,32ج88355
16888.jpg,62ج48168
16890.jpg,26ج67568
16892.jpg,59ج98120
16893.jpg,56ج57644
16894.jpg,78ج11110
16895.jpg,97ج29420
16896.jpg,17ج39568
16897.jpg,48ج87468
16898.jpg,19ج76935
16899.jpg,69ج89668
16904.jpg,44ج88521
16906.jpg,97ج94710
16907.jpg,97ج29420
16908.jpg,39ج94655
16909.jpg,89ج14322
16910.jpg,29ج78779
16911.jpg,58ج66344
16914.jpg,76ج42811
16915.jpg,74ج45868
16916.jpg,56ج38652
16917.jpg,47ج62655
16919.jpg,16ج22922
16920.jpg,88ج44668
16921.jpg,55ج92320
16923.jpg,21ج15177
16924.jpg,85ج74610
16925.jpg,17ج83944
16926.jpg,61ج97441
16927.jpg,21ج48268
16928.jpg,21ج48268
16929.jpg,21ج48268
16930.jpg,21ج48268
16931.jpg,18ج37188
16933.jpg,24ج36168
16934.jpg,56ج88944
16935.jpg,21ج48268
16936.jpg,87ج99468
16937.jpg,61ج97441
16938.jpg,97ج79773
16939.jpg,21ج48268
16940.jpg,62ج98867
16941.jpg,62ج18941
16942.jpg,21ج48268
16944.jpg,79ج45868
16945.jpg,12ج56186
16947.jpg,75ج89242
16951.jpg,87ج27412
16955.jpg,15ج61620
16956.jpg,26ج54367
16959.jpg,62ج34736
16960.jpg,32ج55120
16962.jpg,44ج77688
16963.jpg,42ج25999
16964.jpg,42ج25999
16965.jpg,62ج98867
16967.jpg,49ج38314
16969.jpg,84ج92920
16971.jpg,39ج48666
16972.jpg,55ج29366
16973.jpg,64ج22477
16974.jpg,69ج75216
16976.jpg,38ج58377
16977.jpg,77ج37768
16978.jpg,78ج16988
16979.jpg,14ج82110
16980.jpg,48ج75819
16981.jpg,14ج16868
16982.jpg,35ج47799
16983.jpg,29ج52499
16984.jpg,23ج14138
16985.jpg,34ج61411
16986.jpg,72ج45799
16987.jpg,91ج73488
16988.jpg,83ج87899
16991.jpg,69ج16510
16992.jpg,86ج35579
16993.jpg,52ج42310
16994.jpg,34ج17388
16995.jpg,49ج69416
16996.jpg,69ج24688
16997.jpg,94ج36211
16998.jpg,44ج24622
16999.jpg,93ج26784
17002.jpg,85ج74422
17004.jpg,72ج91310
17005.jpg,41ج85244
17006.jpg,51ج87210
17007.jpg,77ج17155
17008.jpg,57ج91620
17009.jpg,11ج59920
17010.jpg,67ج71311
17011.jpg,25ج26410
17013.jpg,89ج54433
17014.jpg,13ج77244
17016.jpg,89ج76111
17017.jpg,28ج93722
17018.jpg,28ج56166
17020.jpg,25ج35844
17021.jpg,31ج47789
17022.jpg,77ج72677
17023.jpg,74ج14611
17024.jpg,37ج19599
17025.jpg,16ج14233
17026.jpg,61ج59622
17027.jpg,98ج19932
17028.jpg,74ج57411
17030.jpg,36ج28621
17031.jpg,73ج33799
17032.jpg,16ج71644
17035.jpg,56ج79420
17037.jpg,64ج85455
17038.jpg,65ج25188
17039.jpg,97ج61910
17042.jpg,47ج72822
17043.jpg,29ج47666
17045.jpg,54ج36610
17046.jpg,89ج17755
17047.jpg,25ج63444
17048.jpg,68ج85477
17049.jpg,57ج11677
17050.jpg,83ج27444
17053.jpg,67ج69120
17054.jpg,94ج61810
17055.jpg,77ج96921
17056.jpg,19ج71487
17057.jpg,74ج77621
17059.jpg,74ج77621
17060.jpg,86ج84616
17061.jpg,69ج53416
17062.jpg,86ج84616
17063.jpg,51ج59557
17064.jpg,51ج59557
17065.jpg,52ج53220
17066.jpg,74ج42257
17067.jpg,69ج52755
17068.jpg,42ج92855
17069.jpg,93ج61547
17070.jpg,77ج46721
17071.jpg,62ج92578
17072.jpg,15ج81977
17073.jpg,21ج66378
17074.jpg,29ج89677
17075.jpg,78ج74978
17076.jpg,78ج74978
17077.jpg,19ج71487
17078.jpg,19ج71487
17080.jpg,54ج55444
17081.jpg,54ج55444
17082.jpg,13ج26521
17085.jpg,96ج38920
17087.jpg,58ج72821
17089.jpg,61ج47221
17090.jpg,61ج47221
17091.jpg,36ج51520
17092.jpg,36ج51520
17093.jpg,28ج89977
17094.jpg,55ج44911
17095.jpg,57ج16788
17096.jpg,71ج41510
17097.jpg,84ج75399
17098.jpg,86ج76210
17099.jpg,83ج45956
17101.jpg,52ج47796
17102.jpg,86ج99121
17104.jpg,51ج93122
17105.jpg,64ج84999
17106.jpg,31ج45544
17107.jpg,81ج33611
17108.jpg,46ج27620
17109.jpg,53ج36337
17111.jpg,52ج11266
17112.jpg,58ج37320
17113.jpg,12ج73310
17114.jpg,12ج73310
17115.jpg,18ج91422
17116.jpg,68ج16810
17117.jpg,68ج16810
17118.jpg,74ج63433
17119.jpg,57ج14310
17120.jpg,23ج97320
17121.jpg,67ج98844
17123.jpg,57ج64810
17124.jpg,26ج53777
17125.jpg,24ج59733
17126.jpg,54ج67588
17127.jpg,44ج58344
17128.jpg,95ج69855
17129.jpg,23ج56211
17130.jpg,46ج33327
17131.jpg,66ج62388
17132.jpg,76ج76866
17133.jpg,11ج47577
17134.jpg,81ج21555
17135.jpg,97ج83455
17136.jpg,72ج34520
17137.jpg,26ج53777
17138.jpg,77ج89991
17140.jpg,34ج91191
17141.jpg,35ج12120
17143.jpg,96ج62867
17144.jpg,79ج63167
17145.jpg,71ج85910
17146.jpg,14ج71788
17147.jpg,19ج16955
17148.jpg,98ج62388
17150.jpg,49ج59562
17151.jpg,68ج98266
17152.jpg,29ج44766
17153.jpg,67ج87288
17154.jpg,25ج45820
17156.jpg,18ج99333
17157.jpg,69ج37691
17158.jpg,64ج78891
17159.jpg,64ج83991
17161.jpg,29ج94631
17165.jpg,13ج12379
17166.jpg,65ج86967
17168.jpg,78ج34977
17172.jpg,21ج35620
17173.jpg,19ج27199
17174.jpg,63ج32499
17175.jpg,73ج47870
17176.jpg,42ج58699
17177.jpg,95ج51710
17178.jpg,61ج18266
17179.jpg,54ج65466
17180.jpg,54ج65466
17181.jpg,72ج23223
17182.jpg,72ج23233
17183.jpg,79ج81910
17184.jpg,45ج76255
17185.jpg,38ج18610
17187.jpg,52ج63561
17188.jpg,54ج67311
17190.jpg,51ج21311
17191.jpg,37ج68299
17192.jpg,36ج94729
17193.jpg,79ج12921
17194.jpg,57ج21520
17195.jpg,65ج21720
17196.jpg,62ج12377
17197.jpg,41ج26710
17198.jpg,37ج59789
17202.jpg,62ج43418
17203.jpg,57ج44720
17204.jpg,47ج59416
17205.jpg,89ج65963
17207.jpg,45ج37416
17208.jpg,92ج57516
17209.jpg,89ج19216
17210.jpg,47ج37816
17211.jpg,17ج12377
17212.jpg,64ج36816
17213.jpg,45ج22416
17214.jpg,49ج66955
17216.jpg,87ج79622
17217.jpg,97ج46310
17218.jpg,38ج47716
17220.jpg,57ج81788
17222.jpg,76ج12416
17223.jpg,41ج64416
17225.jpg,59ج22816
17226.jpg,32ج13638
17227.jpg,79ج52288
17228.jpg,69ج66216
17229.jpg,31ج64282
17230.jpg,43ج79716
17231.jpg,31ج79620
17232.jpg,21ج27416
17233.jpg,21ج27416
17235.jpg,52ج28516
17237.jpg,66ج57216
17238.jpg,62ج99816
17239.jpg,63ج96716
17240.jpg,22ج89416
17242.jpg,93ج55922
17243.jpg,28ج44516
17244.jpg,94ج76953
17245.jpg,58ج43716
17246.jpg,58ج29816
17247.jpg,81ج49820
17249.jpg,95ج39716
17251.jpg,84ج34716
17252.jpg,85ج77116
17253.jpg,45ج91418
17254.jpg,42ج13618
17255.jpg,28ج94918
17256.jpg,15ج66118
17257.jpg,78ج78918
17258.jpg,35ج31318
17259.jpg,74ج62818
17260.jpg,13ج74418
17261.jpg,52ج68118
17262.jpg,74ج95418
17263.jpg,77ج53818
17264.jpg,86ج16218
17265.jpg,78ج21518
17266.jpg,45ج95547
17268.jpg,77ج43618
17269.jpg,24ج51818
17274.jpg,28ج91718
17275.jpg,24ج95718
17276.jpg,71ج13818
17277.jpg,41ج39361
17279.jpg,89ج41518
17281.jpg,82ج11128
17282.jpg,23ج31118
17284.jpg,22ج93818
17285.jpg,63ج41797
17287.jpg,99ج92328
17288.jpg,52ج65928
17289.jpg,19ج33118
17291.jpg,98ج19318
17293.jpg,54ج19818
17294.jpg,25ج17318
17295.jpg,35ج89418
17297.jpg,98ج58518
17299.jpg,32ج64518
17300.jpg,42ج28118
17301.jpg,14ج14488
17302.jpg,14ج61318
17303.jpg,91ج68118
17304.jpg,86ج11818
17305.jpg,81ج82451
17306.jpg,49ج79818
17308.jpg,95ج62918
17309.jpg,26ج65818
17310.jpg,39ج64218
17311.jpg,32ج16161
17312.jpg,91ج66518
17314.jpg,49ج93518
17316.jpg,97ج96631
17317.jpg,28ج37418
17319.jpg,89ج56918
17320.jpg,26ج35218
17322.jpg,85ج84618
17323.jpg,74ج74318
17324.jpg,37ج75118
17326.jpg,81ج56118
17327.jpg,76ج31718
17328.jpg,19ج59977
17329.jpg,61ج93779
17331.jpg,92ج41818
17332.jpg,95ج32788
17333.jpg,31ج17710
17334.jpg,42ج62718
17336.jpg,71ج22518
17337.jpg,29ج42318
17339.jpg,96ج83866
17340.jpg,26ج69418
17341.jpg,42ج62718
17342.jpg,42ج68118
17343.jpg,16ج32818
17345.jpg,14ج16718
17346.jpg,73ج51918
17347.jpg,28ج91418
17349.jpg,73ج88718
17350.jpg,64ج49518
17351.jpg,43ج37718
17353.jpg,43ج37718
17354.jpg,42ج62718
17355.jpg,14ج16718
17356.jpg,33ج46810
17357.jpg,33ج46810
17358.jpg,46ج18579
17359.jpg,72ج48177
17360.jpg,52ج24628
17361.jpg,67ج62720
17362.jpg,14ج42855
17363.jpg,57ج11999
17365.jpg,78ج68770
17366.jpg,31ج47789
17367.jpg,75ج91320
17368.jpg,71ج78911
17370.jpg,38ج74466
17371.jpg,17ج48966
17372.jpg,72ج35620
17373.jpg,83ب93255
17375.jpg,82ب21644
17378.jpg,47ب58320
17379.jpg,98ب62444
17380.jpg,53ب25289
17381.jpg,16ب54955
17382.jpg,11ب25455
17384.jpg,62ب21311
17385.jpg,71ب83744
17387.jpg,42ب14657
17388.jpg,33ب88416
17389.jpg,63ب87157
17390.jpg,54ب54216
17391.jpg,28ب17816
17394.jpg,55ب62916
17395.jpg,16ب64857
17397.jpg,54ب94457
17398.jpg,77ب19757
17400.jpg,19ب88616
17401.jpg,68ب38816
17403.jpg,81ب32816
17405.jpg,58ب12316
17406.jpg,34ب13336
17407.jpg,13ب29852
17408.jpg,16ب75236
17409.jpg,21ب12512
17410.jpg,26ب45972
17411.jpg,31ب63274
17412.jpg,35ب86636
17414.jpg,57ب95374
17416.jpg,27ب32312
17417.jpg,52ب11912
17418.jpg,61ب33974
17420.jpg,82ب48374
17421.jpg,14ب59612
17422.jpg,37ب22674
17423.jpg,12ب67612
17424.jpg,24ب68612
17425.jpg,39ب24742
17428.jpg,52ب18238
17429.jpg,79ب56838
17432.jpg,22ب98797
17433.jpg,26ب39278
17434.jpg,11ب46566
17435.jpg,89ب55886
17436.jpg,28ب92496
17437.jpg,54ب77621
17438.jpg,55ب22168
17440.jpg,79ب83321
17441.jpg,83ب65146
17442.jpg,66ب71179
17443.jpg,29ب28296
17444.jpg,44ب77438
17445.jpg,86ب91368
17446.jpg,89ب92879
17448.jpg,53ب22159
17450.jpg,26ب75738
17451.jpg,95ب92199
17452.jpg,76ب96338
17453.jpg,11ب59789
17454.jpg,51ب31797
17456.jpg,92ب86437
17457.jpg,91ب85677
17458.jpg,41ب21697
17459.jpg,17ب12677
17460.jpg,62ب43761
17461.jpg,69ب87996
17462.jpg,67ب66310
17463.jpg,62ب52996
17466.jpg,27ب14638
17467.jpg,25ب59868
17468.jpg,22ب79896
17469.jpg,36ب53491
17471.jpg,28ب92496
17473.jpg,65ب78238
17475.jpg,16ب58479
17476.jpg,53ب22159
17477.jpg,62ب78628
17478.jpg,89ب87529
17480.jpg,74ب97819
17481.jpg,84ب82620
17482.jpg,97ب58729
17483.jpg,84ب82630
17484.jpg,12ب47513
17485.jpg,76ب48421
17486.jpg,55ب51867
17487.jpg,29ب15867
17488.jpg,22ب63153
17489.jpg,94ب34411
17490.jpg,12ب46510
17492.jpg,35ب73167
17493.jpg,59ب63366
17495.jpg,42ب42699
17496.jpg,17ب81566
17497.jpg,74ب89367
17498.jpg,83ب56667
17499.jpg,17ب84393
17500.jpg,13ب47444
17501.jpg,16ب91453
17502.jpg,89ب81610
17503.jpg,15ب79813
17504.jpg,77ب39113
17505.jpg,25ب64813
17506.jpg,88ب66866
17507.jpg,49ب21877
17508.jpg,36ب65377
17509.jpg,91ب27813
17510.jpg,88ب53913
17512.jpg,51ب43467
17513.jpg,96ب99853
17514.jpg,22ب56667
17517.jpg,57ب58613
17518.jpg,41ب98222
17519.jpg,72ب57955
17520.jpg,29ب26110
17521.jpg,78ب66467
17522.jpg,41ب67911
17524.jpg,34ب58667
17525.jpg,66ب98420
17526.jpg,83ب56667
17528.jpg,14ب83453
17529.jpg,54ب51543
17530.jpg,19ب86338
17531.jpg,17ب99320
17532.jpg,51ب86553
17533.jpg,45ب74953
17535.jpg,39ب86167
17537.jpg,95ب41713
17538.jpg,41ب49613
17539.jpg,44ب37316
17540.jpg,25ب93167
17542.jpg,41ب43713
17543.jpg,11ب29513
17544.jpg,91ب81319
17546.jpg,67ب68520
17547.jpg,84ب12410
17551.jpg,93ب58755
17552.jpg,84ب72320
17554.jpg,97ب42999
17555.jpg,58ب87177
17556.jpg,71ب61677
17558.jpg,77ب25633
17560.jpg,46ب43719
17562.jpg,38ب29699
17565.jpg,67ب28144
17566.jpg,78ب28110
17568.jpg,15ب37119
17569.jpg,51ب46355
17570.jpg,99ب81388
17571.jpg,81ب27528
17572.jpg,29ب86855
17573.jpg,27ب24168
17574.jpg,27ب71144
17575.jpg,36ب73322
17576.jpg,27ب62533
17577.jpg,27ب71144
17578.jpg,89ب66111
17580.jpg,31ب67451
17582.jpg,42ب96319
17583.jpg,43ب54920
17584.jpg,71ب25141
17586.jpg,95ب68810
17587.jpg,14ب85838
17588.jpg,11ب25855
17589.jpg,51ب89510
17590.jpg,82ب62255
17591.jpg,45ب63316
17592.jpg,14ب57510
17593.jpg,21ب63866
17594.jpg,46ب61610
17595.jpg,27ب71144
17596.jpg,89ب81610
17597.jpg,96ب56120
17598.jpg,25ب75619
17600.jpg,95ب87620
17601.jpg,76ب46677
17602.jpg,28ب98811
17603.jpg,53ب91411
17604.jpg,18ب71263
17605.jpg,51ب88699
17606.jpg,86ب96633
17607.jpg,37ب99620
17608.jpg,25ب58611
17609.jpg,73ب54263
17611.jpg,46ب46520
17613.jpg,51ب88710
17614.jpg,48ب28579
17615.jpg,69ب58855
17616.jpg,58ب28511
17617.jpg,44ب67677
17619.jpg,76ب49744
17621.jpg,95ب77355
17622.jpg,97ب55210
17623.jpg,48ب28579
17625.jpg,44ب79177
17626.jpg,31ب83388
17627.jpg,89ب36220
17628.jpg,63ب51644
17629.jpg,52ب17910
17630.jpg,97ب17111
17632.jpg,65ب88377
17633.jpg,43ب64344
17634.jpg,96ب12120
17636.jpg,45ب43863
17637.jpg,54ب48911
17638.jpg,28ب26488
17641.jpg,53ب28810
17642.jpg,22ب12633
17643.jpg,82ب12499
17644.jpg,47ب57529
17645.jpg,58ب28511
17646.jpg,79ب24899
17648.jpg,95ب72493
17651.jpg,45ب83311
17652.jpg,35ب79148
17654.jpg,71ب92224
17655.jpg,64ب48633
17656.jpg,53ب35593
17657.jpg,61ب95673
17660.jpg,61ب77893
17662.jpg,62ب82963
17663.jpg,43ب73693
17664.jpg,82ب89693
17665.jpg,84ب61693
17666.jpg,95ب72493
17667.jpg,67ب69783
17668.jpg,92ب56510
17669.jpg,14ب34963
17670.jpg,84ب61693
17671.jpg,96ب27849
17672.jpg,79ب28763
17673.jpg,73ب79883
17674.jpg,93ب28310
17675.jpg,22ب81575
17676.jpg,46ب24110
17678.jpg,83ب18820
17679.jpg,75ب72493
17680.jpg,63ب51563
17681.jpg,65ب68173
17683.jpg,74ب18963
17684.jpg,95ب42873
17685.jpg,91ب94755
17686.jpg,17ب26810
17687.jpg,74ب32599
17688.jpg,35ب74288
17689.jpg,33ب89844
17690.jpg,74ب46955
17691.jpg,96ب92273
17692.jpg,62ب45773
17694.jpg,54ب67777
17695.jpg,15ب45593
17696.jpg,56ب77293
17697.jpg,68ب65849
17699.jpg,96ب16388
17700.jpg,97ب11267
17701.jpg,87ب27721
17702.jpg,17ب83381
17703.jpg,91ب79178
17705.jpg,83ب24466
17706.jpg,17ب77977
17707.jpg,16ب84866
17708.jpg,69ب58666
17710.jpg,15ب24677
17711.jpg,23ب53184
17712.jpg,26ب62913
17713.jpg,22ب72353
17714.jpg,61ب69710
17715.jpg,58ب77353
17716.jpg,65ب12354
17717.jpg,68ب45438
17718.jpg,89ب44767
17719.jpg,81ب83667
17720.jpg,51ب78366
17722.jpg,34ب78110
17723.jpg,62ب52633
17724.jpg,17ب29655
17725.jpg,19ب57638
17727.jpg,88ب15784
17728.jpg,17ب77977
17731.jpg,26ب51688
17732.jpg,78ب77867
17733.jpg,45ب72666
17735.jpg,79ب84366
17736.jpg,48ب94267
17738.jpg,46ب37220
17739.jpg,65ب31767
17740.jpg,66ب21355
17741.jpg,56ب54955
17742.jpg,99ب13388
17743.jpg,31ب86766
17746.jpg,15ب24677
17747.jpg,35ب36599
17748.jpg,14ب26467
17749.jpg,97ب76311
17751.jpg,67ب76321
17752.jpg,38ب86967
17754.jpg,26ب15855
17755.jpg,44ب16966
17758.jpg,17ب28777
17759.jpg,95ب68844
17760.jpg,51ب66920
17761.jpg,78ب33749
17762.jpg,19ب28420
17763.jpg,87ب28210
17764.jpg,63ب17111
17767.jpg,91ب11528
17768.jpg,45ب48312
17769.jpg,88ب91553
17770.jpg,99ب75678
17771.jpg,94ب87210
17773.jpg,33ب81267
17774.jpg,38ب98399
17775.jpg,57ب32344
17778.jpg,53ب42553
17779.jpg,87ب41955
17780.jpg,63ب79999
17781.jpg,55ب78711
17782.jpg,26ب25266
17783.jpg,73ب64710
17784.jpg,83ب67310
17785.jpg,98ب49966
17786.jpg,15ب79813
17787.jpg,71ب15644
17788.jpg,95ب76810
17789.jpg,98ب65777
17790.jpg,58ب72768
17791.jpg,48ب95211
17792.jpg,53ب51410
17793.jpg,79ب75210
17794.jpg,19ب24971
17798.jpg,25ب64813
17799.jpg,85ب48466
17800.jpg,56ب19310
17801.jpg,87ب64644
17802.jpg,98ب42688
17803.jpg,26ب84110
17804.jpg,48ب14966
17806.jpg,57ب82755
17808.jpg,96ب18720
17809.jpg,66ب69944
17810.jpg,12ب53320
17811.jpg,53ب31311
17812.jpg,17ب68810
17813.jpg,13ب65766
17814.jpg,51ب61855
17815.jpg,99ب42466
17816.jpg,14ب38210
17817.jpg,53ب52866
17818.jpg,62ب26788
17820.jpg,39ب55510
17821.jpg,78ب72913
17822.jpg,51ب33566
17824.jpg,38ب86699
17825.jpg,14ب39977
17826.jpg,32ب86231
17827.jpg,19ب24971
17828.jpg,69ب88211
17829.jpg,23ب34920
17830.jpg,68ب32466
17832.jpg,88ب29133
17833.jpg,37ب81864
17834.jpg,19ب55498
17835.jpg,73ب77198
17837.jpg,25ب77398
17838.jpg,83ب26729
17839.jpg,62ب79510
17840.jpg,63ب65716
17843.jpg,54ب26498
17844.jpg,59ب18198
17846.jpg,37ب31213
17847.jpg,47ب23898
17848.jpg,51ب38698
17849.jpg,34ب72898
17851.jpg,81ب52198
17853.jpg,98ب98198
17854.jpg,87ب77510
17855.jpg,45ب24555
17857.jpg,79ب36398
17858.jpg,58ب75898
17859.jpg,64ب69848
17860.jpg,48ب85498
17864.jpg,11ب54716
17865.jpg,53ب91788
17866.jpg,87ب77510
17868.jpg,18ب98155
17870.jpg,55ب26216
17872.jpg,37ب66329
17873.jpg,51ب42198
17875.jpg,13ب64798
17876.jpg,64ب78633
17877.jpg,48ب11116
17878.jpg,73ب13698
17879.jpg,18ب98319
17880.jpg,25ب86857
17881.jpg,42ب38798
17882.jpg,25ب12299
17884.jpg,13ب94198
17885.jpg,98ب84420
17887.jpg,94ب33998
17888.jpg,97ب82498
17890.jpg,86ب78698
17891.jpg,56ب87999
17892.jpg,62ب98777
17893.jpg,83ب63398
17894.jpg,76ب66216
17895.jpg,84ب34298
17896.jpg,91ب89999
17897.jpg,51ب42198
17898.jpg,81ب46298
17899.jpg,68ب26598
17900.jpg,72ب65898
17901.jpg,54ب59898
17902.jpg,98ب48998
17903.jpg,99ب29298
17904.jpg,42ب38798
17905.jpg,82ب44298
17906.jpg,83ب32120
17907.jpg,38ب91716
17908.jpg,79ب66247
17910.jpg,63ب81993
17911.jpg,49ب34844
17912.jpg,38ب91511
17914.jpg,12ب24820
17915.jpg,13ب18393
17916.jpg,46ب37763
17917.jpg,63ب81993
17918.jpg,64ب79422
17919.jpg,59ب83256
17920.jpg,42ب58258
17922.jpg,55ب13923
17923.jpg,35ب54783
17924.jpg,94ب92624
17925.jpg,63ب81993
17926.jpg,89ب28567
17927.jpg,45ب25977
17928.jpg,59ب51220
17929.jpg,95ب66367
17930.jpg,94ب92624
17931.jpg,29ب58917
17932.jpg,98ب82820
17933.jpg,42ب58258
17934.jpg,23ب91644
17935.jpg,94ب92624
17936.jpg,79ب41877
17938.jpg,93ب37447
17939.jpg,91ب91510
17940.jpg,67ب74220
17941.jpg,63ب81993
17942.jpg,96ب56431
17943.jpg,49ب34844
17944.jpg,37ب78699
17945.jpg,73ب17289
17946.jpg,69ب73636
17947.jpg,35ب54783
17950.jpg,15ب95693
17951.jpg,29ب77263
17952.jpg,46ب45338
17953.jpg,61ب19547
17954.jpg,42ب58258
17955.jpg,12ب24820
17956.jpg,21ب76578
17957.jpg,31ب74247
17958.jpg,35ب54783
17959.jpg,63ب81993
17961.jpg,95ب66367
17963.jpg,32ب55793
17964.jpg,31ب95293
17965.jpg,18ب62243
17966.jpg,45ب42616
17967.jpg,29ب58917
17969.jpg,83ب36566
17970.jpg,99ب54955
17972.jpg,31ب74247
17974.jpg,22ب98593
17975.jpg,22ب98593
17976.jpg,39ب11577
17977.jpg,95ب86231
17978.jpg,13ب18393
17979.jpg,49ب17789
17981.jpg,59ب51220
17983.jpg,65ب51744
17984.jpg,24ب23644
17986.jpg,69ب49299
17987.jpg,23ب47766
17988.jpg,28ب16474
17989.jpg,31ب75420
17990.jpg,41ب89268
17991.jpg,15ب44820
17992.jpg,67ب89520
17993.jpg,54ب79177
17994.jpg,75ب43628
17995.jpg,52ب48420
17996.jpg,42ب55838
17997.jpg,15ب35144
17998.jpg,75ب43628
17999.jpg,98ب92357
18000.jpg,73ب94644
18002.jpg,75ب43628
18004.jpg,23ب91644
18006.jpg,52ب61977
18008.jpg,27ب83555
18009.jpg,75ب43628
18010.jpg,97ب67488
18011.jpg,13ب98899
18012.jpg,98ب78155
18017.jpg,92ب88114
18018.jpg,52ب38373
18019.jpg,41ب18774
18020.jpg,99ب85922
18021.jpg,52ب49588
18022.jpg,61ب27810
18023.jpg,22ب57520
18025.jpg,56ب54644
18028.jpg,91ب19220
18029.jpg,75ب43628
18030.jpg,16ب17910
18031.jpg,29ب81210
18032.jpg,73ب25620
18033.jpg,41ب76674
18035.jpg,39ب99232
18038.jpg,41ب44799
18039.jpg,75ب43628
18040.jpg,52ب28399
18042.jpg,14ب76455
18043.jpg,34ب87133
18045.jpg,88ب37374
18046.jpg,55ب45912
18049.jpg,84ب51136
18050.jpg,49ب28574
18051.jpg,97ب13636
18052.jpg,84ب58710
18053.jpg,96ب87485
18054.jpg,93ب37126
18055.jpg,91ب65820
18056.jpg,68ب26236
18057.jpg,61ب11774
18058.jpg,43ب99877
18059.jpg,88ب64274
18060.jpg,37ب14674
18061.jpg,98ب57555
18064.jpg,19ب86274
18065.jpg,32ب48944
18066.jpg,93ب16536
18067.jpg,29ب82436
18068.jpg,88ب97674
18069.jpg,73ب18212
18070.jpg,88ب37374
18071.jpg,15ب88310
18075.jpg,59ب88874
18078.jpg,51ب11242
18081.jpg,56ب42512
18082.jpg,41ب76674
18085.jpg,39ب19336
18086.jpg,55ب45912
18087.jpg,26ب92988
18088.jpg,81ب29874
18089.jpg,31ب86712
18091.jpg,19ب58910
18092.jpg,96ب97332
18095.jpg,88ب64274
18097.jpg,91ب84774
18101.jpg,94ب48920
18102.jpg,42ب47711
18104.jpg,44ب15642
18110.jpg,46ب61620
18113.jpg,35ب44244
18114.jpg,82ب15974
18116.jpg,54ب91774
18117.jpg,64ب54299
18118.jpg,31ب58410
18121.jpg,91ب34921
18126.jpg,28ب83720
18127.jpg,23ب22420
18128.jpg,36ب13222
18129.jpg,48ب66910
18130.jpg,63ب24920
18131.jpg,58ب41320
18132.jpg,94ب59825
18133.jpg,18ب54755
18134.jpg,17ب82622
18136.jpg,22ب25978
18137.jpg,11ب56910
18138.jpg,76ب58677
18139.jpg,91ب39433
18143.jpg,48ب66910
18144.jpg,92ب35481
18147.jpg,93ب61255
18148.jpg,95ب88110
18149.jpg,71ب56820
18151.jpg,54ب12225
18152.jpg,53ب18666
18154.jpg,67ب44355
18155.jpg,54ب82799
18156.jpg,56ب91420
18157.jpg,12ب67677
18158.jpg,75ب67533
18159.jpg,66ب39777
18161.jpg,76ب36288
18163.jpg,94ب78956
18164.jpg,73ب49699
18165.jpg,54ب75920
18166.jpg,57ب35352
18167.jpg,71ب32588
18168.jpg,59ب73420
18169.jpg,53ب78210
18171.jpg,29ب14320
18172.jpg,95ب56410
18173.jpg,42ب83688
18174.jpg,93ب99399
18175.jpg,24ب83320
18176.jpg,24ب23644
18178.jpg,24ب53620
18179.jpg,24ب35466
18180.jpg,41ب62499
18181.jpg,79ب29338
18182.jpg,91ب14344
18184.jpg,78ب79510
18185.jpg,25ب71599
18187.jpg,63ب54820
18189.jpg,48ب97143
18191.jpg,12ب36171
18193.jpg,12ب55616
18194.jpg,53ب45488
18195.jpg,79ب31610
18196.jpg,31ب63620
18198.jpg,37ب75238
18199.jpg,11ب27838
18200.jpg,72ب37920
18201.jpg,68ب83868
18202.jpg,32ب59110
18203.jpg,27ب95877
18204.jpg,33ب24168
18207.jpg,23ب52138
18208.jpg,83ب31738
18210.jpg,59ب76277
18212.jpg,74ب57866
18214.jpg,79ب55441
18215.jpg,96ب45677
18217.jpg,34ب46238
18220.jpg,74ب58438
18223.jpg,41ب57768
18224.jpg,37ب91533
18229.jpg,33ب43918
18230.jpg,37ب32368
18231.jpg,94ب29520
18232.jpg,98ب13838
18233.jpg,55ب87655
18234.jpg,12ب94438
18235.jpg,49ب15938
18237.jpg,55ب14610
18239.jpg,18ب91568
18241.jpg,11ب52538
18243.jpg,93ب88114
18244.jpg,97ب89633
18245.jpg,93ب88114
18247.jpg,47ب15253
18249.jpg,76ب36944
18251.jpg,25ب68768
18252.jpg,91ب14344
18253.jpg,12ب36171
18254.jpg,83ب19144
18255.jpg,38ب77538
18256.jpg,91ب14344
18258.jpg,63ب54820
18260.jpg,74ب69933
18262.jpg,81ب85677
18263.jpg,54ب18910
18265.jpg,55ب45912
18273.jpg,14ب82977
18275.jpg,27ب73133
18277.jpg,21ب43799
18278.jpg,76ب73920
18280.jpg,73ب89866
18281.jpg,19ب28577
18286.jpg,16ب43977
18287.jpg,87ب37221
18288.jpg,74ب81616
18289.jpg,49ب24921
18290.jpg,45ب59911
18291.jpg,85ب56799
18292.jpg,63ب86255
18293.jpg,49ب24921
18294.jpg,92ب12956
18295.jpg,14ب66377
18297.jpg,29ب92677
18298.jpg,32ب43288
18299.jpg,42ب73378
18300.jpg,11ب44468
18302.jpg,62ب43688
18303.jpg,44ب67299
18304.jpg,81ب28211
18305.jpg,14ب85210
18306.jpg,59ب32777
18308.jpg,97ب16156
18309.jpg,36ب65288
18311.jpg,88ب23488
18313.jpg,15ب47956
18314.jpg,11ب44468
18315.jpg,23ب69688
18316.jpg,93ب76497
18317.jpg,52ب66411
18318.jpg,61ب66910
18320.jpg,22ب94372
18321.jpg,37ب16910
18322.jpg,83ب96477
18323.jpg,94ب22556
18324.jpg,31ب47256
18325.jpg,92ب46220
18326.jpg,97ب11466
18327.jpg,81ب54711
18329.jpg,45ب68577
18330.jpg,39ب85310
18331.jpg,79ب84366
18332.jpg,42ب43766
18334.jpg,35ب57311
18335.jpg,76ب97920
18336.jpg,21ب89110
18337.jpg,15ب54488
18338.jpg,34ب45920
18339.jpg,82ب82266
18340.jpg,75ب37920
18341.jpg,94ب45922
18342.jpg,37ب42320
18343.jpg,92ب25120
18344.jpg,29ب15110
18345.jpg,35ب37699
18346.jpg,42ب25688
18349.jpg,61ب72122
18350.jpg,39ب51388
18351.jpg,91ب21410
18352.jpg,52ب99911
18354.jpg,58ب78877
18355.jpg,52ب26566
18356.jpg,24ب66788
18358.jpg,53ب33655
18359.jpg,88ب16510
18360.jpg,33ب98855
18362.jpg,51ب82411
18363.jpg,49ب44577
18365.jpg,74ب85910
18366.jpg,68ب12688
18367.jpg,92ب96420
18368.jpg,58ب96988
18369.jpg,26ب27791
18370.jpg,26ب43920
18373.jpg,77ب86223
18374.jpg,94ب45421
18375.jpg,25ب21616
18376.jpg,57ب46377
18378.jpg,16ب57621
18379.jpg,78ب34120
18380.jpg,45ب46657
18381.jpg,48ب16253
18382.jpg,48ب16253
18385.jpg,85ب68757
18386.jpg,94ب45421
18387.jpg,19ب27978
18389.jpg,85ب43357
18390.jpg,12ب76316
18391.jpg,12ب76316
18392.jpg,43ب21757
18395.jpg,53ب37941
18396.jpg,12ب76316
18397.jpg,12ب76316
18398.jpg,86ب23978
18399.jpg,47ب84544
18400.jpg,42ب53510
18401.jpg,54ب19244
18402.jpg,15ب32766
18403.jpg,17ب28777
18404.jpg,96ب43210
18408.jpg,54ب19244
18410.jpg,21ب29177
18412.jpg,77ب85310
18414.jpg,69ب76611
18415.jpg,69ب76611
18416.jpg,85ب23520
18417.jpg,85ب23520
18418.jpg,84ب57666
18419.jpg,88ب72721
18420.jpg,88ب88310
18422.jpg,83ب75666
18423.jpg,39ب25244
18424.jpg,92ب52220
18425.jpg,48ب32620
18426.jpg,16ب74311
18427.jpg,67ب16288
18428.jpg,72ب39420
18429.jpg,67ب16288
18430.jpg,69ب34999
18431.jpg,98ب91311
18432.jpg,89ب94822
18433.jpg,98ب62444
18435.jpg,35ب15810
18436.jpg,31ب47620
18437.jpg,92ب13944
18438.jpg,63ب42988
18440.jpg,58ب22599
18441.jpg,21ب54210
18442.jpg,46ب22588
18443.jpg,87ب79188
18444.jpg,81ب66444
18446.jpg,87ب79188
18447.jpg,66ب57120
18448.jpg,44ب78844
18449.jpg,11ب27733
18453.jpg,98ب18810
18454.jpg,28ب14820
18455.jpg,67ب94199
18456.jpg,91ب84420
18457.jpg,84ب13222
18458.jpg,69ب11755
18459.jpg,57ب83899
18460.jpg,43ب61410
18462.jpg,68ب62291
18463.jpg,33ب54779
18465.jpg,19ب84833
18466.jpg,84ب17644
18467.jpg,63ب44766
18468.jpg,64ب38911
18469.jpg,59ب75147
18470.jpg,65ب28533
18471.jpg,59ب75220
18472.jpg,12ب63733
18473.jpg,12ب12510
18474.jpg,38ب96396
18475.jpg,86ب64679
18477.jpg,54ب53491
18479.jpg,45ب54279
18480.jpg,43ب61591
18481.jpg,33ب37922
18482.jpg,53ب31711
18484.jpg,15ب62855
18485.jpg,81ب29241
18486.jpg,82ب62710
18487.jpg,59ب45511
18490.jpg,32ب18822
18492.jpg,47ب47644
18493.jpg,88ب54638
18494.jpg,16ب51520
18495.jpg,82ب31644
18496.jpg,49ب92911
18498.jpg,91ب47510
18499.jpg,99ب46238
18500.jpg,55ب64720
18501.jpg,65ب35316
18502.jpg,86ب64816
18503.jpg,86ب64816
18504.jpg,52ب74916
18505.jpg,96ب37716
18506.jpg,83ب15416
18507.jpg,24ب42716
18509.jpg,35ب66116
18511.jpg,12ب18599
18512.jpg,78ب71116
18513.jpg,18ب28716
18514.jpg,59ب84816
18516.jpg,79ب77816
18517.jpg,59ب32216
18519.jpg,74ب44916
18520.jpg,57ب73916
18521.jpg,71ب42116
18522.jpg,37ب57416
18523.jpg,69ب47316
18524.jpg,91ب71816
18526.jpg,45ب87616
18527.jpg,66ب99599
18529.jpg,86ب86416
18531.jpg,15ب57166
18533.jpg,98ب12616
18534.jpg,41ب29716
18535.jpg,97ب59216
18536.jpg,38ب12810
18538.jpg,26ب39116
18539.jpg,88ب41216
18540.jpg,35ب31966
18542.jpg,93ب77416
18543.jpg,69ب47910
18549.jpg,83ب26318
18550.jpg,83ب42518
18552.jpg,74ب92128
18553.jpg,59ب24918
18554.jpg,11ب84231
18555.jpg,15ب81718
18557.jpg,76ب79818
18558.jpg,34ب78718
18559.jpg,58ب94318
18560.jpg,56ب61218
18561.jpg,29ب15520
18563.jpg,29ب73818
18564.jpg,12ب47118
18565.jpg,87ب39418
18566.jpg,57ب25418
18567.jpg,34ب78718
18569.jpg,85ب77218
18571.jpg,67ب85918
18572.jpg,71ب62118
18573.jpg,36ب54418
18574.jpg,38ب84418
18575.jpg,47ب39918
18578.jpg,44ب91218
18579.jpg,34ب98118
18581.jpg,64ب95518
18582.jpg,72ب87918
18583.jpg,48ب62518
18584.jpg,19ب82551
18585.jpg,59ب35418
18586.jpg,24ب46618
18587.jpg,82ب19818
18589.jpg,93ب78929
18590.jpg,17ب22118
18592.jpg,63ب33618
18594.jpg,63ب15818
18595.jpg,77ب51718
18597.jpg,17ب72118
18598.jpg,68ب31699
18600.jpg,46ب54888
18601.jpg,76ب95218
18602.jpg,22ب88318
18603.jpg,13ب68318
18604.jpg,15ب58318
18605.jpg,67ب64918
18606.jpg,93ب23118
18607.jpg,11ب92818
18608.jpg,95ب95618
18609.jpg,59ب24518
18610.jpg,32ب14518
18611.jpg,74ب96318
18612.jpg,24ب68418
18613.jpg,29ب73818
18614.jpg,41ب83418
18615.jpg,57ب29718
18616.jpg,85ب89118
18617.jpg,15ب35818
18618.jpg,26ب68818
18619.jpg,49ب35228
18620.jpg,98ب37918
18622.jpg,69ب72318
18623.jpg,76ب92218
18624.jpg,76ب92218
18625.jpg,36ب68218
18626.jpg,22ب69518
18627.jpg,36ب68218
18628.jpg,82ب79518
18629.jpg,67ب64218
18630.jpg,97ب19418
18631.jpg,18ب22218
18632.jpg,13ب48547
18633.jpg,62ب98218
18634.jpg,77ب37418
18635.jpg,97ب19418
18636.jpg,62ب98218
18638.jpg,15ب34677
18640.jpg,26ب75466
18641.jpg,25ب71977
18642.jpg,79ب15788
18644.jpg,44ب61916
18648.jpg,52ب72966
18649.jpg,17ب41110
18651.jpg,21ب85520
18652.jpg,28ب17655
18653.jpg,91ب94420
18654.jpg,45ب12799
18657.jpg,97ب76311
18659.jpg,73م31199
18661.jpg,32م71538
18663.jpg,98م19510
18664.jpg,72م64544
18665.jpg,55م32899
18666.jpg,65م92810
18667.jpg,47م16155
18668.jpg,99م79116
18669.jpg,19م38216
18670.jpg,89م54516
18671.jpg,21م96416
18673.jpg,82م26716
18674.jpg,66م93910
18675.jpg,16م89916
18676.jpg,16م89216
18678.jpg,27م46316
18679.jpg,77م46745
18680.jpg,48م76416
18681.jpg,62م62716
18682.jpg,49م76716
18683.jpg,25م36716
18684.jpg,14م47616
18685.jpg,66م76916
18686.jpg,56م54493
18687.jpg,59م33916
18690.jpg,41م75616
18691.jpg,18م67716
18692.jpg,43م45116
18693.jpg,56م48916
18694.jpg,57م96812
18695.jpg,78م24874
18696.jpg,21م61674
18697.jpg,71م18574
18698.jpg,96م48674
18699.jpg,39م73712
18700.jpg,65م95912
18701.jpg,68م51874
18703.jpg,87م85612
18704.jpg,15م71312
18705.jpg,86م19374
18706.jpg,41م21112
18707.jpg,98م54812
18709.jpg,86م96674
18710.jpg,72م14712
18711.jpg,75م35312
18712.jpg,13م42212
18713.jpg,77م67212
18715.jpg,47م89232
18716.jpg,99م25732
18717.jpg,34م75212
18718.jpg,99م28374
18719.jpg,54م52778
18720.jpg,89م47168
18721.jpg,21م57138
18722.jpg,87م68838
18723.jpg,12م48861
18725.jpg,54م51710
18726.jpg,32م15510
18727.jpg,28م86866
18728.jpg,78م68536
18729.jpg,14م64435
18730.jpg,46م25721
18731.jpg,71م29472
18733.jpg,26م82469
18734.jpg,31م38438
18736.jpg,93م75768
18737.jpg,77م69624
18738.jpg,68م17935
18739.jpg,59م26336
18742.jpg,25م79188
18743.jpg,28م86866
18745.jpg,43م18138
18746.jpg,79م95268
18747.jpg,14م98352
18748.jpg,62م37226
18749.jpg,62م66315
18750.jpg,47م19236
18752.jpg,94م47338
18755.jpg,78م53321
18756.jpg,65م41763
18757.jpg,59م97729
18758.jpg,79م91719
18759.jpg,89م25519
18760.jpg,37م52329
18761.jpg,72م88619
18762.jpg,87م11619
18764.jpg,42م61319
18766.jpg,53م73277
18768.jpg,88م37446
18769.jpg,39م14110
18770.jpg,72م41255
18771.jpg,88م63678
18772.jpg,85م58813
18773.jpg,46م91168
18776.jpg,62م83477
18777.jpg,92م64522
18778.jpg,69م96413
18779.jpg,25م95653
18780.jpg,46م95566
18781.jpg,29م48811
18783.jpg,17م23910
18784.jpg,92م91113
18785.jpg,38م67553
18786.jpg,76م89313
18787.jpg,52م86913
18788.jpg,94م91122
18789.jpg,53م86179
18790.jpg,33م19394
18791.jpg,63م98719
18792.jpg,47م37153
18793.jpg,76م79555
18794.jpg,37م29877
18795.jpg,67م24822
18796.jpg,85م58812
18798.jpg,47م92133
18799.jpg,55م16513
18800.jpg,68م73853
18801.jpg,91م68466
18802.jpg,91م64788
18803.jpg,32م94813
18804.jpg,58م62811
18805.jpg,28م77944
18806.jpg,71م72188
18807.jpg,91م88238
18808.jpg,43م41744
18809.jpg,81م92422
18810.jpg,13م24499
18811.jpg,93م93313
18812.jpg,47م99999
18813.jpg,19م32719
18814.jpg,19م32719
18816.jpg,22م22119
18817.jpg,25م95653
18818.jpg,59م94122
18821.jpg,26م96944
18822.jpg,97م65678
18824.jpg,25م45766
18825.jpg,15م43366
18827.jpg,16م85919
18828.jpg,75م39388
18829.jpg,47م54319
18830.jpg,12م84399
18831.jpg,63م32188
18832.jpg,41م88810
18833.jpg,93م42599
18835.jpg,79م56638
18836.jpg,22م84488
18838.jpg,81م54344
18839.jpg,11م24877
18840.jpg,44م38829
18842.jpg,81م61588
18843.jpg,55م75319
18844.jpg,24م92629
18845.jpg,63م27833
18846.jpg,19م23838
18847.jpg,11م49299
18849.jpg,79م57899
18852.jpg,58م94899
18853.jpg,71م77810
18854.jpg,31م75366
18856.jpg,15م87866
18857.jpg,37م58633
18858.jpg,33م13119
18859.jpg,85م25333
18860.jpg,15م79529
18861.jpg,36م69829
18864.jpg,16م53822
18865.jpg,59م82638
18866.jpg,95م74744
18867.jpg,62م92210
18869.jpg,74م93635
18870.jpg,22م84488
18871.jpg,29م37155
18873.jpg,83م67810
18875.jpg,25م99688
18876.jpg,41م88810
18877.jpg,29م31999
18878.jpg,48م67929
18880.jpg,13م22199
18881.jpg,48م72778
18882.jpg,31م12810
18883.jpg,34م89110
18884.jpg,54م65611
18885.jpg,91م78166
18887.jpg,35م73999
18888.jpg,98م65444
18889.jpg,38م44755
18891.jpg,28م69877
18892.jpg,87م47211
18894.jpg,57م86466
18895.jpg,52م79688
18896.jpg,43م15844
18897.jpg,13م55310
18898.jpg,28م69877
18899.jpg,79م51610
18900.jpg,61م41999
18901.jpg,28م88410
18902.jpg,87م47211
18903.jpg,96م25310
18904.jpg,58م63744
18905.jpg,12م74122
18907.jpg,29م36111
18908.jpg,44م12322
18909.jpg,15م75244
18910.jpg,79م51610
18911.jpg,61م41999
18912.jpg,28م44755
18913.jpg,55م61944
18914.jpg,74م34727
18915.jpg,35م73999
18916.jpg,37م74544
18918.jpg,82م62710
18919.jpg,52م33222
18920.jpg,65م84622
18921.jpg,53م97188
18922.jpg,74م34921
18923.jpg,43م15844
18924.jpg,26م74488
18925.jpg,77م17644
18926.jpg,43م15844
18927.jpg,39م31410
18928.jpg,72م88444
18930.jpg,39م52999
18931.jpg,44م12322
18932.jpg,34م95329
18933.jpg,53م72888
18934.jpg,15م75244
18935.jpg,34م87919
18936.jpg,82م62810
18937.jpg,17م81888
18938.jpg,54م34922
18939.jpg,51م67210
18940.jpg,64م79455
18941.jpg,74م22977
18942.jpg,92م91163
18944.jpg,37م92593
18945.jpg,12م23399
18946.jpg,49م51793
18947.jpg,99م45463
18950.jpg,87م99577
18951.jpg,42م97544
18952.jpg,32م77310
18953.jpg,84م56555
18954.jpg,46م72293
18955.jpg,64م91773
18956.jpg,99م89844
18958.jpg,81م75455
18960.jpg,94م99793
18961.jpg,86م14210
18963.jpg,51م27993
18966.jpg,27م47593
18967.jpg,64م81466
18968.jpg,94م99793
18969.jpg,97م26793
18971.jpg,18م41663
18973.jpg,59م27366
18974.jpg,41م28463
18975.jpg,25م23193
18976.jpg,87م99577
18978.jpg,48م73893
18979.jpg,42م42511
18980.jpg,61م43693
18981.jpg,56م58622
18982.jpg,49م21166
18983.jpg,78م61188
18984.jpg,23م52163
18985.jpg,22م16393
18986.jpg,89م36988
18987.jpg,24م27266
18988.jpg,29م84499
18990.jpg,95م99199
18991.jpg,63م56888
18992.jpg,13م55223
18993.jpg,22م14693
18994.jpg,19م99566
18996.jpg,98م73763
18997.jpg,93م41988
18998.jpg,57م18411
18999.jpg,89م95263
19001.jpg,24م26910
19002.jpg,78م94693
19004.jpg,84م62788
19005.jpg,48م73893
19008.jpg,34م17944
19009.jpg,17م26493
19011.jpg,86م32611
19013.jpg,71م55610
19014.jpg,19م18853
19015.jpg,57م17778
19017.jpg,84م94221
19019.jpg,73م61544
19020.jpg,84م96566
19021.jpg,94م95411
19022.jpg,74م68443
19023.jpg,61م88411
19024.jpg,73م61544
19025.jpg,38م91988
19026.jpg,52م26353
19027.jpg,99م77188
19028.jpg,81م69188
19030.jpg,47م43653
19031.jpg,17م69366
19033.jpg,73م61544
19035.jpg,33م29411
19036.jpg,32م43453
19037.jpg,72م64544
19040.jpg,24م77711
19041.jpg,73م61544
19042.jpg,48م27477
19044.jpg,17م69366
19046.jpg,11م25677
19047.jpg,81م82911
19048.jpg,34م65410
19049.jpg,72م18510
19050.jpg,67م98713
19051.jpg,61م88411
19052.jpg,31م11699
19053.jpg,74م47477
19056.jpg,97م14499
19057.jpg,18م81188
19058.jpg,72م58677
19059.jpg,34م82821
19060.jpg,86م92666
19061.jpg,47م18155
19063.jpg,33م37777
19064.jpg,46م25955
19065.jpg,88م51855
19066.jpg,62م95111
19067.jpg,62م83477
19068.jpg,19م18853
19069.jpg,72م58677
19070.jpg,73م47510
19071.jpg,17م89433
19073.jpg,59م78210
19074.jpg,61م96213
19076.jpg,96م56877
19079.jpg,88م75899
19080.jpg,26م59522
19081.jpg,68م81977
19082.jpg,79م37310
19083.jpg,26م17366
19084.jpg,33م12936
19086.jpg,15م26999
19087.jpg,46م42533
19088.jpg,55م87716
19089.jpg,34م27133
19090.jpg,26م59533
19092.jpg,22م68266
19093.jpg,24م76213
19095.jpg,62م44911
19096.jpg,36م31399
19097.jpg,33م42788
19099.jpg,76م62355
19101.jpg,94م69613
19103.jpg,16م38633
19105.jpg,74م19853
19107.jpg,27م86699
19108.jpg,31م65855
19110.jpg,95م18633
19113.jpg,27م35233
19114.jpg,14م14933
19115.jpg,94م23578
19117.jpg,23م91911
19118.jpg,69م88710
19119.jpg,99م82411
19120.jpg,12م73944
19121.jpg,46م24310
19122.jpg,94م54666
19123.jpg,15م81777
19124.jpg,69م78410
19125.jpg,69م14310
19127.jpg,18م93398
19128.jpg,89م96866
19129.jpg,17م55216
19130.jpg,25م95398
19131.jpg,27م54198
19135.jpg,21م25298
19136.jpg,24م82598
19137.jpg,24م93298
19138.jpg,31م91498
19139.jpg,35م29324
19141.jpg,29م47398
19142.jpg,17م51398
19143.jpg,14م94598
19144.jpg,29م75398
19145.jpg,19م37699
19146.jpg,23م51198
19148.jpg,23م77898
19149.jpg,32م18298
19150.jpg,13م65298
19152.jpg,19م27516
19153.jpg,18م61198
19154.jpg,29م42498
19156.jpg,29م75498
19158.jpg,18م53998
19160.jpg,18م29498
19162.jpg,28م38698
19163.jpg,29م38898
19164.jpg,32م19398
19165.jpg,26م47598
19166.jpg,25م62798
19167.jpg,13م19198
19168.jpg,23م79998
19170.jpg,16م55998
19171.jpg,28م33498
19172.jpg,25م52798
19173.jpg,19م55998
19174.jpg,42م94116
19175.jpg,14م97698
19176.jpg,21م92298
19177.jpg,17م96198
19179.jpg,29م93698
19180.jpg,17م88698
19184.jpg,25م49298
19187.jpg,18م68898
19188.jpg,29م16498
19190.jpg,23م49998
19191.jpg,16م62198
19193.jpg,31م39598
19194.jpg,27م64598
19195.jpg,23م26198
19196.jpg,26م92298
19197.jpg,16م49698
19198.jpg,15م15498
19200.jpg,32م59516
19201.jpg,26م58598
19202.jpg,18م84398
19204.jpg,11م53298
19206.jpg,13م46798
19207.jpg,19م38598
19208.jpg,11م24298
19211.jpg,22م74198
19212.jpg,63م72610
19213.jpg,31م41198
19214.jpg,26م54398
19216.jpg,28م24398
19217.jpg,14م86919
19218.jpg,17م29898
19219.jpg,31م57298
19220.jpg,17م17898
19221.jpg,19م62698
19222.jpg,23م16198
19223.jpg,25م51698
19224.jpg,26م18698
19225.jpg,28م92398
19227.jpg,61م84616
19228.jpg,17م69398
19229.jpg,32م64898
19230.jpg,62م43688
19233.jpg,17م63998
19234.jpg,74م42133
19235.jpg,28م86498
19238.jpg,21م37798
19240.jpg,28م36498
19241.jpg,23م22998
19242.jpg,28م66998
19244.jpg,27م42998
19245.jpg,48م21516
19246.jpg,32م43198
19247.jpg,26م16298
19248.jpg,16م66498
19249.jpg,14م18498
19250.jpg,32م67198
19251.jpg,21م61998
19253.jpg,17م91398
19255.jpg,19م99798
19257.jpg,28م69198
19258.jpg,28م17698
19259.jpg,26م35933
19261.jpg,21م29598
19262.jpg,29م99798
19265.jpg,27م91298
19266.jpg,26م44298
19267.jpg,12م36898
19268.jpg,88م86888
19269.jpg,35م42599
19271.jpg,31م44298
19272.jpg,21م35198
19273.jpg,27م67198
19274.jpg,17م89998
19275.jpg,24م96998
19276.jpg,29م92498
19277.jpg,43م18166
19278.jpg,23م78698
19279.jpg,29م51498
19281.jpg,17م29898
19282.jpg,55م37616
19283.jpg,21م96298
19284.jpg,31م44798
19285.jpg,25م18598
19286.jpg,52م13116
19287.jpg,21م83998
19288.jpg,15م65598
19289.jpg,29م11498
19290.jpg,23م51498
19291.jpg,12م36898
19293.jpg,24م87198
19294.jpg,29م39798
19295.jpg,21م27298
19296.jpg,17م79898
19297.jpg,38م64255
19299.jpg,21م16398
19300.jpg,52م46511
19301.jpg,21م65998
19303.jpg,86م65721
19304.jpg,14م88398
19305.jpg,26م52298
19308.jpg,21م28198
19309.jpg,32م33798
19310.jpg,57م95816
19311.jpg,16م31798
19313.jpg,26م92298
19314.jpg,57م95816
19315.jpg,28م11898
19316.jpg,21م92298
19317.jpg,29م86798
19318.jpg,27م75298
19320.jpg,31م57598
19322.jpg,25م89498
19323.jpg,32م11398
19324.jpg,22م31598
19325.jpg,33م76216
19326.jpg,22م67298
19328.jpg,13م86198
19329.jpg,25م99598
19330.jpg,26م87798
19331.jpg,26م75198
19332.jpg,29م33998
19333.jpg,26م22498
19334.jpg,29م76298
19335.jpg,17م91398
19337.jpg,17م22516
19338.jpg,66م49217
19339.jpg,37م66253
19342.jpg,41م95153
19343.jpg,89م42635
19345.jpg,71م37417
19346.jpg,97م35899
19347.jpg,19م27278
19348.jpg,28م67588
19349.jpg,59م14719
19351.jpg,38م39663
19352.jpg,97م35899
19353.jpg,87م42417
19354.jpg,28م76616
19355.jpg,82م96838
19356.jpg,89م42635
19357.jpg,86م57311
19358.jpg,89م53178
19359.jpg,82م39278
19360.jpg,15م96726
19362.jpg,12م58917
19364.jpg,59م14719
19365.jpg,37م66253
19367.jpg,28م76616
19369.jpg,14م56116
19370.jpg,64م15677
19371.jpg,22م98616
19372.jpg,68م55435
19373.jpg,18م73283
19376.jpg,61م12319
19377.jpg,32م56663
19379.jpg,25م87716
19380.jpg,62م37219
19381.jpg,91م68563
19383.jpg,25م69616
19387.jpg,58م24177
19388.jpg,95م41510
19391.jpg,66م71922
19392.jpg,68م89682
19393.jpg,17م87122
19395.jpg,25م86910
19396.jpg,35م52644
19397.jpg,16م22938
19398.jpg,44م99844
19399.jpg,44م99844
19401.jpg,98م64310
19402.jpg,96م42110
19403.jpg,82م33433
19405.jpg,43م88477
19407.jpg,76م99710
19409.jpg,89م51755
19410.jpg,75م81922
19411.jpg,52م85811
19414.jpg,46م43810
19415.jpg,93م87788
19416.jpg,89م36988
19419.jpg,15م93355
19421.jpg,16م44768
19422.jpg,68م25711
19423.jpg,59م75968
19424.jpg,98م27555
19425.jpg,58م68778
19426.jpg,61م38241
19427.jpg,61م38241
19428.jpg,96م45299
19430.jpg,37م79312
19431.jpg,56م68555
19432.jpg,96م45299
19433.jpg,61م38241
19434.jpg,48م61699
19436.jpg,89م57610
19437.jpg,84م33555
19438.jpg,92م73932
19439.jpg,61م38241
19440.jpg,45م29410
19441.jpg,56م57512
19442.jpg,61م38241
19443.jpg,96م78332
19444.jpg,34م46942
19445.jpg,74م41699
19446.jpg,96م14110
19448.jpg,96م78332
19449.jpg,23م82212
19451.jpg,19م15755
19452.jpg,46م99112
19453.jpg,24م32322
19454.jpg,44م65744
19455.jpg,61م38241
19456.jpg,76م64583
19458.jpg,11م16836
19460.jpg,32م89342
19461.jpg,66م28788
19462.jpg,68م91466
19463.jpg,93م41910
19464.jpg,16م54555
19465.jpg,38م24710
19467.jpg,73م97411
19469.jpg,59م69599
19470.jpg,75م33699
19472.jpg,65م27366
19474.jpg,91م42166
19475.jpg,91م13710
19477.jpg,12م46410
19478.jpg,11م16199
19479.jpg,26م67466
19480.jpg,61م12399
19481.jpg,83م52733
19482.jpg,95م52641
19483.jpg,39م75910
19484.jpg,28م62210
19485.jpg,42م76410
19486.jpg,39م67199
19487.jpg,52م76877
19488.jpg,21م21388
19489.jpg,88م94278
19490.jpg,83م67278
19491.jpg,78م14899
19492.jpg,22م43644
19493.jpg,22م52144
19494.jpg,16م61844
19495.jpg,69م92182
19496.jpg,47م58621
19497.jpg,22م88710
19498.jpg,22م95799
19499.jpg,26م37922
19500.jpg,73م96113
19501.jpg,99م27766
19502.jpg,22م61455
19503.jpg,86م44478
19504.jpg,73م74255
19505.jpg,46م19719
19506.jpg,12م29910
19507.jpg,59م14582
19508.jpg,87م26666
19509.jpg,36م21155
19510.jpg,85م28155
19511.jpg,16م74510
19512.jpg,17م69366
19514.jpg,22م23210
19516.jpg,31م68310
19517.jpg,71م91922
19518.jpg,14م58378
19519.jpg,36م71678
19520.jpg,11م16199
19521.jpg,31م77188
19522.jpg,19م11966
19523.jpg,15م33122
19524.jpg,85م52921
19526.jpg,11م48577
19527.jpg,32م66522
19528.jpg,66م18568
19529.jpg,46م56124
19530.jpg,78م89424
19532.jpg,37م42424
19534.jpg,31م95714
19535.jpg,76م26824
19536.jpg,56م49424
19537.jpg,21م81114
19538.jpg,83م95224
19540.jpg,28م36424
19541.jpg,64م87124
19542.jpg,99م62411
19543.jpg,47م72199
19544.jpg,63م11824
19545.jpg,38م77910
19546.jpg,72م36411
19548.jpg,22م55124
19549.jpg,46م56124
19550.jpg,66م14924
19551.jpg,85م62977
19552.jpg,28م36424
19553.jpg,56م49424
19554.jpg,21م81114
19557.jpg,26م14924
19558.jpg,79م43524
19559.jpg,19م45899
19560.jpg,66م67624
19562.jpg,63م11824
19563.jpg,67م26588
19564.jpg,31م96855
19566.jpg,64م87124
19569.jpg,84م48124
19571.jpg,21م73324
19573.jpg,34م89624
19575.jpg,66م84524
19576.jpg,69م65523
19577.jpg,78م35714
19578.jpg,64م43938
19579.jpg,84م98888
19580.jpg,96م38538
19581.jpg,15م64422
19582.jpg,21م92629
19583.jpg,77م79468
19584.jpg,89م91538
19585.jpg,88م43611
19586.jpg,81م39155
19587.jpg,78م35724
19589.jpg,81م39155
19590.jpg,52م11938
19591.jpg,95م61438
19592.jpg,23م21138
19593.jpg,33م53238
19594.jpg,25م29538
19596.jpg,49م13133
19597.jpg,97م94677
19599.jpg,66م21277
19601.jpg,15م14638
19602.jpg,29م59568
19603.jpg,79م22788
19604.jpg,48م81611
19605.jpg,81م44538
19606.jpg,17م88916
19608.jpg,23م57838
19609.jpg,23م57838
19610.jpg,31م14211
19611.jpg,35م19799
19612.jpg,23م54944
19613.jpg,59م69468
19615.jpg,17م24568
19617.jpg,24م82955
19618.jpg,41م73429
19619.jpg,27م65138
19620.jpg,82م59999
19621.jpg,91م24368
19622.jpg,83م29938
19623.jpg,24م54468
19624.jpg,79م96155
19625.jpg,62م62411
19626.jpg,14م14838
19627.jpg,91م24368
19628.jpg,56م52838
19629.jpg,64م29410
19630.jpg,28م54768
19631.jpg,16م46888
19632.jpg,41م33168
19633.jpg,82م26299
19634.jpg,54م17710
19635.jpg,55م46868
19636.jpg,12م31138
19637.jpg,26م21555
19638.jpg,71م88366
19639.jpg,84م75255
19640.jpg,66م62938
19641.jpg,81م66533
19642.jpg,21م79635
19645.jpg,66م14924
19646.jpg,46م56124
19649.jpg,81م39538
19650.jpg,56م46488
19651.jpg,68م22324
19653.jpg,19م21668
19654.jpg,79م25299
19655.jpg,64م87124
19656.jpg,85م16955
19657.jpg,46م56124
19658.jpg,77م57777
19659.jpg,83م95224
19660.jpg,36م36424
19661.jpg,64م87124
19662.jpg,79م25299
19663.jpg,81م96824
19664.jpg,79م43524
19665.jpg,85م58744
19666.jpg,13م17938
19667.jpg,21م81114
19671.jpg,44م47524
19672.jpg,76م47644
19674.jpg,63م83524
19675.jpg,66م84524
19676.jpg,63م83524
19677.jpg,92م44138
19679.jpg,56م49424
19680.jpg,28م36424
19683.jpg,84م48124
19684.jpg,59م97168
19685.jpg,58م44916
19686.jpg,16م77855
19689.jpg,94م59588
19690.jpg,42م56721
19692.jpg,34م89624
19693.jpg,34م89624
19695.jpg,35م84924
19696.jpg,61م38241
19699.jpg,72م39910
19700.jpg,37م79312
19702.jpg,31م95714
19704.jpg,46م52522
19705.jpg,83م95224
19706.jpg,31م95714
19708.jpg,81م39155
19709.jpg,32م11338
19710.jpg,21م73324
19711.jpg,61م39455
19713.jpg,76م17199
19716.jpg,15م17877
19717.jpg,66م67624
19718.jpg,18م34877
19719.jpg,97م34766
19720.jpg,85م41277
19721.jpg,98م16422
19722.jpg,89م69366
19723.jpg,55م84266
19724.jpg,62م86566
19725.jpg,91م76299
19726.jpg,79م22978
19727.jpg,77م81899
19728.jpg,53م89268
19729.jpg,89م81110
19730.jpg,57م41710
19732.jpg,69م85238
19733.jpg,38م71344
19737.jpg,61م87277
19738.jpg,72م49299
19740.jpg,82م78388
19743.jpg,12م15111
19744.jpg,61م16310
19745.jpg,44م52999
19747.jpg,82م17288
19748.jpg,61م92768
19751.jpg,16م79278
19757.jpg,39م94666
19759.jpg,89م48244
19760.jpg,61م39766
19761.jpg,71م63311
19762.jpg,89م99411
19763.jpg,61م12344
19765.jpg,98م55122
19766.jpg,84م83644
19768.jpg,34م14855
19769.jpg,62م77677
19770.jpg,87م33777
19771.jpg,79م37299
19773.jpg,22م57766
19774.jpg,99م79766
19775.jpg,42م59133
19776.jpg,26م22222
19780.jpg,72م71555
19781.jpg,18م51577
19782.jpg,14م57733
19783.jpg,33م32810
19785.jpg,26م18833
19786.jpg,59م52377
19787.jpg,35م12166
19788.jpg,82م58966
19789.jpg,32م38388
19790.jpg,45م48288
19793.jpg,99م73288
19794.jpg,21م79378
19795.jpg,43م94853
19796.jpg,52م64944
19798.jpg,74م11744
19799.jpg,27م61868
19801.jpg,84م74178
19802.jpg,26م19216
19803.jpg,85م35978
19806.jpg,22م91244
19807.jpg,22م91244
19808.jpg,96م79288
19809.jpg,96م79288
19813.jpg,27م18978
19814.jpg,79م32710
19818.jpg,63م83878
19819.jpg,94م31278
19820.jpg,52م52410
19821.jpg,42م89711
19823.jpg,52م52410
19824.jpg,12م38541
19825.jpg,54م49933
19826.jpg,54م49933
19830.jpg,44م73988
19831.jpg,53م92977
19833.jpg,17م42444
19834.jpg,61م88411
19836.jpg,13م88141
19838.jpg,51م53711
19839.jpg,89م91841
19840.jpg,41م22110
19841.jpg,69م65921
19842.jpg,69م65921
19844.jpg,38م87699
19846.jpg,67م87678
19847.jpg,68م32344
19849.jpg,88م25822
19850.jpg,55م15332
19851.jpg,75م95344
19852.jpg,55م15332
19853.jpg,98م83255
19854.jpg,61م53988
19855.jpg,79م38510
19856.jpg,28م81510
19858.jpg,17م59266
19859.jpg,52م37266
19860.jpg,25م79710
19861.jpg,96م15577
19863.jpg,41م71299
19864.jpg,46م88779
19865.jpg,25م77788
19866.jpg,75م74310
19867.jpg,51م35910
19868.jpg,64م52910
19870.jpg,26م81899
19871.jpg,83م64910
19872.jpg,55م65755
19873.jpg,91م39710
19874.jpg,11م48577
19875.jpg,86م56182
19876.jpg,28م11777
19877.jpg,34م16421
19878.jpg,28م11777
19879.jpg,61م61413
19880.jpg,83م87243
19881.jpg,82م84656
19882.jpg,41م33399
19883.jpg,17م67411
19884.jpg,46م31519
19885.jpg,96م94477
19886.jpg,17م15422
19887.jpg,44م77799
19888.jpg,23م97888
19889.jpg,82م56388
19890.jpg,33م95877
19891.jpg,62م39744
19892.jpg,96م45210
19895.jpg,59م13238
19896.jpg,95م53441
19898.jpg,21م32919
19899.jpg,38م44877
19901.jpg,38م88699
19902.jpg,21م17616
19903.jpg,34م76716
19904.jpg,49م53916
19908.jpg,34م78616
19910.jpg,11م76654
19911.jpg,88م24399
19912.jpg,59م59516
19913.jpg,63م25522
19914.jpg,48م14416
19915.jpg,55م35716
19916.jpg,34م76716
19917.jpg,65م58816
19918.jpg,17م77616
19920.jpg,36م24116
19921.jpg,21م93116
19923.jpg,41م33116
19924.jpg,63م87516
19925.jpg,61م33488
19926.jpg,56م88116
19927.jpg,42م53516
19928.jpg,61م33488
19930.jpg,46م65616
19931.jpg,15م18816
19933.jpg,43م85216
19934.jpg,21م71516
19937.jpg,48م49822
19938.jpg,76م37610
19940.jpg,88م52911
19941.jpg,41م93616
19942.jpg,45م39322
19943.jpg,16م96777
19944.jpg,25م94316
19946.jpg,58م36616
19948.jpg,25م65919
19949.jpg,61م39116
19950.jpg,33م31216
19951.jpg,36م29516
19952.jpg,71م53866
19953.jpg,31م79316
19954.jpg,71م53866
19955.jpg,34م78516
19956.jpg,34م78516
19958.jpg,36م34616
19960.jpg,15م89616
19961.jpg,39م77715
19962.jpg,85م27766
19963.jpg,83م69313
19964.jpg,87م91166
19968.jpg,81م95855
19969.jpg,57م86622
19970.jpg,57م22866
19971.jpg,25م65919
19972.jpg,86م76341
19973.jpg,72م64544
19974.jpg,62م25666
19975.jpg,12م16810
19976.jpg,59م45944
19977.jpg,87م97211
19978.jpg,87م94244
19979.jpg,52م29522
19981.jpg,92م67622
19982.jpg,18م22211
19983.jpg,24م26588
19984.jpg,87م15863
19986.jpg,24م27633
19987.jpg,94م97966
19988.jpg,73م31199
19991.jpg,59ق97488
19992.jpg,15ق97111
19995.jpg,29ق57710
19997.jpg,97ق31816
19998.jpg,51ق77216
20000.jpg,84ق31516
20001.jpg,36ق96916
20002.jpg,99ق52616
20003.jpg,84ق23116
20006.jpg,98ق85619
20008.jpg,82ق48416
20011.jpg,79ق66516
20012.jpg,84ق41430
20014.jpg,68ق83316
20015.jpg,26ق68516
20017.jpg,67ق54916
20018.jpg,23ق17916
20019.jpg,65ق14916
20020.jpg,11ق76616
20021.jpg,71ق87166
20022.jpg,85ق76630
20023.jpg,39ق23847
20024.jpg,81ق73274
20025.jpg,94ق32842
20027.jpg,64ق24374
20028.jpg,87ق82274
20029.jpg,47ق99742
20030.jpg,76ق23374
20031.jpg,89ق98812
20032.jpg,96ق57142
20033.jpg,79ق32274
20036.jpg,13ق67574
20037.jpg,43ق95242
20038.jpg,47ق68742
20039.jpg,49ق94912
20040.jpg,81ق74942
20041.jpg,41ق34342
20043.jpg,65ق19822
20044.jpg,84ق66242
20045.jpg,35ق24542
20046.jpg,95ق96474
20049.jpg,15ق14726
20050.jpg,33ق58925
20051.jpg,25ق24468
20052.jpg,15ق86944
20055.jpg,77ق55166
20056.jpg,49ق94429
20059.jpg,44ق77953
20060.jpg,48ق79517
20061.jpg,88ق95649
20062.jpg,29ق78691
20063.jpg,25ق61646
20064.jpg,39ق51599
20066.jpg,53ق63356
20067.jpg,15ق25768
20068.jpg,61ق18557
20069.jpg,17ق31968
20070.jpg,63ق32288
20071.jpg,39ق51599
20073.jpg,26ق28268
20074.jpg,92ق17766
20075.jpg,32ق92653
20076.jpg,73ق28868
20077.jpg,57ق34288
20078.jpg,62ق97668
20079.jpg,69ق91142
20080.jpg,12ق97116
20081.jpg,44ق89646
20082.jpg,87ق87833
20083.jpg,52ق59910
20084.jpg,12ق52384
20086.jpg,43ق83719
20087.jpg,43ق83719
20088.jpg,11ق94119
20090.jpg,41ق26819
20093.jpg,38ق95619
20094.jpg,92ق31916
20095.jpg,69ق91419
20096.jpg,72ق31916
20097.jpg,76ق55173
20098.jpg,96ق66913
20100.jpg,84ق96413
20103.jpg,49ق39573
20104.jpg,92ق12553
20105.jpg,26ق59677
20106.jpg,92ق12553
20107.jpg,22ق66743
20110.jpg,66ق72310
20111.jpg,34ق86810
20112.jpg,88ق62144
20114.jpg,63ق86533
20115.jpg,84ق72466
20118.jpg,38ق28913
20119.jpg,42ق36588
20121.jpg,92ق29410
20122.jpg,52ق64411
20123.jpg,86ق63553
20124.jpg,49ق39573
20125.jpg,89ق24665
20126.jpg,77ق17966
20127.jpg,67ق59110
20129.jpg,22ق91523
20130.jpg,92ق12553
20133.jpg,55ق19810
20135.jpg,65ق83888
20136.jpg,62ق55888
20137.jpg,48ق31499
20139.jpg,45ق97968
20142.jpg,98ق48299
20144.jpg,35ق62944
20147.jpg,55ق36153
20149.jpg,94ق42268
20152.jpg,79ق65599
20153.jpg,93ق59154
20156.jpg,31ق11499
20160.jpg,37ق74877
20161.jpg,91ق42899
20162.jpg,44ق28229
20163.jpg,15ق12629
20164.jpg,25ق81629
20165.jpg,29ق54729
20166.jpg,39ق68929
20167.jpg,37ق21739
20170.jpg,26ق39229
20172.jpg,48ق16729
20173.jpg,93ق26210
20174.jpg,53ق34329
20175.jpg,31ق16529
20177.jpg,27ق92888
20178.jpg,46ق26729
20179.jpg,27ق66729
20181.jpg,13ق89729
20184.jpg,12ق68229
20185.jpg,75ق37944
20187.jpg,51ق14529
20188.jpg,41ق55429
20189.jpg,43ق94129
20191.jpg,43ق43229
20192.jpg,46ق71129
20195.jpg,46ق65829
20196.jpg,41ق68629
20197.jpg,39ق45329
20198.jpg,58ق65855
20199.jpg,51ق73529
20200.jpg,65ق22711
20204.jpg,32ق27929
20205.jpg,36ق82229
20206.jpg,39ق52329
20208.jpg,42ق89729
20210.jpg,47ق72829
20211.jpg,46ق32329
20212.jpg,28ق56529
20213.jpg,17ق86629
20214.jpg,41ق72429
20215.jpg,51ق64229
20216.jpg,49ق72729
20218.jpg,33ق79229
20220.jpg,52ق89629
20221.jpg,29ق16529
20222.jpg,37ق75729
20224.jpg,27ق89519
20225.jpg,51ق41944
20226.jpg,42ق12529
20228.jpg,81ق54410
20229.jpg,13ق71229
20231.jpg,51ق48729
20232.jpg,47ق12829
20233.jpg,48ق81529
20234.jpg,31ق26929
20235.jpg,51ق21129
20236.jpg,26ق55629
20237.jpg,21ق62629
20238.jpg,28ق99229
20239.jpg,14ق89429
20241.jpg,51ق26129
20242.jpg,12ق65729
20243.jpg,53ق76429
20245.jpg,47ق62929
20246.jpg,51ق82329
20247.jpg,91ق66144
20248.jpg,15ق56729
20249.jpg,89ق16110
20250.jpg,28ق83129
20252.jpg,15ق74229
20253.jpg,45ق69529
20256.jpg,37ق39622
20257.jpg,32ق15110
20259.jpg,19ق73529
20260.jpg,43ق99429
20261.jpg,51ق68729
20262.jpg,13ق84829
20263.jpg,38ق81729
20264.jpg,13ق55729
20265.jpg,48ق28429
20266.jpg,48ق48129
20267.jpg,48ق28129
20268.jpg,94ق53222
20269.jpg,52ق95929
20271.jpg,53ق19629
20272.jpg,21ق12429
20274.jpg,21ق54129
20275.jpg,36ق53911
20276.jpg,22ق27529
20277.jpg,24ق64939
20278.jpg,32ق24929
20279.jpg,38ق96129
20280.jpg,24ق18429
20281.jpg,39ق34819
20282.jpg,35ق55429
20283.jpg,42ق62828
20285.jpg,37ق46129
20286.jpg,37ق72829
20287.jpg,46ق22229
20288.jpg,19ق95529
20289.jpg,37ق75729
20290.jpg,18ق89999
20291.jpg,43ق51329
20292.jpg,37ق48668
20294.jpg,49ق49729
20295.jpg,22ق81129
20296.jpg,39ق24329
20298.jpg,51ق19329
20303.jpg,39ق47529
20304.jpg,24ق32729
20307.jpg,34ق96129
20308.jpg,49ق76529
20309.jpg,28ق16229
20310.jpg,48ق11129
20313.jpg,47ق16229
20314.jpg,46ق28929
20315.jpg,46ق88129
20316.jpg,48ق54929
20317.jpg,24ق11988
20319.jpg,41ق63129
20321.jpg,38ق58510
20324.jpg,23ق28729
20327.jpg,47ق99329
20331.jpg,41ق89529
20332.jpg,26ق28629
20333.jpg,29ق42329
20334.jpg,52ق82429
20335.jpg,52ق23129
20336.jpg,46ق97429
20337.jpg,22ق87329
20338.jpg,48ق48929
20339.jpg,26ق36829
20340.jpg,33ق29829
20341.jpg,51ق17829
20342.jpg,17ق87729
20343.jpg,49ق16429
20344.jpg,44ق14629
20345.jpg,12ق31229
20346.jpg,14ق71129
20348.jpg,24ق38429
20351.jpg,29ق87829
20354.jpg,91ق62288
20356.jpg,16ق37729
20358.jpg,16ق69629
20359.jpg,45ق44629
20360.jpg,51ق78729
20361.jpg,91ق25377
20363.jpg,14ق95629
20364.jpg,44ق27529
20365.jpg,44ق22829
20366.jpg,46ق57829
20368.jpg,45ق46329
20370.jpg,34ق49729
20371.jpg,34ق29629
20372.jpg,82ق91321
20373.jpg,26ق39629
20375.jpg,67ق59110
20376.jpg,27ق82129
20377.jpg,24ق42429
20378.jpg,58ق78411
20379.jpg,23ق47429
20380.jpg,68ق12688
20382.jpg,74ق72422
20383.jpg,49ق54729
20384.jpg,31ق31229
20385.jpg,23ق54929
20386.jpg,45ق42329
20388.jpg,49ق92329
20389.jpg,54ق11229
20390.jpg,49ق13429
20392.jpg,49ق34829
20394.jpg,49ق65222
20395.jpg,16ق78929
20396.jpg,14ق43729
20398.jpg,85ق48568
20399.jpg,13ق76329
20400.jpg,39ق46529
20401.jpg,38ق14829
20403.jpg,51ق78339
20404.jpg,84ق17510
20405.jpg,54ق11229
20407.jpg,85ق13299
20408.jpg,35ق81539
20411.jpg,22ق57288
20412.jpg,27ق25855
20413.jpg,77ق79164
20414.jpg,72ق44272
20415.jpg,36ق72429
20416.jpg,58ق45233
20419.jpg,81ق96344
20420.jpg,98ق27144
20421.jpg,63ق47133
20422.jpg,25ق84977
20425.jpg,19ق39529
20426.jpg,85ق13299
20427.jpg,45ق61429
20428.jpg,63ق82699
20429.jpg,87ق86655
20430.jpg,36ق64929
20431.jpg,58ق45233
20436.jpg,51ق18529
20437.jpg,31ق42929
20438.jpg,52ق51329
20440.jpg,49ق64629
20441.jpg,55ق58888
20442.jpg,32ق24929
20443.jpg,51ق65629
20444.jpg,22ق57288
20445.jpg,49ق88529
20446.jpg,88ق82410
20447.jpg,81ق16777
20448.jpg,88ق26899
20449.jpg,41ق68629
20450.jpg,51ق56429
20451.jpg,72ق99733
20452.jpg,87ق86655
20453.jpg,81ق16777
20454.jpg,27ق78929
20455.jpg,11ق16729
20457.jpg,18ق92129
20458.jpg,81ق74110
20459.jpg,37ق37129
20461.jpg,68ق44299
20462.jpg,36ق47729
20463.jpg,21ق96861
20464.jpg,63ق69833
20465.jpg,48ق17410
20466.jpg,14ق23810
20467.jpg,49ق29529
20468.jpg,35ق81529
20469.jpg,45ق51729
20470.jpg,14ق58810
20471.jpg,65ق97455
20472.jpg,29ق18139
20473.jpg,25ق95329
20478.jpg,37ق69155
20480.jpg,41ق67729
20481.jpg,12ق84439
20482.jpg,49ق49529
20483.jpg,44ق46639
20484.jpg,32ق63229
20485.jpg,35ق32855
20486.jpg,94ق19593
20487.jpg,89ق41211
20488.jpg,12ق52319
20490.jpg,65ق97866
20491.jpg,28ق49299
20492.jpg,81ق16777
20494.jpg,33ق32929
20495.jpg,19ق45129
20496.jpg,14ق73677
20497.jpg,46ق56911
20498.jpg,35ق61729
20499.jpg,44ق63939
20500.jpg,64ق49499
20501.jpg,24ق98529
20502.jpg,42ق95229
20503.jpg,25ق12729
20506.jpg,83ق72266
20507.jpg,29ق63829
20509.jpg,11ق43429
20510.jpg,22ق57288
20511.jpg,72ق25944
20512.jpg,39ق41529
20515.jpg,89ق86544
20516.jpg,24ق39955
20517.jpg,26ق35529
20518.jpg,27ق87429
20520.jpg,14ق73677
20521.jpg,27ق35855
20523.jpg,36ق39129
20525.jpg,48ق41111
20526.jpg,42ق66444
20527.jpg,86ق46393
20528.jpg,15ق45793
20529.jpg,94ق22611
20530.jpg,86ق46393
20531.jpg,15ق49811
20532.jpg,48ق23110
20533.jpg,67ق14266
20534.jpg,57ق71293
20535.jpg,24ق48793
20536.jpg,21ق82655
20538.jpg,82ق36993
20540.jpg,56ق78699
20541.jpg,14ق75993
20543.jpg,57ق44299
20545.jpg,96ق29822
20547.jpg,81ق61444
20549.jpg,13ق72810
20550.jpg,34ق58833
20551.jpg,95ق56482
20552.jpg,63ق38893
20553.jpg,83ق62493
20555.jpg,28ق81493
20557.jpg,65ق22566
20558.jpg,92ق88699
20559.jpg,19ق38199
20560.jpg,86ق55799
20561.jpg,35ق16493
20562.jpg,86ق55799
20563.jpg,88ق71693
20564.jpg,45ق18899
20565.jpg,91ق27168
20566.jpg,89ق68393
20567.jpg,95ق54133
20568.jpg,32ق21988
20569.jpg,25ق56110
20571.jpg,53ق19710
20572.jpg,12ق72399
20573.jpg,76ق73933
20574.jpg,25ق56110
20575.jpg,63ق52855
20577.jpg,31ق78233
20578.jpg,42ق79973
20579.jpg,65ق66277
20580.jpg,86ق18510
20581.jpg,95ق56482
20582.jpg,77ق97863
20583.jpg,67ق91711
20584.jpg,66ق96766
20585.jpg,48ق35922
20586.jpg,54ق91799
20587.jpg,29ق76966
20588.jpg,94ق84393
20589.jpg,49ق87663
20590.jpg,88ق31993
20592.jpg,95ق87363
20593.jpg,62ق12266
20594.jpg,21ق83493
20595.jpg,18ق52710
20598.jpg,34ق25511
20600.jpg,27ق12493
20601.jpg,41ق31210
20602.jpg,51ق48132
20603.jpg,48ق25510
20604.jpg,15ق89755
20605.jpg,85ق12965
20607.jpg,79ق29799
20608.jpg,23ق22842
20609.jpg,39ق45733
20610.jpg,39ق45733
20611.jpg,31ق18511
20612.jpg,92ق19611
20613.jpg,33ق35833
20614.jpg,93ق12553
20615.jpg,88ق28344
20617.jpg,15ق96866
20618.jpg,72ق39599
20619.jpg,16ق25699
20621.jpg,78ق75353
20622.jpg,53ق47622
20623.jpg,78ق27310
20624.jpg,76ق41588
20627.jpg,46ق72310
20629.jpg,84ق78210
20630.jpg,25ق72610
20631.jpg,79ق29799
20632.jpg,46ق15610
20633.jpg,13ق43877
20634.jpg,46ق86438
20635.jpg,24ق46711
20637.jpg,13ق43877
20638.jpg,37ق47713
20639.jpg,41ق16355
20640.jpg,58ق45199
20641.jpg,72ق39599
20642.jpg,63ق86533
20643.jpg,88ق28344
20644.jpg,67ق74911
20645.jpg,13ق43877
20647.jpg,93ق65610
20649.jpg,27ق42843
20651.jpg,72ق19591
20652.jpg,11ق54699
20653.jpg,69ق18953
20654.jpg,39ق82611
20655.jpg,67ق53711
20656.jpg,71ق88210
20657.jpg,52ق47411
20658.jpg,95ق55999
20659.jpg,59ق98255
20663.jpg,77ق58255
20665.jpg,83ق58788
20666.jpg,83ق58788
20667.jpg,11ق21811
20668.jpg,96ق24833
20669.jpg,77ق12233
20670.jpg,47ق16766
20671.jpg,17ق83588
20672.jpg,76ق44610
20673.jpg,22ق94855
20674.jpg,77ق51788
20675.jpg,34ق65533
20676.jpg,36ق21513
20677.jpg,54ق52999
20678.jpg,81ق41366
20679.jpg,83ق58788
20680.jpg,89ق69288
20681.jpg,54ق58988
20682.jpg,14ق57377
20684.jpg,94ق57511
20685.jpg,11ق21811
20687.jpg,87ق24966
20688.jpg,47ق16766
20689.jpg,77ق47566
20690.jpg,62ق39733
20692.jpg,45ق66761
20693.jpg,77ق51288
20694.jpg,53ق27877
20695.jpg,77ق47566
20697.jpg,98ق68799
20698.jpg,13ق17310
20699.jpg,65ق54733
20700.jpg,64ق29966
20702.jpg,32ق49144
20703.jpg,75ق54877
20705.jpg,29ق58310
20706.jpg,45ق48438
20707.jpg,77ق41572
20709.jpg,88ق31499
20712.jpg,47ق59816
20713.jpg,62ق44399
20714.jpg,48ق16755
20715.jpg,43ق24916
20716.jpg,24ق71711
20718.jpg,23ق84498
20719.jpg,92ق56233
20721.jpg,95ق78616
20722.jpg,57ق13319
20723.jpg,25ق57355
20724.jpg,34ق25116
20726.jpg,25ق44398
20727.jpg,69ق45616
20728.jpg,33ق18256
20729.jpg,21ق58298
20730.jpg,14ق31929
20732.jpg,59ق76533
20733.jpg,95ق64719
20736.jpg,13ق71538
20737.jpg,38ق15716
20740.jpg,83ق61782
20741.jpg,28ق46798
20742.jpg,21ق49710
20743.jpg,43ق24916
20744.jpg,28ق12516
20746.jpg,44ق29316
20747.jpg,61ق93716
20748.jpg,13ق36619
20749.jpg,28ق25877
20750.jpg,56ق75916
20752.jpg,53ق43263
20754.jpg,13ق78216
20755.jpg,66ق52263
20757.jpg,47ق64988
20758.jpg,78ق77563
20759.jpg,78ق77563
20760.jpg,22ق61110
20761.jpg,56ق61744
20764.jpg,29ق95310
20765.jpg,95ق49416
20766.jpg,53ق39345
20767.jpg,36ق74588
20768.jpg,69ق56317
20769.jpg,53ق43263
20771.jpg,39ق39233
20772.jpg,96ق85216
20774.jpg,66ق52263
20775.jpg,87ق91721
20776.jpg,15ق21410
20778.jpg,63ق37117
20779.jpg,28ق88810
20780.jpg,47ق85657
20782.jpg,43ق76810
20784.jpg,36ق67716
20785.jpg,22ق61110
20786.jpg,84ق11566
20787.jpg,36ق13416
20788.jpg,22ق61110
20789.jpg,26ق35199
20790.jpg,73ق15616
20792.jpg,94ق32510
20793.jpg,87ق98799
20794.jpg,82ق15616
20795.jpg,54ق81557
20796.jpg,97ق88155
20799.jpg,95ق93716
20800.jpg,34ق45616
20801.jpg,24ق27223
20802.jpg,96ق14710
20803.jpg,89ق88699
20804.jpg,56ق65599
20805.jpg,83ق12144
20806.jpg,71ق39511
20807.jpg,19ق68999
20808.jpg,46ق58168
20809.jpg,19ق77444
20810.jpg,54ق25715
20811.jpg,16ق56510
20812.jpg,37ق77610
20813.jpg,95ق77644
20814.jpg,52ق17161
20816.jpg,49ق87910
20817.jpg,64ق52574
20819.jpg,42ق58382
20820.jpg,96ق14710
20821.jpg,52ق21166
20822.jpg,48ق37874
20823.jpg,56ق29899
20824.jpg,61ق85477
20825.jpg,87ق22588
20826.jpg,92ق29410
20827.jpg,12ق13444
20828.jpg,13ق56166
20829.jpg,94ق77821
20830.jpg,58ق56999
20833.jpg,84ق66810
20834.jpg,24ق53712
20835.jpg,53ق73638
20836.jpg,74ق72882
20838.jpg,62ق29877
20839.jpg,67ق79411
20840.jpg,89ق36810
20842.jpg,36ق59768
20843.jpg,98ق55599
20845.jpg,79ق82466
20846.jpg,16ق57664
20849.jpg,61ق85477
20850.jpg,18ق81777
20851.jpg,46ق59933
20853.jpg,32ق31188
20854.jpg,32ق76699
20855.jpg,83ق79482
20858.jpg,84ق95532
20859.jpg,34ق59274
20860.jpg,66ق88174
20861.jpg,45ق79474
20863.jpg,61ق78111
20865.jpg,28ق16974
20866.jpg,94ق18610
20868.jpg,56ق75436
20869.jpg,75ق73143
20870.jpg,31ق64811
20871.jpg,58ق68274
20872.jpg,55ق13599
20875.jpg,57ق29774
20876.jpg,85ق75622
20877.jpg,19ق58674
20878.jpg,92ق51774
20879.jpg,91ق42899
20880.jpg,61ق78111
20881.jpg,68ق89774
20882.jpg,73ق85810
20883.jpg,27ق69166
20884.jpg,58ق69474
20886.jpg,37ق59623
20887.jpg,44ق55632
20888.jpg,11ق53374
20889.jpg,97ق26442
20890.jpg,99ق86322
20891.jpg,83ق12142
20893.jpg,37ق67541
20895.jpg,88ق51532
20898.jpg,14ق36874
20899.jpg,44ق55632
20900.jpg,54ق99199
20901.jpg,36ق75612
20902.jpg,66ق53655
20903.jpg,61ق89342
20904.jpg,48ق59274
20905.jpg,99ق86222
20906.jpg,87ق51442
20907.jpg,54ق35532
20909.jpg,87ق51442
20910.jpg,85ق88622
20913.jpg,53ق65299
20914.jpg,28ق64299
20915.jpg,89ق11611
20916.jpg,99ق19210
20917.jpg,47ق36938
20918.jpg,92ق59116
20919.jpg,99ق62217
20920.jpg,59ق79333
20922.jpg,27ق96421
20923.jpg,37ق61711
20925.jpg,74ق47188
20926.jpg,18ق46738
20927.jpg,75ق78911
20928.jpg,92ق92944
20929.jpg,12ق58322
20933.jpg,16ق87710
20936.jpg,87ق52477
20937.jpg,56ق36744
20938.jpg,39ق82611
20939.jpg,21ق69422
20940.jpg,69ق17866
20941.jpg,92ق92944
20942.jpg,21ق69422
20943.jpg,27ق91999
20944.jpg,44ق86710
20945.jpg,42ق68544
20946.jpg,44ق45893
20947.jpg,23ق94788
20948.jpg,37ق81399
20949.jpg,49ق69838
20951.jpg,43ق38566
20952.jpg,68ق85399
20953.jpg,13ق67937
20954.jpg,43ق18955
20955.jpg,99ق17610
20956.jpg,93ق21288
20957.jpg,82ق93210
20958.jpg,25ق21622
20959.jpg,32ق16488
20961.jpg,12ق58322
20963.jpg,65ق45233
20964.jpg,58ق82255
20965.jpg,56ق85844
20967.jpg,23ق94788
20968.jpg,74ق16166
20969.jpg,97ق13222
20970.jpg,18ق73622
20972.jpg,32ق72998
20973.jpg,41ق22566
20974.jpg,16ق17714
20976.jpg,22ق86644
20979.jpg,82ق62277
20982.jpg,59ق44410
20984.jpg,91ق71810
20985.jpg,35ق26288
20986.jpg,53ق78668
20987.jpg,11ق76310
20988.jpg,59ق76311
20989.jpg,79ق82377
20992.jpg,98ق15255
20993.jpg,36ق96624
20994.jpg,16ق77177
20995.jpg,44ق11910
20996.jpg,22ق21734
20997.jpg,83ق16115
20998.jpg,48ق68622
20999.jpg,48ق56466
21001.jpg,11ق79910
21003.jpg,95ق33768
21004.jpg,29ق67899
21005.jpg,49ق68468
21007.jpg,11ق96110
21008.jpg,69ق44968
21009.jpg,37ق75168
21010.jpg,51ق61611
21011.jpg,35ق69488
21012.jpg,82ق84910
21013.jpg,16ق24310
21014.jpg,32ق21668
21015.jpg,81ق16477
21016.jpg,19ق79768
21018.jpg,42ق45588
21019.jpg,65ق52977
21020.jpg,35ق82368
21023.jpg,39ق14368
21024.jpg,86ق36468
21025.jpg,28ق68977
21026.jpg,37ق48710
21027.jpg,64ق92877
21028.jpg,39ق73577
21029.jpg,39ق75968
21030.jpg,22ق88488
21031.jpg,22ق88488
21032.jpg,44ق61366
21033.jpg,39ق75968
21034.jpg,24ق86710
21035.jpg,88ق77522
21037.jpg,22ق88488
21038.jpg,22ق88488
21039.jpg,22ق21734
21040.jpg,22ق88488
21041.jpg,37ق45966
21042.jpg,22ق88488
21043.jpg,22ق88488
21045.jpg,22ق88488
21047.jpg,22ق88488
21049.jpg,22ق88488
21050.jpg,32ق72998
21051.jpg,36ق93368
21052.jpg,36ق93368
21053.jpg,39ق75968
21054.jpg,22ق88488
21056.jpg,16ق57741
21058.jpg,22ق88488
21059.jpg,22ق88488
21060.jpg,22ق88488
21061.jpg,22ق88488
21062.jpg,53ق66910
21063.jpg,39ق75968
21065.jpg,77ق26744
21066.jpg,77ق26744
21067.jpg,27ق72338
21069.jpg,77ق26744
21072.jpg,82ق58355
21076.jpg,64ق52574
21077.jpg,66ق88174
21078.jpg,44ق55632
21079.jpg,51ق68988
21080.jpg,76ق95152
21081.jpg,61ق89342
21082.jpg,27ق72338
21083.jpg,36ق96624
21084.jpg,61ق89342
21086.jpg,25ق35810
21087.jpg,65ق27266
21088.jpg,65ق81853
21090.jpg,86ق94166
21091.jpg,25ق17477
21092.jpg,55ق72921
21093.jpg,83ق38221
21094.jpg,61ق92499
21095.jpg,86ق14955
21096.jpg,96ق62222
21097.jpg,37ق63993
21098.jpg,69ق24488
21099.jpg,32ق39616
21100.jpg,23ق55799
21102.jpg,82ق24788
21105.jpg,12ق49699
21108.jpg,45ق46672
21109.jpg,15ق34142
21110.jpg,55ق62491
21112.jpg,91ق74588
21114.jpg,69ق79799
21116.jpg,44ق96910
21117.jpg,27ق65299
21118.jpg,93ق27588
21119.jpg,59ق94788
21121.jpg,49ق34416
21122.jpg,46ق59866
21125.jpg,64ق93666
21126.jpg,39ق57144
21127.jpg,26ق26510
21128.jpg,38ق44755
21129.jpg,35ق35488
21130.jpg,23ق16222
21133.jpg,69ق21377
21134.jpg,47ق22555
21135.jpg,55ق17710
21136.jpg,78ق22411
21137.jpg,18ق41266
21138.jpg,26ق57299
21140.jpg,23ق85144
21141.jpg,69ق21377
21142.jpg,16ق78877
21143.jpg,38ق73138
21144.jpg,86ق75210
21146.jpg,21ق89599
21147.jpg,15ق39699
21149.jpg,86ق75710
21151.jpg,63ق49611
21153.jpg,31ق91622
21154.jpg,78ق95211
21155.jpg,19ق99766
21156.jpg,36ق69410
21157.jpg,79ق31422
21158.jpg,36ق48510
21160.jpg,21ق34211
21161.jpg,78ق97299
21162.jpg,74ق36410
21163.jpg,75ق63411
21165.jpg,75ق63411
21166.jpg,15ق11810
21167.jpg,96ق29611
21168.jpg,59ق51222
21169.jpg,37ق75327
21170.jpg,91ق46999
21171.jpg,76ق33411
21172.jpg,37ق59999
21173.jpg,15ق48711
21174.jpg,49ق81988
21175.jpg,22ق49499
21177.jpg,53ق16521
21178.jpg,53ق16521
21181.jpg,82ق55121
21183.jpg,29ق29810
21184.jpg,92ق65316
21185.jpg,11ق43816
21186.jpg,91ق37521
21188.jpg,11ق51921
21189.jpg,69ق84221
21190.jpg,61ق28921
21191.jpg,69ق84221
21192.jpg,76ق34321
21194.jpg,42ق37611
21195.jpg,61ق28921
21196.jpg,61ق28921
21197.jpg,11ق83757
21199.jpg,75ق95244
21200.jpg,84ق82255
21201.jpg,78ق37544
21202.jpg,75ق95244
21204.jpg,49ق32388
21205.jpg,81ق61444
21206.jpg,48ق29810
21207.jpg,67ق56999
21208.jpg,42ق25111
21209.jpg,42ق37611
21210.jpg,44ق11910
21211.jpg,81ق61444
21212.jpg,86ق73866
21213.jpg,14ق56611
21214.jpg,12ق85588
21218.jpg,64ق34410
21219.jpg,79ق29955
21220.jpg,35ق88555
21221.jpg,22ق81511
21222.jpg,89ق31766
21223.jpg,42ق58811
21224.jpg,47ق78499
21225.jpg,25ق64766
21227.jpg,39ق37177
21228.jpg,45ق22999
21230.jpg,27ق22355
21231.jpg,59ق29955
21232.jpg,43ق46233
21233.jpg,39ق47938
21235.jpg,16ق38599
21236.jpg,45ق22999
21237.jpg,68ق16599
21238.jpg,73ق12410
21239.jpg,43ق79244
21240.jpg,46ق74966
21241.jpg,89ق31766
21243.jpg,19ق63379
21244.jpg,87ق27691
21246.jpg,46ق35679
21247.jpg,19ق95679
21248.jpg,27ق71388
21249.jpg,79ق42811
21250.jpg,44ق21644
21251.jpg,77ق66411
21252.jpg,24ق67982
21253.jpg,15ق11510
21254.jpg,67ق53711
21256.jpg,27ق12379
21258.jpg,67ق23691
21260.jpg,75ق22191
21261.jpg,49ق87379
21262.jpg,32ق62279
21264.jpg,89ق29921
21265.jpg,21ق97879
21266.jpg,34ق16979
21267.jpg,19ق93853
21268.jpg,46ق98279
21269.jpg,79ق42322
21270.jpg,22ق94854
21271.jpg,39ق89682
21272.jpg,53ق86336
21274.jpg,22ق94854
21275.jpg,42ق51277
21276.jpg,99ق49288
21277.jpg,17ق11710
21278.jpg,62ق16510
21279.jpg,62ق16510
21281.jpg,36ق21199
21282.jpg,87ق73333
21283.jpg,12ق43810
21286.jpg,89ق27910
21287.jpg,22ق58632
21288.jpg,53ق84999
21290.jpg,22ق93788
21293.jpg,34ق58623
21294.jpg,39ق81499
21295.jpg,25ق12128
21296.jpg,17ق29868
21297.jpg,65ق31299
21298.jpg,21ق94116
21299.jpg,65ق97216
21301.jpg,89ق19316
21303.jpg,83ق31816
21307.jpg,89ق42416
21309.jpg,72ق19716
21310.jpg,14ق66433
21312.jpg,87ق85911
21314.jpg,31ق49916
21316.jpg,11ق51516
21317.jpg,15ق63416
21318.jpg,29ق56143
21319.jpg,73ق33816
21320.jpg,68ق97411
21321.jpg,37ق73816
21322.jpg,73ق71916
21323.jpg,58ق72316
21324.jpg,44ق17216
21325.jpg,68ق36116
21327.jpg,15ق97111
21328.jpg,26ق47716
21329.jpg,61ق67516
21330.jpg,29ق21316
21331.jpg,36ق82216
21334.jpg,74ق57716
21335.jpg,83ق65716
21336.jpg,79ق99416
21337.jpg,17ق78516
21338.jpg,37ق72799
21339.jpg,86ق17346
21340.jpg,91ق81416
21341.jpg,93ق67116
21343.jpg,32ق23616
21344.jpg,63ق81716
21345.jpg,51ق96299
21346.jpg,18ق64716
21347.jpg,22ق15216
21348.jpg,24ق91869
21351.jpg,39ق17316
21352.jpg,81ق66816
21358.jpg,26ق21916
21359.jpg,72ق55216
21360.jpg,24ق57111
21361.jpg,82ق82916
21362.jpg,18ق63616
21363.jpg,78ق36216
21364.jpg,53ق47593
21367.jpg,23ق65899
21368.jpg,49ق78229
21369.jpg,17ق28922
21371.jpg,24ق68726
21374.jpg,56ق87628
21375.jpg,82ق53622
21376.jpg,15ق37328
21378.jpg,15ق68810
21381.jpg,98ق89410
21382.jpg,51ق22166
21384.jpg,56ق74122
21385.jpg,15ق77711
21386.jpg,75ق33810
21387.jpg,75ق22855
21389.jpg,44ق44444
21390.jpg,56ق54610
21392.jpg,61ق99210
21393.jpg,52ق48977
21394.jpg,21ص35388
21396.jpg,64ص97310
21398.jpg,28ص48910
21400.jpg,47ص42811
21402.jpg,83ص42116
21403.jpg,38ص15516
21404.jpg,74ص67116
21406.jpg,58ص85416
21409.jpg,43ص58916
21410.jpg,33ص23516
21413.jpg,27ص58588
21415.jpg,32ص45516
21417.jpg,15ص42616
21418.jpg,86ص21116
21419.jpg,73ص38616
21420.jpg,98ص89916
21422.jpg,49ص59787
21423.jpg,43ص31116
21424.jpg,74ص34275
21425.jpg,38ص42885
21426.jpg,51ص55616
21427.jpg,29ص32754
21428.jpg,59ص56316
21429.jpg,95ص62577
21430.jpg,95ص76599
21434.jpg,65ص19312
21437.jpg,57ص41112
21438.jpg,76ص72674
21439.jpg,25ص85312
21440.jpg,72ص21136
21441.jpg,53ص99833
21443.jpg,34ص58436
21444.jpg,37ص85812
21445.jpg,99ص61674
21446.jpg,47ص47320
21448.jpg,49ص62826
21449.jpg,13ص58768
21450.jpg,65ص59468
21451.jpg,97ص54821
21452.jpg,21ص21921
21453.jpg,61ص81466
21454.jpg,67ص63521
21455.jpg,35ص37537
21457.jpg,11ص21979
21458.jpg,44ص85971
21459.jpg,86ص74996
21460.jpg,77ص48121
21461.jpg,44ص87816
21462.jpg,91ص32799
21463.jpg,66ص86716
21464.jpg,62ص78166
21465.jpg,76ص64677
21466.jpg,84ص98374
21467.jpg,66ص76521
21468.jpg,83ص93396
21469.jpg,64ص84221
21470.jpg,37ص89444
21471.jpg,54ص94221
21473.jpg,56ص74599
21475.jpg,59ص63221
21476.jpg,61ص56410
21478.jpg,71ص57521
21480.jpg,89ص22721
21481.jpg,66ص76521
21482.jpg,68ص16599
21483.jpg,55ص16568
21485.jpg,15ص87138
21488.jpg,97ص53768
21489.jpg,94ص91855
21490.jpg,94ص55716
21491.jpg,89ص29466
21492.jpg,58ص36885
21493.jpg,21ص74274
21495.jpg,78ص23296
21496.jpg,93ص62821
21498.jpg,35ص94521
21500.jpg,18ص57921
21501.jpg,84ص62779
21502.jpg,62ص41210
21503.jpg,25ص37129
21504.jpg,42ص99119
21505.jpg,11ص57319
21507.jpg,91ص56819
21508.jpg,47ص12829
21509.jpg,59ص26441
21510.jpg,86ص46119
21511.jpg,25ص37129
21512.jpg,52ص62999
21513.jpg,51ص36466
21514.jpg,26ص55343
21516.jpg,54ص51288
21517.jpg,35ص13610
21519.jpg,61ص84388
21520.jpg,87ص94213
21522.jpg,14ص17688
21523.jpg,12ص14266
21524.jpg,73ص97813
21525.jpg,34ص99677
21526.jpg,66ص51766
21527.jpg,96ص86444
21528.jpg,43ص63513
21529.jpg,75ص17111
21531.jpg,47ص98655
21533.jpg,83ص57877
21536.jpg,56ص47510
21537.jpg,85ص17712
21540.jpg,24ص29216
21542.jpg,68ص14288
21543.jpg,66ص95110
21544.jpg,26ص58516
21546.jpg,83ص65110
21547.jpg,73ص52510
21548.jpg,68ص16710
21549.jpg,54ص67316
21550.jpg,28ص73317
21551.jpg,98ص29966
21553.jpg,37ص85733
21555.jpg,18ص13153
21556.jpg,78ص99477
21557.jpg,65ص54788
21559.jpg,79ص99453
21560.jpg,19ص96711
21561.jpg,48ص97366
21563.jpg,16ص47811
21564.jpg,62ص33999
21565.jpg,31ص32719
21566.jpg,74ص48510
21567.jpg,71ص48719
21568.jpg,72ص69833
21569.jpg,87ص49588
21571.jpg,66ص44266
21572.jpg,16ص18966
21573.jpg,84ص67318
21574.jpg,64ص89866
21575.jpg,46ص41766
21576.jpg,43ص27544
21577.jpg,71ص67133
21578.jpg,22ص75277
21580.jpg,35ص66111
21581.jpg,47ص83119
21582.jpg,75ص98411
21583.jpg,68ص26910
21584.jpg,36ص78466
21586.jpg,16ص18966
21587.jpg,65ص27421
21588.jpg,51ص41229
21589.jpg,34ص29533
21591.jpg,18ص58511
21592.jpg,41ص42999
21593.jpg,47ص29329
21595.jpg,12ص14266
21596.jpg,82ص71819
21598.jpg,24ص38899
21599.jpg,53ص15299
21600.jpg,57ص59755
21601.jpg,42ص83324
21602.jpg,66ص44266
21603.jpg,57ص85855
21604.jpg,15ص38166
21606.jpg,39ص41893
21607.jpg,62ص28211
21608.jpg,77ص47478
21609.jpg,77ص22121
21610.jpg,52ص52199
21611.jpg,78ص44744
21612.jpg,91ص29899
21613.jpg,45ص46644
21614.jpg,45ص35899
21615.jpg,57ص81622
21616.jpg,69ص96744
21618.jpg,21ص35810
21619.jpg,51ص91810
21620.jpg,29ص48433
21621.jpg,42ص15811
21622.jpg,56ص94655
21623.jpg,78ص78677
21627.jpg,83ص51333
21628.jpg,69ص16421
21629.jpg,21ص95211
21630.jpg,54ص66266
21631.jpg,57ص81622
21632.jpg,92ص52844
21633.jpg,42ص18599
21634.jpg,88ص71788
21635.jpg,45ص46644
21636.jpg,42ص15811
21637.jpg,66ص99511
21642.jpg,24ص36110
21644.jpg,78ص15222
21645.jpg,13ص21922
21646.jpg,57ص14555
21647.jpg,19ص55344
21648.jpg,88ص71788
21649.jpg,72ص67463
21650.jpg,91ص19810
21652.jpg,16ص65378
21653.jpg,57ص14555
21654.jpg,57ص81622
21655.jpg,67ص74411
21656.jpg,72ص67463
21657.jpg,58ص65755
21658.jpg,18ص16211
21659.jpg,96ص27488
21660.jpg,16ص68966
21662.jpg,86ص12133
21663.jpg,71ص83877
21665.jpg,77ص91144
21666.jpg,65ص18599
21667.jpg,24ص64244
21669.jpg,24ص18111
21670.jpg,93ص61293
21675.jpg,41ص75863
21676.jpg,92ص51188
21677.jpg,65ص99363
21678.jpg,79ص88422
21680.jpg,36ص77693
21682.jpg,12ص46993
21683.jpg,84ص76710
21684.jpg,53ص45493
21685.jpg,65ص99363
21686.jpg,61ص92793
21687.jpg,97ص95444
21688.jpg,52ص22788
21689.jpg,98ص96563
21691.jpg,83ص56899
21693.jpg,82ص21566
21694.jpg,67ص45893
21695.jpg,52ص79988
21696.jpg,99ص31477
21697.jpg,73ص64299
21698.jpg,84ص79410
21699.jpg,26ص56938
21700.jpg,11ص38793
21702.jpg,75ص17111
21703.jpg,98ص36366
21704.jpg,71ص92411
21705.jpg,74ص88663
21706.jpg,62ص88610
21708.jpg,51ص51163
21709.jpg,66ص95110
21710.jpg,69ص24896
21711.jpg,26ص61763
21712.jpg,43ص53993
21713.jpg,11ص38793
21714.jpg,12ص97993
21715.jpg,18ص51210
21717.jpg,16ص29277
21718.jpg,16ص22699
21720.jpg,31ص74363
21721.jpg,46ص39893
21722.jpg,62ص96799
21723.jpg,36ص77693
21724.jpg,61ص92793
21725.jpg,51ص47293
21726.jpg,43ص53993
21728.jpg,21ص31610
21729.jpg,67ص67484
21730.jpg,81ص36193
21731.jpg,53ص58777
21733.jpg,28ص73644
21734.jpg,97ص86344
21739.jpg,63ص82810
21740.jpg,28ص43638
21742.jpg,74ص91888
21743.jpg,81ص52647
21746.jpg,15ص87255
21747.jpg,27ص75969
21748.jpg,47ص81410
21749.jpg,72ص83577
21750.jpg,57ص17311
21751.jpg,79ص43747
21752.jpg,85ص97144
21753.jpg,74ص91888
21754.jpg,19ص65710
21756.jpg,68ص61177
21758.jpg,35ص93538
21759.jpg,63ص14646
21760.jpg,83ص56899
21761.jpg,89ص51888
21762.jpg,78ص81710
21763.jpg,87ص82666
21764.jpg,11ص13478
21765.jpg,52ص42844
21766.jpg,74ص91888
21768.jpg,67ص37144
21770.jpg,87ص76913
21772.jpg,62ص13211
21773.jpg,74ص91888
21774.jpg,88ص74199
21775.jpg,63ص65822
21777.jpg,87ص76913
21778.jpg,92ص26422
21779.jpg,52ص28123
21780.jpg,95ص96111
21781.jpg,63ص99513
21784.jpg,52ص42399
21786.jpg,55ص58847
21787.jpg,63ص37110
21788.jpg,27ص77711
21789.jpg,63ص82810
21790.jpg,56ص42511
21791.jpg,92ص49266
21792.jpg,81ص79222
21793.jpg,62ص96799
21796.jpg,92ص49266
21798.jpg,13ص58499
21799.jpg,86ص18568
21800.jpg,37ص62711
21801.jpg,89ص45455
21802.jpg,65ص82177
21803.jpg,92ص49266
21804.jpg,58ص53225
21805.jpg,36ص52338
21806.jpg,87ص29110
21807.jpg,22ص91455
21809.jpg,48ص95310
21811.jpg,71ص14110
21812.jpg,68ص52199
21813.jpg,96ص29299
21814.jpg,83ص26126
21816.jpg,78ص77747
21817.jpg,61ص44399
21818.jpg,41ص84896
21819.jpg,48ص64788
21820.jpg,38ص88410
21822.jpg,26ص96999
21825.jpg,39ص63155
21826.jpg,54ص63553
21827.jpg,37ص88113
21828.jpg,39ص63155
21829.jpg,61ص96622
21830.jpg,87ص84147
21831.jpg,57ص65352
21833.jpg,47ص59822
21834.jpg,49ص66755
21835.jpg,37ص47733
21836.jpg,76ص24252
21838.jpg,57ص44944
21839.jpg,57ص44944
21840.jpg,72ص39810
21841.jpg,82ص12910
21842.jpg,41ص57288
21843.jpg,12ص29213
21844.jpg,11ص59255
21846.jpg,44ص45922
21848.jpg,16ص91284
21849.jpg,43ص37216
21850.jpg,19ص18899
21853.jpg,16ص91284
21854.jpg,15ص26998
21856.jpg,83ص55256
21857.jpg,19ص98398
21858.jpg,45ص24454
21859.jpg,42ص45936
21860.jpg,23ص93116
21861.jpg,35ص95119
21862.jpg,22ص68516
21863.jpg,18ص87763
21864.jpg,45ص74963
21865.jpg,83ص63588
21867.jpg,22ص84210
21868.jpg,92ص62216
21869.jpg,98ص68216
21870.jpg,26ص62957
21871.jpg,84ص53716
21872.jpg,75ص28816
21873.jpg,26ص72998
21874.jpg,16ص91284
21875.jpg,13ص12498
21877.jpg,13ص65188
21878.jpg,21ص15398
21879.jpg,23ص92116
21880.jpg,18ص38766
21881.jpg,16ص42998
21884.jpg,15ص27577
21885.jpg,22ص24816
21886.jpg,21ص68110
21888.jpg,42ص56366
21889.jpg,48ص28473
21891.jpg,79ص53963
21894.jpg,55ص93863
21895.jpg,17ص39263
21896.jpg,39ص29449
21897.jpg,55ص71314
21899.jpg,56ص86413
21901.jpg,22ص34222
21902.jpg,81ص87247
21903.jpg,76ص68216
21905.jpg,14ص85537
21906.jpg,14ص63528
21907.jpg,55ص93863
21909.jpg,61ص48747
21910.jpg,36ص27815
21911.jpg,52ص37243
21912.jpg,32ص79887
21913.jpg,37ص46557
21915.jpg,36ص27815
21916.jpg,39ص29449
21917.jpg,53ص29745
21918.jpg,42ص16288
21919.jpg,88ص32266
21921.jpg,73ص52516
21922.jpg,55ص93863
21925.jpg,41ص93355
21926.jpg,61ص76344
21927.jpg,39ص62710
21928.jpg,95ص64816
21931.jpg,41ص93355
21932.jpg,32ص75568
21933.jpg,61ص16414
21934.jpg,89ص44588
21936.jpg,75ص34772
21937.jpg,18ص53834
21938.jpg,72ص96334
21939.jpg,26ص54488
21940.jpg,66ص87599
21943.jpg,93ص33421
21944.jpg,57ص16544
21945.jpg,68ص42344
21946.jpg,67ص64234
21947.jpg,83ص92134
21948.jpg,87ص86910
21950.jpg,62ص66734
21951.jpg,43ص71511
21954.jpg,35ص87888
21955.jpg,95ص55468
21956.jpg,68ص62799
21958.jpg,72ص31799
21959.jpg,36ص91310
21960.jpg,96ص99214
21961.jpg,74ص63174
21962.jpg,15ص78834
21963.jpg,66ص95110
21964.jpg,91ص26310
21966.jpg,83ص53444
21967.jpg,46ص83922
21968.jpg,24ص55575
21969.jpg,66ص85334
21970.jpg,85ص52833
21972.jpg,49ص56888
21973.jpg,17ص37224
21975.jpg,85ص48999
21977.jpg,96ص84934
21978.jpg,74ص53310
21979.jpg,49ص56888
21980.jpg,18ص53834
21981.jpg,11ص59588
21983.jpg,66ص85334
21985.jpg,57ص33466
21986.jpg,93ص33421
21987.jpg,52ص34510
21989.jpg,75ص17111
21990.jpg,75ص28710
21991.jpg,62ص66734
21994.jpg,95ص78744
21997.jpg,93ص77436
21999.jpg,25ص97710
22000.jpg,91ص13374
22001.jpg,76ص51274
22002.jpg,73ص52874
22003.jpg,14ص26577
22004.jpg,67ص71274
22005.jpg,85ص59436
22007.jpg,48ص34710
22009.jpg,31ص45388
22015.jpg,59ص64874
22019.jpg,27ص45244
22020.jpg,16ص99422
22021.jpg,56ص72822
22022.jpg,78ص13436
22026.jpg,27ص45244
22027.jpg,15ص41374
22028.jpg,81ص58333
22029.jpg,81ص95749
22030.jpg,27ص49436
22031.jpg,53ص24136
22032.jpg,93ص18212
22033.jpg,61ص26174
22035.jpg,48ص52944
22036.jpg,54ص61412
22037.jpg,22ص75812
22038.jpg,67ص31274
22039.jpg,78ص13436
22040.jpg,74ص63174
22042.jpg,45ص89712
22043.jpg,16ص11236
22044.jpg,84ص92412
22045.jpg,54ص99436
22046.jpg,78ص13436
22047.jpg,27ص59284
22048.jpg,13ص57374
22049.jpg,45ص83510
22052.jpg,74ص63174
22053.jpg,59ص89712
22054.jpg,41ص65874
22055.jpg,83ص83312
22056.jpg,45ص84866
22057.jpg,71ص88517
22058.jpg,39ص99655
22059.jpg,15ص82199
22060.jpg,76ص51274
22061.jpg,75ص31212
22062.jpg,43ص43812
22063.jpg,99ص77574
22064.jpg,15ص77474
22065.jpg,55ص81655
22067.jpg,29ص44812
22068.jpg,22ص75812
22069.jpg,84ص86466
22070.jpg,31ص38110
22071.jpg,42ص16844
22075.jpg,94ص15347
22078.jpg,32ص32466
22079.jpg,42ص62111
22081.jpg,77ص47478
22082.jpg,94ص65466
22085.jpg,67ص46499
22089.jpg,89ص46988
22090.jpg,23ص85719
22091.jpg,19ص15188
22092.jpg,55ص32746
22093.jpg,97ص82655
22094.jpg,64ص27622
22096.jpg,44ص73411
22097.jpg,58ص48838
22098.jpg,57ص83611
22099.jpg,42ص17933
22102.jpg,48ص82738
22103.jpg,36ص56910
22104.jpg,73ص58614
22105.jpg,23ص54210
22106.jpg,64ص53110
22108.jpg,89ص51888
22109.jpg,81ص95749
22110.jpg,76ص88810
22111.jpg,13ص12910
22112.jpg,27ص83810
22113.jpg,75ص73188
22114.jpg,17ص66566
22115.jpg,77ص63122
22116.jpg,48ص21566
22117.jpg,74ص91888
22118.jpg,24ص17888
22119.jpg,87ص62734
22121.jpg,93ص26334
22122.jpg,66ص94134
22123.jpg,22ص43534
22124.jpg,49ص33734
22127.jpg,25ص84788
22131.jpg,93ص86334
22132.jpg,61ص61134
22133.jpg,76ص38534
22134.jpg,78ص28134
22135.jpg,31ص85334
22136.jpg,16ص18934
22137.jpg,83ص78634
22139.jpg,13ص12134
22141.jpg,51ص41534
22142.jpg,72ص51234
22144.jpg,26ص36334
22146.jpg,15ص99534
22147.jpg,17ص58834
22148.jpg,59ص67434
22149.jpg,23ص79914
22150.jpg,47ص74234
22151.jpg,48ص56334
22153.jpg,69ص77334
22155.jpg,55ص84434
22156.jpg,91ص97899
22157.jpg,27ص89934
22160.jpg,82ص76334
22161.jpg,59ص93934
22164.jpg,56ص38634
22165.jpg,39ص17234
22166.jpg,95ص86534
22167.jpg,89ص98934
22168.jpg,25ص46134
22170.jpg,68ص94934
22172.jpg,17ص39834
22173.jpg,25ص44634
22174.jpg,94ص27534
22175.jpg,77ص22534
22176.jpg,21ص16666
22177.jpg,77ص97734
22178.jpg,11ص78234
22179.jpg,21ص23734
22180.jpg,87ص56534
22181.jpg,86ص92534
22182.jpg,39ص18634
22183.jpg,15ص96134
22184.jpg,95ص53434
22186.jpg,87ص13234
22187.jpg,76ص56634
22188.jpg,25ص46134
22190.jpg,88ص19634
22191.jpg,79ص45534
22192.jpg,95ص75855
22193.jpg,93ص12734
22194.jpg,15ص99434
22196.jpg,21ص32684
22197.jpg,24ص67434
22200.jpg,11ص78224
22201.jpg,93ص26334
22202.jpg,67ص93634
22203.jpg,49ص32834
22204.jpg,36ص24234
22205.jpg,59ص94134
22206.jpg,96ص77834
22207.jpg,48ص57734
22208.jpg,41ص11238
22211.jpg,83ص49634
22213.jpg,17ص39834
22214.jpg,98ص58534
22215.jpg,15ص26134
22216.jpg,55ص45634
22217.jpg,85ص86934
22219.jpg,36ص88134
22220.jpg,87ص11434
22221.jpg,69ص45934
22222.jpg,67ص82534
22223.jpg,45ص68411
22224.jpg,38ص19734
22226.jpg,81ص71434
22228.jpg,86ص78934
22229.jpg,82ص86334
22230.jpg,93ص18534
22233.jpg,11ص31334
22234.jpg,55ص59234
22236.jpg,29ص58734
22237.jpg,83ص53934
22239.jpg,55ص21634
22240.jpg,28ص71734
22241.jpg,38ص12134
22242.jpg,59ص94134
22243.jpg,72ص68734
22244.jpg,88ص25134
22245.jpg,15ص99434
22246.jpg,11ص89734
22247.jpg,18ص68734
22248.jpg,59ص52434
22249.jpg,15ص26134
22251.jpg,79ص78934
22252.jpg,82ص27188
22256.jpg,12ص82734
22257.jpg,15ص79934
22258.jpg,95ص86534
22260.jpg,18ص39134
22261.jpg,46ص53734
22263.jpg,69ص77334
22265.jpg,92ص24734
22267.jpg,41ص52214
22268.jpg,81ص69134
22269.jpg,58ص23734
22270.jpg,41ص95634
22272.jpg,32ص91634
22273.jpg,73ص82734
22275.jpg,96ص14434
22276.jpg,46ص69534
22278.jpg,39ص18111
22279.jpg,18ص26734
22280.jpg,31ص61477
22282.jpg,55ص36134
22283.jpg,37ص96710
22284.jpg,26ص56199
22285.jpg,85ص79221
22286.jpg,91ص17734
22290.jpg,18ص37611
22291.jpg,97ص77234
22294.jpg,98ص51868
22295.jpg,13ص75621
22296.jpg,79ص54834
22297.jpg,19ص95234
22298.jpg,68ص57334
22299.jpg,54ص82868
22300.jpg,75ص15421
22302.jpg,45ص28544
22303.jpg,69ص74221
22304.jpg,55ص76434
22305.jpg,11ص43934
22307.jpg,47ص38768
22308.jpg,65ص22921
22309.jpg,12ص51168
22310.jpg,12ص52434
22311.jpg,37ص52910
22312.jpg,84ص51514
22313.jpg,31ص42544
22314.jpg,91ص96368
22315.jpg,14ص52234
22316.jpg,86ص78815
22317.jpg,32ص73734
22318.jpg,78ص28634
22319.jpg,79ص37921
22320.jpg,64ص77144
22322.jpg,26ص91833
22324.jpg,49ص98234
22326.jpg,97ص77234
22328.jpg,12ص26634
22329.jpg,64ص77134
22331.jpg,72ص24434
22333.jpg,95ص61234
22334.jpg,92ص76334
22335.jpg,69ص74221
22337.jpg,38ص24634
22338.jpg,12ص52434
22339.jpg,67ص74721
22340.jpg,98ص66868
22341.jpg,72ص88221
22342.jpg,69ص68768
22343.jpg,62ص17434
22344.jpg,19ص58744
22345.jpg,35ص14821
22346.jpg,82ص15534
22347.jpg,84ص46468
22348.jpg,51ص75810
22349.jpg,61ص17688
22350.jpg,64ص47334
22351.jpg,82ص42921
22352.jpg,45ص79711
22353.jpg,23ص61788
22355.jpg,48ص98329
22357.jpg,62ص92134
22358.jpg,11ص38868
22359.jpg,64ص12155
22360.jpg,72ص31910
22361.jpg,84ص73134
22362.jpg,66ص18621
22363.jpg,44ص16466
22364.jpg,17ص58834
22367.jpg,49ص48438
22368.jpg,18ص53834
22369.jpg,55ص84434
22370.jpg,93ص26334
22371.jpg,12ص82734
22372.jpg,66ص85334
22373.jpg,74ص22568
22374.jpg,66ص85334
22375.jpg,76ص56634
22376.jpg,18ص26734
22377.jpg,25ص79134
22380.jpg,55ص42134
22381.jpg,38ص19734
22382.jpg,82ص15534
22383.jpg,96ص79856
22384.jpg,95ص86534
22385.jpg,97ص34134
22386.jpg,66ص18434
22388.jpg,69ص77334
22389.jpg,83ص92134
22390.jpg,73ص21434
22392.jpg,58ص23734
22393.jpg,93ص18534
22394.jpg,15ص99434
22395.jpg,97ص77234
22397.jpg,28ص73434
22398.jpg,63ص62134
22401.jpg,83ص94134
22402.jpg,15ص99434
22404.jpg,83ص49634
22406.jpg,88ص65199
22407.jpg,59ص94134
22408.jpg,97ص77234
22409.jpg,82ص76334
22410.jpg,96ص12199
22411.jpg,73ص55434
22414.jpg,38ص19734
22415.jpg,16ص33134
22416.jpg,39ص18634
22418.jpg,97ص77234
22419.jpg,38ص12134
22421.jpg,79ص45534
22422.jpg,31ص85334
22423.jpg,62ص66734
22424.jpg,48ص56334
22427.jpg,62ص66734
22429.jpg,92ص97221
22430.jpg,72ص96334
22431.jpg,78ص28134
22432.jpg,46ص95534
22433.jpg,87ص11434
22434.jpg,69ص45934
22435.jpg,87ص62734
22436.jpg,77ص97734
22438.jpg,79ص15899
22441.jpg,72ص95711
22442.jpg,97ص77234
22444.jpg,97ص77234
22445.jpg,72ص96334
22446.jpg,55ص21634
22447.jpg,28ص71734
22448.jpg,11ص78234
22449.jpg,72ص51234
22450.jpg,47ص74234
22451.jpg,57ص34834
22452.jpg,72ص68734
22453.jpg,17ص39834
22454.jpg,59ص67434
22456.jpg,97ص77234
22457.jpg,19ص95334
22458.jpg,29ص58734
22461.jpg,45ص89434
22462.jpg,48ص56234
22464.jpg,32ص91634
22466.jpg,24ص67434
22467.jpg,19ص95234
22468.jpg,79ص54834
22469.jpg,81ص69134
22470.jpg,41ص52214
22471.jpg,69ص67334
22472.jpg,67ص64234
22473.jpg,98ص54522
22474.jpg,91ص62434
22475.jpg,59ص94134
22476.jpg,24ص67434
22477.jpg,77ص93434
22478.jpg,96ص79856
22479.jpg,87ص13234
22480.jpg,96ص84934
22481.jpg,77ص97734
22484.jpg,26ص36334
22485.jpg,28ص71734
22486.jpg,88ص11434
22487.jpg,15ص78834
22488.jpg,36ص24234
22489.jpg,45ص89434
22490.jpg,77ص22534
22491.jpg,25ص44634
22493.jpg,85ص71534
22494.jpg,26ص82316
22495.jpg,13ص32287
22496.jpg,89ص65724
22497.jpg,89ص14834
22498.jpg,11ص43934
22501.jpg,95ص53434
22502.jpg,78ص28634
22503.jpg,68ص57334
22504.jpg,94ص27534
22505.jpg,29ص47524
22507.jpg,73ص73334
22508.jpg,11ص31334
22509.jpg,89ص14834
22510.jpg,21ص23734
22511.jpg,59ص93934
22512.jpg,55ص76434
22513.jpg,96ص84934
22514.jpg,91ص62434
22516.jpg,65ص51231
22518.jpg,55ص21536
22520.jpg,11ص89734
22523.jpg,55ص36134
22524.jpg,84ص73134
22525.jpg,85ص27834
22527.jpg,14ص85616
22528.jpg,21ص32684
22529.jpg,88ص19634
22530.jpg,23ص79914
22531.jpg,59ص93934
22532.jpg,87ص56534
22533.jpg,18ص39134
22534.jpg,61ص61134
22535.jpg,14ص33822
22538.jpg,67ص82534
22539.jpg,41ص95634
22540.jpg,71ص31334
22542.jpg,12ص52434
22543.jpg,38ص41614
22544.jpg,75ص24155
22546.jpg,95ص61234
22548.jpg,36ص24234
22549.jpg,25ص46134
22550.jpg,96ص14434
22551.jpg,47ص55234
22553.jpg,73ص55434
22555.jpg,15ص26134
22556.jpg,41ص11238
22557.jpg,73ص38234
22560.jpg,66ص94134
22561.jpg,95ص71524
22562.jpg,45ص84866
22564.jpg,29ص44812
22569.jpg,15ص99534
22570.jpg,85ص86934
22571.jpg,64ص32934
22572.jpg,13ص12134
22574.jpg,81ص71434
22576.jpg,15ص21234
22578.jpg,29ص16114
22580.jpg,46ص53734
22581.jpg,79ص78934
22582.jpg,62ص17434
22583.jpg,81ص17834
22584.jpg,12ص52434
22585.jpg,64ص77134
22586.jpg,44ص46324
22587.jpg,37ص86534
22588.jpg,55ص59234
22589.jpg,15ص26134
22590.jpg,98ص58534
22591.jpg,93ص22634
22593.jpg,57ص93134
22594.jpg,68ص57334
22595.jpg,74ص78724
22596.jpg,55ص45634
22597.jpg,92ص76334
22598.jpg,96ص56266
22599.jpg,81ص17777
22601.jpg,52ص88366
22602.jpg,93ص72366
22603.jpg,68ص83621
22604.jpg,19ص43677
22605.jpg,16ص28877
22607.jpg,12ص42138
22608.jpg,16ص81555
22609.jpg,44ص82416
22610.jpg,15ص71991
22611.jpg,38ص88910
22612.jpg,37ص39811
22613.jpg,62ص82799
22614.jpg,15ص22577
22615.jpg,69ص78377
22616.jpg,25ص68199
22617.jpg,85ص74511
22618.jpg,63ص85199
22619.jpg,44ص31711
22620.jpg,81ص85755
22621.jpg,47ص44299
22622.jpg,15ص23577
22623.jpg,47ص75588
22624.jpg,11ص83211
22625.jpg,69ص41999
22626.jpg,61ص21910
22627.jpg,42ص84488
22628.jpg,99ص55599
22629.jpg,22ص14576
22630.jpg,67ص65310
22631.jpg,44ص85410
22632.jpg,69ص16544
22633.jpg,84ص64411
22634.jpg,63ص45610
22635.jpg,87ص98610
22636.jpg,21ص72644
22637.jpg,98ص11944
22639.jpg,44ص94622
22640.jpg,34ص93344
22641.jpg,99ص65711
22642.jpg,55ص29999
22643.jpg,67ص25299
22644.jpg,85ص54310
22645.jpg,67ص71377
22646.jpg,93ص56599
22647.jpg,22ص11255
22649.jpg,65ص89222
22650.jpg,22ص66988
22651.jpg,24ص94733
22653.jpg,98ص51433
22656.jpg,41ص99941
22657.jpg,54ص16810
22658.jpg,98ص15555
22659.jpg,16ص82344
22660.jpg,15ص58811
22662.jpg,44ص15278
22663.jpg,81ص23177
22665.jpg,61ص67444
22666.jpg,53ص84466
22667.jpg,51ص29922
22668.jpg,52ص42699
22669.jpg,78ص21844
22671.jpg,14ص88488
22672.jpg,74ص84844
22673.jpg,33ص13410
22674.jpg,75ص83410
22675.jpg,89ص75633
22676.jpg,58ص28488
22679.jpg,31ص47111
22681.jpg,58ص68722
22682.jpg,63ص21511
22683.jpg,74ص19423
22684.jpg,67ص39353
22685.jpg,86ص68816
22686.jpg,72ص58147
22687.jpg,12ص25899
22688.jpg,37ص91157
22689.jpg,37ص39821
22690.jpg,43ص19888
22693.jpg,22ص28744
22694.jpg,33ص31657
22695.jpg,63ص25522
22696.jpg,83ص48677
22697.jpg,63ص29844
22699.jpg,11ص45277
22701.jpg,71ص59777
22703.jpg,48ص47777
22704.jpg,22ص71655
22705.jpg,89ص51888
22706.jpg,25ص36110
22707.jpg,25ص36110
22708.jpg,14ص64155
22709.jpg,61ص17688
22710.jpg,52ص42844
22712.jpg,73ص64299
22713.jpg,98ص31178
22715.jpg,43ص71511
22716.jpg,19ص62177
22717.jpg,73ص78578
22718.jpg,51ص34488
22719.jpg,98ص62911
22720.jpg,63ص78466
22721.jpg,73ص63999
22722.jpg,81ص34288
22723.jpg,66ص68955
22725.jpg,47ص85921
22726.jpg,56ص46478
22727.jpg,87ص55878
22728.jpg,33ص28744
22729.jpg,87ص77422
22730.jpg,73ص14610
22731.jpg,24ص28444
22732.jpg,49ص55411
22733.jpg,49ص55411
22734.jpg,49ص55411
22735.jpg,96ص81417
22736.jpg,36ص13766
22737.jpg,36ص13766
22738.jpg,36ص13766
22740.jpg,49ص49444
22741.jpg,81ص59366
22742.jpg,17ص28922
22743.jpg,94ص61344
22744.jpg,95ص13910
22745.jpg,69ص46710
22746.jpg,22ص68666
22747.jpg,51ص63888
22748.jpg,67ص69177
22750.jpg,97ص39844
22751.jpg,63ص61733
22752.jpg,68ص13388
22753.jpg,95ص88466
22755.jpg,93ص29510
22756.jpg,96ص58944
22758.jpg,97ص39844
22759.jpg,99ص91134
22760.jpg,82ص85810
22761.jpg,81ص14699
22762.jpg,23ص52188
22763.jpg,51ص35979
22765.jpg,62ص94479
22766.jpg,33ص91979
22767.jpg,68ص13379
22768.jpg,13ص38688
22769.jpg,91ص22755
22771.jpg,75ص63411
22774.jpg,33ص67738
22776.jpg,69ص71979
22777.jpg,98ص23279
22779.jpg,39ص68291
22780.jpg,68ص64379
22781.jpg,98ص36821
22782.jpg,47ص29679
22784.jpg,91ص66910
22785.jpg,73ص63278
22787.jpg,85ص25882
22788.jpg,98ص94678
22789.jpg,33ص72678
22790.jpg,44ص31778
22791.jpg,27ص21878
22792.jpg,54ص13199
22793.jpg,78ص88399
22794.jpg,98ص83433
22795.jpg,91ص54233
22796.jpg,49ص12666
22797.jpg,18ص66766
22799.jpg,45ص21310
22800.jpg,41ص83755
22801.jpg,21ص96488
22803.jpg,76ص85322
22805.jpg,85ص58121
22806.jpg,98ص56218
22807.jpg,69ص34112
22808.jpg,77ص45355
22809.jpg,71ص14518
22811.jpg,26ص24311
22812.jpg,65ص33416
22813.jpg,88ص43716
22814.jpg,53ص73116
22816.jpg,62ص78525
22817.jpg,98ص19416
22818.jpg,13ص19666
22819.jpg,92ص86216
22820.jpg,99ص16616
22822.jpg,22ص49216
22823.jpg,44ص83416
22824.jpg,22ص59528
22825.jpg,82ص82710
22826.jpg,15ص84962
22827.jpg,52ص49616
22829.jpg,26ص59716
22830.jpg,36ص82622
22831.jpg,76ص37216
22832.jpg,19ص71316
22833.jpg,94ص48116
22834.jpg,91ص57199
22835.jpg,18ص88677
22836.jpg,56ص85416
22837.jpg,56ص85416
22838.jpg,57ص87919
22840.jpg,84ص66816
22841.jpg,22ص96416
22842.jpg,72ص78316
22843.jpg,43ص86999
22844.jpg,51ص81136
22845.jpg,27ص51316
22846.jpg,99ص15711
22847.jpg,79ص12856
22848.jpg,14ص53116
22849.jpg,99ص56718
22850.jpg,77ص16618
22851.jpg,94ص37818
22852.jpg,36ص39218
22854.jpg,54ص22718
22855.jpg,11ص93618
22856.jpg,43ص77918
22857.jpg,42ص96118
22859.jpg,28ص56218
22860.jpg,22ص27618
22861.jpg,68ص74918
22863.jpg,57ص25418
22864.jpg,79ص75218
22865.jpg,91ص93618
22866.jpg,28ص88118
22867.jpg,84ص94118
22868.jpg,82ص76718
22869.jpg,57ص99718
22870.jpg,55ص62218
22871.jpg,53ص21118
22872.jpg,77ص92218
22873.jpg,71ص72218
22874.jpg,86ص32718
22875.jpg,15ص83123
22876.jpg,36ص35818
22877.jpg,93ص14718
22878.jpg,93ص15518
22879.jpg,35ص63418
22880.jpg,45ص44728
22881.jpg,61ص38718
22882.jpg,64ص62518
22885.jpg,88ص12919
22887.jpg,55ص17218
22888.jpg,54ص42218
22889.jpg,72ص43818
22890.jpg,18ص74518
22894.jpg,95ص79718
22895.jpg,87ص57418
22896.jpg,75ص79118
22899.jpg,91ص83318
22900.jpg,63ص27318
22901.jpg,25ص21118
22904.jpg,86ص87518
22905.jpg,52ص11644
22906.jpg,26ص61418
22907.jpg,29ص13918
22908.jpg,38ص88628
22909.jpg,89ص57818
22910.jpg,86ص88318
22912.jpg,52ص11067
22913.jpg,27ص74718
22915.jpg,96ص86918
22916.jpg,26ص63518
22917.jpg,67ص44318
22919.jpg,76ص51518
22920.jpg,76ص28318
22921.jpg,86ص73818
22922.jpg,21ص38718
22923.jpg,33ص71818
22924.jpg,18ص87118
22925.jpg,24ص34818
22928.jpg,53ص21118
22929.jpg,55ص62218
22930.jpg,36ص15318
22931.jpg,81ص46318
22932.jpg,77ص26918
22933.jpg,86ص16918
22934.jpg,47ص34218
22935.jpg,14ص52618
22937.jpg,49ص63518
22938.jpg,77ص86418
22939.jpg,76ص13118
22942.jpg,67ص29918
22943.jpg,92ص36418
22944.jpg,48ص37918
22945.jpg,94ص12833
22946.jpg,38ص27618
22947.jpg,94ص51218
22948.jpg,63ص47518
22949.jpg,43ص77918
22950.jpg,39ص97618
22951.jpg,11ص48318
22952.jpg,29ص91318
22953.jpg,95ص57918
22954.jpg,69ص94918
22955.jpg,48ص37918
22956.jpg,92ص36418
22957.jpg,39ص97618
22959.jpg,57ص87919
22960.jpg,46ص16922
22961.jpg,46ص53210
22962.jpg,51ص72999
22963.jpg,27ص22910
22964.jpg,83ص46977
22966.jpg,46ص27288
22967.jpg,27ص48977
22969.jpg,48ص65855
22970.jpg,84ص64411
22971.jpg,44ص84178
22972.jpg,66ص96447
22973.jpg,42ص63844
22975.jpg,25ص38218
22977.jpg,85د26555
22979.jpg,93د88566
22980.jpg,23د97999
22983.jpg,71د21520
22984.jpg,25د19920
22986.jpg,37د82744
22987.jpg,17د48711
22988.jpg,51د79188
22989.jpg,21د99816
22990.jpg,59د92916
22991.jpg,28د91916
22994.jpg,75د55216
22995.jpg,57د62916
22996.jpg,96د16316
22997.jpg,18د29916
22999.jpg,59د17816
23000.jpg,63د79316
23001.jpg,37د33816
23002.jpg,11د59188
23003.jpg,36د79966
23005.jpg,58د21816
23007.jpg,75د56616
23009.jpg,93د93116
23010.jpg,11د38530
23011.jpg,84د83236
23012.jpg,17د45312
23013.jpg,28د51474
23015.jpg,95د84974
23016.jpg,39د74312
23017.jpg,21د15112
23018.jpg,88د17714
23019.jpg,23د55412
23020.jpg,65د99912
23021.jpg,49د84174
23022.jpg,54د61112
23023.jpg,46د48574
23024.jpg,62د34336
23025.jpg,75د69212
23027.jpg,25د74712
23028.jpg,84د34174
23029.jpg,65د99912
23030.jpg,38د72574
23032.jpg,95د51266
23033.jpg,62د41622
23034.jpg,85د84931
23035.jpg,76د81538
23036.jpg,27د39568
23037.jpg,17د46138
23040.jpg,96د59210
23042.jpg,42د99733
23043.jpg,12د32568
23044.jpg,38د25679
23045.jpg,71د99210
23046.jpg,68د17989
23050.jpg,37د75910
23051.jpg,99د61733
23052.jpg,24د51166
23053.jpg,92د15210
23054.jpg,97د98328
23055.jpg,76د96877
23056.jpg,18د78579
23057.jpg,28د55746
23058.jpg,18د26576
23059.jpg,75د54279
23060.jpg,91د15610
23061.jpg,27د39568
23063.jpg,78د91838
23064.jpg,24د69479
23065.jpg,41د32814
23066.jpg,13د28968
23067.jpg,16د83489
23068.jpg,49د78489
23069.jpg,87د92523
23070.jpg,88د15438
23071.jpg,17د15110
23074.jpg,27د71555
23075.jpg,19د71795
23077.jpg,63د89396
23078.jpg,87د63379
23079.jpg,25د87589
23080.jpg,95د12922
23081.jpg,29د74659
23082.jpg,97د52668
23083.jpg,16د32437
23084.jpg,16د61110
23085.jpg,94د15125
23086.jpg,66د85199
23088.jpg,37د11568
23089.jpg,41د87989
23090.jpg,64د94855
23091.jpg,61د55938
23094.jpg,11د17615
23095.jpg,56د51696
23097.jpg,24د57719
23098.jpg,22د22519
23099.jpg,75د91419
23101.jpg,16د13399
23102.jpg,77د25619
23103.jpg,96د97519
23105.jpg,76د44919
23106.jpg,23د32519
23107.jpg,84د49767
23108.jpg,12د86574
23109.jpg,44د43767
23110.jpg,16د46477
23111.jpg,53د95799
23113.jpg,29د81367
23114.jpg,65د72441
23115.jpg,81د49988
23116.jpg,34د25499
23117.jpg,58د28211
23118.jpg,51د43420
23120.jpg,87د85866
23121.jpg,98د24899
23123.jpg,74د27423
23124.jpg,82د53767
23126.jpg,54د49811
23127.jpg,11د59777
23128.jpg,25د35638
23129.jpg,19د22966
23131.jpg,54د16833
23132.jpg,78د56367
23134.jpg,94د16724
23135.jpg,27د38652
23136.jpg,28د94644
23137.jpg,34د94188
23138.jpg,43د81510
23139.jpg,25د56220
23143.jpg,55د53966
23144.jpg,55د27667
23145.jpg,64د75477
23146.jpg,95د12888
23148.jpg,86د12111
23150.jpg,46د42813
23151.jpg,43د47410
23155.jpg,97د38277
23156.jpg,25د83620
23157.jpg,59د23210
23158.jpg,46د76913
23159.jpg,48د67322
23160.jpg,52د99643
23161.jpg,11د18444
23163.jpg,43د23222
23164.jpg,85د49720
23165.jpg,16د66533
23167.jpg,77د59333
23170.jpg,96د23653
23173.jpg,47د25577
23174.jpg,55د37211
23176.jpg,65د24722
23177.jpg,74د76213
23179.jpg,28د31213
23180.jpg,78د47555
23181.jpg,98د44513
23182.jpg,78د12244
23185.jpg,41د57674
23187.jpg,84د43953
23188.jpg,74د95399
23189.jpg,43د54513
23190.jpg,47د86855
23191.jpg,85د85967
23192.jpg,41د32567
23193.jpg,47د31299
23194.jpg,36د86722
23195.jpg,87د41477
23196.jpg,89د76588
23197.jpg,31د76278
23198.jpg,44د27920
23199.jpg,64د37820
23200.jpg,43د75720
23201.jpg,61د34388
23202.jpg,29د97920
23203.jpg,11د59599
23205.jpg,55د38510
23206.jpg,15د57319
23207.jpg,28د45966
23209.jpg,77د44166
23210.jpg,88د11310
23211.jpg,15د54718
23212.jpg,65د91455
23213.jpg,27د85566
23214.jpg,89د48210
23216.jpg,99د11666
23217.jpg,16د66533
23218.jpg,35د16533
23222.jpg,78د12244
23224.jpg,86د45810
23226.jpg,35د62210
23227.jpg,64د57877
23228.jpg,29د97920
23229.jpg,44د67466
23230.jpg,98د71499
23231.jpg,31د25110
23233.jpg,79د59111
23234.jpg,91د32477
23235.jpg,13د67319
23238.jpg,24د85820
23239.jpg,79د11299
23240.jpg,16د96131
23241.jpg,11د59599
23242.jpg,34د27422
23244.jpg,46د27211
23246.jpg,41د55677
23247.jpg,72د22111
23248.jpg,51د68544
23249.jpg,56د68599
23250.jpg,19د16920
23251.jpg,88د43811
23252.jpg,35د57533
23253.jpg,51د34310
23254.jpg,99د35177
23255.jpg,88د48846
23256.jpg,94د57444
23260.jpg,89د52111
23261.jpg,23د57276
23262.jpg,36د41499
23263.jpg,66د51511
23265.jpg,77د81851
23266.jpg,66د22211
23267.jpg,46د98155
23268.jpg,42د45577
23269.jpg,12د93299
23270.jpg,91د57111
23271.jpg,51د79144
23273.jpg,97د95999
23274.jpg,55د42911
23276.jpg,56د94211
23277.jpg,97د95999
23279.jpg,28د34699
23280.jpg,78د39411
23281.jpg,91د24520
23282.jpg,79د99355
23283.jpg,51د36320
23284.jpg,19د56166
23286.jpg,86د55511
23287.jpg,79د33233
23288.jpg,52د62155
23289.jpg,51د63972
23290.jpg,27د95510
23291.jpg,66د22211
23292.jpg,14د22138
23293.jpg,86د55511
23295.jpg,91د24520
23298.jpg,42د45577
23299.jpg,51د45299
23300.jpg,44د77310
23301.jpg,68د83299
23302.jpg,91د24520
23303.jpg,17د31111
23305.jpg,88د13899
23306.jpg,68د37999
23307.jpg,28د25266
23308.jpg,82د27716
23310.jpg,51د68544
23312.jpg,86د49477
23313.jpg,48د98163
23314.jpg,45د24655
23315.jpg,62د75499
23317.jpg,63د65688
23318.jpg,32د66893
23320.jpg,32د57663
23321.jpg,14د94763
23322.jpg,88د31877
23323.jpg,38د32820
23324.jpg,63د65688
23325.jpg,24د93899
23326.jpg,65د67820
23328.jpg,62د75499
23329.jpg,43د17666
23330.jpg,84د46593
23331.jpg,88د96363
23332.jpg,26د88577
23334.jpg,61د67393
23335.jpg,71د63993
23336.jpg,13د77199
23338.jpg,58د88563
23341.jpg,94د61284
23342.jpg,64د73120
23343.jpg,26د55493
23344.jpg,12د77199
23345.jpg,63د65688
23346.jpg,64د19993
23347.jpg,13د98978
23348.jpg,68د29293
23349.jpg,66د75993
23350.jpg,51د43420
23351.jpg,44د94488
23352.jpg,21د67520
23353.jpg,11د44993
23354.jpg,43د92592
23355.jpg,31د17293
23356.jpg,25د22968
23359.jpg,38د15693
23361.jpg,36د87163
23362.jpg,28د89533
23363.jpg,79د73293
23365.jpg,73د25363
23367.jpg,51د76873
23368.jpg,38د25120
23369.jpg,78د42899
23372.jpg,78د24693
23373.jpg,21د72563
23374.jpg,92د18755
23375.jpg,38د15693
23376.jpg,37د14233
23378.jpg,69د57263
23379.jpg,74د81544
23380.jpg,17د87299
23381.jpg,24د24253
23382.jpg,27د19355
23383.jpg,23د36911
23384.jpg,66د57610
23386.jpg,78د89420
23390.jpg,79د31111
23391.jpg,17د84599
23392.jpg,95د61299
23393.jpg,34د56866
23394.jpg,83د97743
23395.jpg,89د94466
23396.jpg,23د27777
23398.jpg,12د39467
23399.jpg,61د98433
23400.jpg,16د97110
23401.jpg,79د84744
23403.jpg,35د16533
23404.jpg,23د36911
23405.jpg,83د43833
23406.jpg,94د15713
23407.jpg,71د45123
23408.jpg,23د54811
23411.jpg,83د88220
23413.jpg,63د65688
23414.jpg,78د31944
23417.jpg,93د84767
23418.jpg,64د26144
23419.jpg,82د87814
23420.jpg,32د75944
23421.jpg,69د51720
23423.jpg,21د23823
23424.jpg,98د66213
23425.jpg,35د16533
23426.jpg,72د95333
23427.jpg,98د71499
23428.jpg,74د18310
23429.jpg,79د54615
23430.jpg,48د67322
23431.jpg,12د86574
23432.jpg,17د39255
23433.jpg,58د58343
23434.jpg,41د23224
23435.jpg,71د99744
23436.jpg,65د46241
23437.jpg,85د56320
23438.jpg,81د65920
23439.jpg,37د27911
23440.jpg,59د43177
23441.jpg,91د87522
23442.jpg,86د82138
23444.jpg,66د64231
23445.jpg,49د28781
23446.jpg,37د77555
23448.jpg,11د19833
23449.jpg,26د63153
23450.jpg,46د75622
23451.jpg,66د25171
23452.jpg,85د58410
23453.jpg,11د22888
23454.jpg,83د59177
23456.jpg,26د35820
23457.jpg,58د65255
23458.jpg,66د61910
23459.jpg,33د21268
23460.jpg,65د14179
23461.jpg,57د52110
23462.jpg,41د98522
23464.jpg,89د31999
23465.jpg,11د14699
23466.jpg,44د22999
23468.jpg,66د28710
23469.jpg,92د37966
23471.jpg,76د98820
23472.jpg,22د27467
23474.jpg,76د43911
23475.jpg,58د51433
23477.jpg,81د51420
23478.jpg,43د29566
23479.jpg,32د72221
23480.jpg,69د73688
23481.jpg,19د38753
23482.jpg,93د38222
23483.jpg,78د53520
23486.jpg,51د86613
23487.jpg,48د21966
23489.jpg,11د99520
23491.jpg,45د66566
23492.jpg,69د83753
23494.jpg,57د25911
23496.jpg,54د31222
23498.jpg,15د82855
23499.jpg,45د66566
23500.jpg,88د22310
23501.jpg,66د25171
23502.jpg,75د89722
23503.jpg,27د96671
23505.jpg,41د18113
23506.jpg,66د25255
23507.jpg,47د31299
23508.jpg,13د36655
23509.jpg,78د87466
23510.jpg,36د87613
23512.jpg,52د93920
23513.jpg,25د81520
23515.jpg,31د32619
23518.jpg,52د52571
23519.jpg,94د12416
23521.jpg,18د58399
23527.jpg,85د21719
23528.jpg,45د33419
23529.jpg,25د27455
23530.jpg,78د38716
23531.jpg,28د81738
23532.jpg,62د77616
23533.jpg,52د52571
23537.jpg,62د51719
23539.jpg,91د18720
23542.jpg,52د52571
23543.jpg,64د81816
23545.jpg,63د11816
23547.jpg,52د52571
23548.jpg,57د12316
23549.jpg,37د52499
23550.jpg,36د64177
23552.jpg,45د33419
23553.jpg,65د72427
23554.jpg,61د89519
23556.jpg,89د66516
23558.jpg,35د44933
23559.jpg,51د12419
23560.jpg,85د21719
23561.jpg,29د85716
23562.jpg,46د45173
23563.jpg,18د96167
23564.jpg,66د47963
23565.jpg,78د32322
23566.jpg,91د47416
23568.jpg,54د21716
23569.jpg,95د38263
23571.jpg,25د25516
23572.jpg,72د58563
23573.jpg,88د51943
23575.jpg,73د81412
23576.jpg,61د51816
23577.jpg,33د87181
23580.jpg,81د15162
23581.jpg,43د17716
23584.jpg,27د77147
23585.jpg,57د27810
23586.jpg,34د31110
23589.jpg,92د55816
23591.jpg,43د54967
23592.jpg,52د17511
23594.jpg,18د96167
23596.jpg,39د27216
23597.jpg,29د24333
23598.jpg,31د18177
23599.jpg,47د61757
23601.jpg,93د59855
23605.jpg,45د43671
23606.jpg,73د81412
23607.jpg,46د82773
23609.jpg,47د82891
23611.jpg,14د26174
23612.jpg,36د96327
23613.jpg,48د74178
23615.jpg,66د47963
23616.jpg,13د31154
23617.jpg,18د19977
23619.jpg,42د43366
23621.jpg,53د37966
23622.jpg,14د74377
23623.jpg,59د23324
23625.jpg,91د62843
23626.jpg,79د12399
23627.jpg,23د21388
23628.jpg,63د29578
23629.jpg,51د65238
23630.jpg,81د32445
23631.jpg,79د65410
23632.jpg,59د61177
23633.jpg,98د69855
23634.jpg,26د47699
23635.jpg,59د73466
23638.jpg,28د65155
23639.jpg,54د32724
23640.jpg,47د71566
23641.jpg,55د38310
23642.jpg,75د27562
23645.jpg,35د59910
23647.jpg,62د29999
23648.jpg,57د57622
23649.jpg,28د14488
23650.jpg,34د72538
23651.jpg,59د23324
23652.jpg,24د28766
23653.jpg,17د91622
23654.jpg,85د99824
23655.jpg,23د28810
23656.jpg,59د23324
23657.jpg,51د26120
23658.jpg,65د84466
23659.jpg,61د31910
23660.jpg,36د21436
23662.jpg,78د73920
23664.jpg,87د31182
23665.jpg,85د99824
23667.jpg,89د79420
23669.jpg,18د31141
23670.jpg,78د71874
23671.jpg,27د82436
23672.jpg,92د95353
23675.jpg,63د29578
23677.jpg,42د11938
23678.jpg,48د74499
23680.jpg,81د44474
23681.jpg,27د82436
23682.jpg,43د29974
23683.jpg,97د15812
23684.jpg,59د31374
23685.jpg,45د94612
23687.jpg,82د67338
23688.jpg,52د42474
23689.jpg,92د18412
23691.jpg,66د36874
23692.jpg,43د11922
23693.jpg,92د57920
23694.jpg,53د78436
23695.jpg,16د59836
23696.jpg,27د82436
23697.jpg,96د34412
23698.jpg,73د67810
23700.jpg,19د65736
23705.jpg,47د59455
23706.jpg,63د34636
23707.jpg,55د88520
23710.jpg,44د92888
23711.jpg,78د68255
23712.jpg,93د46966
23713.jpg,41د94474
23714.jpg,71د99233
23715.jpg,45د42974
23718.jpg,45د42974
23719.jpg,96د12544
23720.jpg,45د94612
23721.jpg,38د39955
23723.jpg,27د82436
23724.jpg,78د51736
23725.jpg,52د37236
23727.jpg,71د39222
23728.jpg,63د42812
23729.jpg,33د16155
23730.jpg,81د54712
23731.jpg,66د59724
23732.jpg,43د36138
23733.jpg,29د76412
23734.jpg,81د78566
23735.jpg,69د87136
23737.jpg,92د59721
23738.jpg,13د59736
23740.jpg,72د63668
23741.jpg,72د63668
23744.jpg,17د82438
23745.jpg,61د46120
23746.jpg,94د37120
23748.jpg,22د71199
23749.jpg,77د77488
23751.jpg,27د38755
23752.jpg,31د57899
23754.jpg,52د14899
23755.jpg,48د93810
23756.jpg,39د84111
23757.jpg,76د72220
23758.jpg,58د94820
23759.jpg,14د92723
23760.jpg,46د65522
23761.jpg,22د45555
23764.jpg,19د52920
23765.jpg,89د68155
23766.jpg,14د92723
23767.jpg,52د21655
23768.jpg,96د39716
23769.jpg,21د48320
23772.jpg,77د46510
23773.jpg,76د38720
23774.jpg,26د84120
23775.jpg,19د88799
23776.jpg,43د47520
23777.jpg,92د84120
23778.jpg,67د46222
23779.jpg,12د81211
23780.jpg,65د21299
23781.jpg,92د15293
23782.jpg,15د23655
23783.jpg,35د54310
23784.jpg,43د54169
23785.jpg,82د24399
23786.jpg,35د16533
23788.jpg,25د45420
23789.jpg,65د64559
23790.jpg,43د45210
23792.jpg,82د77999
23793.jpg,68د88499
23794.jpg,55د88520
23795.jpg,86د62199
23796.jpg,45د96811
23797.jpg,77د13320
23799.jpg,27د79924
23801.jpg,38د97324
23802.jpg,27د28324
23803.jpg,61د36924
23804.jpg,83د18824
23805.jpg,23د54524
23806.jpg,22د28966
23807.jpg,66د86820
23808.jpg,53د57324
23810.jpg,13د25724
23811.jpg,92د98624
23812.jpg,91د76824
23813.jpg,15د79824
23814.jpg,63د13624
23815.jpg,84د84724
23817.jpg,92د54534
23818.jpg,53د25124
23819.jpg,31د76124
23821.jpg,52د15624
23822.jpg,22د61924
23824.jpg,18د66931
23825.jpg,43د54414
23828.jpg,87د38124
23830.jpg,67د69524
23831.jpg,98د24624
23832.jpg,22د47322
23833.jpg,55د38310
23834.jpg,78د56624
23835.jpg,15د64824
23836.jpg,37د83124
23837.jpg,92د52124
23838.jpg,34د35199
23839.jpg,86د61524
23841.jpg,41د72724
23842.jpg,22د79524
23843.jpg,85د93624
23845.jpg,92د52124
23846.jpg,54د52344
23847.jpg,81د25124
23848.jpg,11د99424
23849.jpg,11د99424
23850.jpg,47د97822
23851.jpg,95د82224
23854.jpg,48د27724
23856.jpg,18د66931
23857.jpg,83د13524
23858.jpg,13د35724
23860.jpg,43د64568
23861.jpg,54د47524
23862.jpg,23د25477
23863.jpg,17د81524
23864.jpg,87د99614
23866.jpg,83د18824
23867.jpg,18د47124
23869.jpg,21د28724
23870.jpg,53د57324
23872.jpg,59د86824
23873.jpg,97د39924
23874.jpg,88د25324
23875.jpg,13د15324
23876.jpg,91د17524
23877.jpg,66د24931
23879.jpg,95د82224
23882.jpg,76د76722
23883.jpg,24د33699
23884.jpg,25د25810
23885.jpg,83د81524
23887.jpg,37د26524
23890.jpg,26د58544
23891.jpg,49د68668
23892.jpg,28د51668
23893.jpg,42د22711
23894.jpg,35د27121
23896.jpg,25د25368
23897.jpg,35د39338
23898.jpg,86د57838
23900.jpg,61د56524
23902.jpg,86د74178
23903.jpg,73د53238
23905.jpg,99د52368
23906.jpg,79د23331
23907.jpg,57د67528
23908.jpg,84د14638
23909.jpg,26د38338
23910.jpg,61د22387
23911.jpg,37د51738
23914.jpg,85د46566
23915.jpg,51د43420
23916.jpg,45د51468
23917.jpg,14د38644
23918.jpg,96د57938
23919.jpg,81د13838
23922.jpg,17د64711
23923.jpg,97د87132
23924.jpg,67د52568
23927.jpg,25د28522
23929.jpg,96د11338
23930.jpg,62د85468
23931.jpg,29د72863
23932.jpg,24د78420
23933.jpg,69د38724
23934.jpg,67د69268
23936.jpg,64د81724
23937.jpg,22د51710
23938.jpg,86د29320
23941.jpg,99د48255
23942.jpg,64د51468
23943.jpg,42د37738
23944.jpg,91د87424
23946.jpg,86د42568
23947.jpg,87د83377
23948.jpg,31د95120
23949.jpg,75د36238
23950.jpg,62د95738
23951.jpg,79د86624
23952.jpg,69د38724
23954.jpg,12د59755
23956.jpg,93د47255
23957.jpg,73د36924
23959.jpg,51د21124
23960.jpg,86د62722
23961.jpg,65د83510
23962.jpg,74د95724
23963.jpg,64د49820
23964.jpg,56د63868
23965.jpg,24د54724
23967.jpg,13د35724
23968.jpg,18د66931
23969.jpg,73د36924
23971.jpg,44د93333
23973.jpg,85د99824
23974.jpg,96د74668
23975.jpg,27د66138
23977.jpg,44د53638
23978.jpg,44د76938
23980.jpg,99د21624
23981.jpg,69د38724
23982.jpg,79د86624
23983.jpg,65د12720
23985.jpg,18د66931
23986.jpg,45د16733
23988.jpg,56د87968
23989.jpg,27د28324
23991.jpg,92د52124
23992.jpg,91د17524
23993.jpg,92د52124
23994.jpg,24د42224
23997.jpg,59د86824
23998.jpg,88د25324
23999.jpg,75د56216
24001.jpg,32د56668
24002.jpg,32د72524
24003.jpg,46د33934
24004.jpg,15د95524
24005.jpg,11د87638
24006.jpg,77د29166
24007.jpg,59د23324
24008.jpg,37د83124
24010.jpg,54د32734
24013.jpg,83د18824
24014.jpg,21د87638
24015.jpg,76د16731
24017.jpg,59د23324
24018.jpg,58د13988
24019.jpg,41د94568
24020.jpg,54د47524
24022.jpg,44د76938
24023.jpg,22د79524
24024.jpg,51د86268
24025.jpg,59د86824
24026.jpg,59د23324
24027.jpg,53د57324
24029.jpg,75د56216
24035.jpg,31د94648
24038.jpg,54د32724
24039.jpg,13د35724
24041.jpg,96د77610
24042.jpg,95د94968
24044.jpg,52د15624
24045.jpg,77د39122
24047.jpg,31د24120
24049.jpg,59د14999
24050.jpg,69د63510
24052.jpg,83د81524
24053.jpg,23د33724
24054.jpg,42د16324
24055.jpg,15د64824
24056.jpg,46د74436
24057.jpg,65د53820
24059.jpg,36د21436
24060.jpg,63د13624
24061.jpg,22د61924
24062.jpg,53د25124
24063.jpg,68د96424
24064.jpg,18د47124
24066.jpg,24د54724
24067.jpg,66د24931
24068.jpg,67د69524
24069.jpg,83د18824
24070.jpg,88د16524
24072.jpg,12د32224
24074.jpg,66د86820
24075.jpg,54د42324
24076.jpg,95د82224
24077.jpg,48د27724
24078.jpg,24د37424
24079.jpg,98د24624
24080.jpg,43د54414
24081.jpg,56د36233
24082.jpg,83د82324
24084.jpg,31د24120
24085.jpg,31د25224
24086.jpg,86د61524
24087.jpg,13د15324
24088.jpg,81د25124
24089.jpg,86د74178
24091.jpg,97د39924
24092.jpg,43د66533
24093.jpg,89د97716
24095.jpg,51د21124
24096.jpg,81د44474
24097.jpg,23د33724
24098.jpg,84د84724
24099.jpg,27د82436
24100.jpg,47د42274
24101.jpg,24د54724
24102.jpg,31د76124
24104.jpg,87د99614
24105.jpg,78د71874
24106.jpg,74د95724
24107.jpg,92د98624
24108.jpg,64د77224
24111.jpg,64د81724
24112.jpg,37د26524
24114.jpg,19د33274
24117.jpg,49د82836
24118.jpg,58د21324
24119.jpg,17د81524
24120.jpg,24د94814
24122.jpg,85د93624
24124.jpg,16د59616
24125.jpg,51د99466
24126.jpg,62د81666
24130.jpg,21د38366
24131.jpg,12د57320
24132.jpg,12د57320
24134.jpg,79د18922
24135.jpg,96د33677
24136.jpg,46د68566
24138.jpg,87د43466
24140.jpg,69د16877
24142.jpg,52د92911
24143.jpg,99د77877
24144.jpg,75د88554
24145.jpg,46د94110
24146.jpg,85د89779
24147.jpg,41د16120
24149.jpg,83د71714
24150.jpg,71د54468
24151.jpg,25د71199
24152.jpg,58د92799
24153.jpg,89د33611
24154.jpg,85د49877
24157.jpg,68د78199
24158.jpg,75د74838
24160.jpg,41د28120
24161.jpg,23د46310
24162.jpg,32د95399
24164.jpg,13د43210
24166.jpg,95د71488
24167.jpg,56د69210
24169.jpg,45د49199
24170.jpg,45د43199
24172.jpg,68د53677
24173.jpg,64د39777
24174.jpg,82د67488
24175.jpg,36د78866
24177.jpg,33د18555
24179.jpg,41د95755
24180.jpg,88د29566
24181.jpg,53د24820
24182.jpg,65د92820
24183.jpg,44د38144
24184.jpg,44د38144
24185.jpg,23د18120
24187.jpg,89د76220
24188.jpg,51د84820
24189.jpg,51د14199
24191.jpg,74د77510
24193.jpg,26د38866
24194.jpg,67د97633
24195.jpg,84د15620
24197.jpg,73د78155
24198.jpg,38د18333
24199.jpg,12د81655
24200.jpg,91د24920
24201.jpg,31د87355
24202.jpg,52د29899
24203.jpg,91د41588
24204.jpg,49د77657
24206.jpg,93د35155
24207.jpg,87د21610
24208.jpg,35د99310
24209.jpg,15د14733
24210.jpg,96د51719
24212.jpg,22د65511
24213.jpg,75د55277
24214.jpg,38د32120
24215.jpg,47د29799
24216.jpg,24د72610
24217.jpg,73د36566
24219.jpg,85د95222
24221.jpg,52د47544
24222.jpg,81د19620
24224.jpg,26د63410
24227.jpg,38د33799
24228.jpg,97د38222
24230.jpg,96د89811
24231.jpg,15د36457
24232.jpg,79د42110
24233.jpg,29د88910
24234.jpg,79د42110
24235.jpg,92د44247
24236.jpg,42د62266
24237.jpg,65د79233
24238.jpg,65د79233
24239.jpg,18د29266
24240.jpg,28د75957
24241.jpg,91د59710
24242.jpg,55د32121
24245.jpg,68د81247
24246.jpg,79د42110
24247.jpg,38د36687
24248.jpg,42د62266
24249.jpg,38د36687
24250.jpg,42د62266
24251.jpg,79د42110
24252.jpg,65د14210
24253.jpg,11د12341
24254.jpg,11د12341
24255.jpg,71د18291
24256.jpg,71د18291
24258.jpg,43د19571
24259.jpg,62د58643
24260.jpg,95د91411
24261.jpg,31د76457
24262.jpg,79د69520
24263.jpg,25د87320
24264.jpg,51د43420
24266.jpg,35د59910
24267.jpg,37د14233
24268.jpg,11د83344
24269.jpg,11د83344
24270.jpg,55د77520
24271.jpg,52د28366
24272.jpg,74د34610
24273.jpg,87د17455
24274.jpg,28د81466
24275.jpg,63د65688
24277.jpg,51د43420
24279.jpg,86د49477
24280.jpg,98د35422
24283.jpg,97د27910
24284.jpg,73د67820
24285.jpg,47د58988
24286.jpg,46د62233
24287.jpg,53د16899
24288.jpg,52د61599
24290.jpg,25د29820
24291.jpg,26د44611
24294.jpg,77د81899
24295.jpg,19د16644
24296.jpg,95د63868
24297.jpg,18د26633
24298.jpg,39د24833
24300.jpg,28د88120
24301.jpg,62د68133
24302.jpg,79د12933
24303.jpg,87د21115
24304.jpg,57د62822
24305.jpg,69د41755
24306.jpg,74د52520
24308.jpg,65د49121
24309.jpg,21د35866
24311.jpg,51د25120
24312.jpg,68د53844
24313.jpg,68د53844
24314.jpg,39د81611
24315.jpg,74د82666
24316.jpg,15د55233
24317.jpg,46د85991
24318.jpg,81د97491
24319.jpg,84د69791
24322.jpg,82د35591
24323.jpg,82د21244
24324.jpg,52د25610
24326.jpg,53د41641
24327.jpg,18د71611
24328.jpg,51د98620
24329.jpg,81د43310
24332.jpg,49د44889
24333.jpg,36د38485
24334.jpg,74د73691
24335.jpg,23د88191
24336.jpg,78د12791
24337.jpg,67د66789
24338.jpg,61د61556
24339.jpg,94د65367
24340.jpg,27د16291
24343.jpg,61د47988
24344.jpg,35د19788
24345.jpg,61د41577
24346.jpg,74د19955
24347.jpg,68د88166
24348.jpg,26د16520
24349.jpg,21د77288
24350.jpg,98د18266
24351.jpg,53د54710
24352.jpg,31د38666
24353.jpg,48د91979
24354.jpg,75د77110
24355.jpg,63د78520
24356.jpg,56د88633
24357.jpg,94د76620
24358.jpg,84د53566
24359.jpg,33د93566
24360.jpg,19د88210
24361.jpg,43د38720
24362.jpg,41د89477
24363.jpg,48د12588
24364.jpg,13د12861
24365.jpg,31د38666
24366.jpg,33د76410
24367.jpg,18د61820
24368.jpg,35د83455
24369.jpg,29د14820
24370.jpg,22د28210
24372.jpg,16د49755
24374.jpg,13د24574
24375.jpg,52د48838
24376.jpg,77د76738
24377.jpg,43د54721
24378.jpg,59د47718
24380.jpg,66د97920
24381.jpg,39د37316
24382.jpg,39د37316
24383.jpg,39د37316
24384.jpg,22د94216
24385.jpg,18د52633
24386.jpg,58د98816
24387.jpg,49د81947
24388.jpg,11د38116
24389.jpg,41د94788
24390.jpg,27د99938
24391.jpg,17د45922
24392.jpg,39د37316
24393.jpg,67د16716
24394.jpg,93د88566
24395.jpg,88د67316
24396.jpg,51د61816
24398.jpg,33د91616
24399.jpg,63د39316
24402.jpg,12د42616
24404.jpg,59د98516
24405.jpg,11د93416
24406.jpg,27د64816
24407.jpg,27د64816
24408.jpg,58د94622
24409.jpg,45د64716
24411.jpg,72د62610
24412.jpg,44د27516
24413.jpg,67د22899
24414.jpg,94د65799
24416.jpg,87د83922
24417.jpg,86د84916
24418.jpg,48د62216
24421.jpg,94د63116
24422.jpg,48د51816
24423.jpg,25د31557
24424.jpg,91د33220
24425.jpg,25د31557
24426.jpg,12د31816
24428.jpg,57د51816
24429.jpg,95د11916
24430.jpg,73د97744
24432.jpg,96د32416
24434.jpg,66د57988
24436.jpg,22د63716
24437.jpg,41د94533
24438.jpg,49د79816
24441.jpg,22د57116
24444.jpg,12د62718
24445.jpg,95د46218
24446.jpg,25د14818
24447.jpg,26د95818
24449.jpg,42د73518
24450.jpg,36د77411
24451.jpg,29د17820
24452.jpg,81د17918
24456.jpg,64د52218
24457.jpg,74د47918
24459.jpg,49د19118
24460.jpg,72د26818
24461.jpg,62د83618
24464.jpg,11د75718
24466.jpg,54د79418
24468.jpg,91د54422
24469.jpg,45د39918
24470.jpg,28د32718
24471.jpg,14د94518
24473.jpg,15د75218
24475.jpg,61د25518
24476.jpg,43د12918
24477.jpg,52د45618
24478.jpg,83د15818
24479.jpg,78د64118
24480.jpg,78د17318
24481.jpg,21د95818
24482.jpg,53د39618
24483.jpg,69د95518
24484.jpg,75د27618
24488.jpg,23د97999
24489.jpg,91د22087
24490.jpg,74د91318
24491.jpg,78د87618
24492.jpg,71د64116
24493.jpg,86د24418
24496.jpg,43د94718
24497.jpg,45د85418
24500.jpg,88د99418
24501.jpg,45د73318
24502.jpg,94د81218
24503.jpg,14د85618
24504.jpg,99د43318
24505.jpg,34د92518
24506.jpg,32د45818
24507.jpg,14د34818
24509.jpg,98د83618
24510.jpg,38د79422
24511.jpg,32د81918
24513.jpg,86د53388
24514.jpg,91د68518
24515.jpg,31د75318
24516.jpg,72د36218
24518.jpg,98د48218
24521.jpg,54د98418
24522.jpg,14د22318
24523.jpg,82د51218
24525.jpg,51د53918
24526.jpg,65د89318
24527.jpg,14د22318
24528.jpg,66د42521
24529.jpg,13د87718
24530.jpg,27د57518
24531.jpg,71د15518
24532.jpg,38د95318
24535.jpg,95د54410
24536.jpg,95د54410
24537.jpg,95د13810
24538.jpg,68د27522
24539.jpg,38د86844
24540.jpg,22د27474
24541.jpg,12د75222
24542.jpg,99د91999
24543.jpg,51د83199
24544.jpg,96د68110
24545.jpg,96د68110
24546.jpg,29د75642
24548.jpg,69د81478
24549.jpg,59د42920
24551.jpg,88د61511
24552.jpg,56د49411
24553.jpg,28د25988
24554.jpg,59د61177
24555.jpg,53د54710
24556.jpg,12د61368
24557.jpg,58د64544
24558.jpg,25د19920
24559.jpg,59د61177
24560.jpg,26د27511
24561.jpg,74د26911
