step,grad_norm,lr_group0,letter_softmax_gt_0.99,grad_stem.0.weight,grad_stages.1.1.conv2.weight,grad_stages.3.1.conv2.weight,grad_head.fc.weight,grad_head.letter_head.weight,zero_frac_stem.2,zero_frac_stages.1.1.relu2,zero_frac_stages.3.1.relu2,zero_frac_head.reduce.2,zero_frac_head.act
0,0.8039302825927734,8.000627337078161e-05,0.0,0.24494123458862305,0.0,0.0,0.28557825088500977,0.2502809166908264,0.4948137402534485,0.5044141411781311,0.49883365631103516,0.49710798263549805,0.4959564208984375
10,0.6729636788368225,8.075897866179028e-05,0.0,0.16689789295196533,6.174825102789328e-05,4.9119782488560304e-05,0.21032685041427612,0.21873489022254944,0.49573180079460144,0.23269569873809814,0.2214505672454834,0.4955718517303467,0.5042724609375
20,0.6362418532371521,8.276523098944594e-05,0.0,0.18523573875427246,6.704168481519446e-05,6.20478022028692e-05,0.17306268215179443,0.19215115904808044,0.49341583251953125,0.22087913751602173,0.21738100051879883,0.4964301586151123,0.5214080810546875
30,0.6230109333992004,8.60224085604724e-05,0.0,0.13346777856349945,7.122517126845196e-05,6.516243593068793e-05,0.1512366384267807,0.2152116745710373,0.5017006397247314,0.22386407852172852,0.21582579612731934,0.49627232551574707,0.5338134765625
40,0.5760390162467957,9.052625485831052e-05,0.0,0.10828839242458344,7.492618897231296e-05,7.009693217696622e-05,0.12739737331867218,0.19572637975215912,0.4933992028236389,0.2219083309173584,0.21355605125427246,0.4960634708404541,0.540924072265625
50,0.5869428515434265,9.62708842055808e-05,0.0,0.12311400473117828,7.881351484684274e-05,7.22329132258892e-05,0.12472938746213913,0.25080135464668274,0.4920070469379425,0.22218942642211914,0.21199893951416016,0.49706077575683594,0.54498291015625
60,0.6170434951782227,0.00010324878945555563,0.0,0.1225719079375267,7.573965558549389e-05,7.317913696169853e-05,0.11707986146211624,0.2170119434595108,0.4943576455116272,0.21459025144577026,0.20865845680236816,0.4959754943847656,0.547576904296875
70,0.5997979640960693,0.00011145085180258108,0.0,0.18952912092208862,7.733339589321986e-05,7.412956620100886e-05,0.11062904447317123,0.241318479180336,0.49649578332901,0.20782470703125,0.20738840103149414,0.49677348136901855,0.5453643798828125
80,0.6401907801628113,0.00012086635269863838,0.0,0.10544902831315994,8.33877784316428e-05,8.136565884342417e-05,0.10920869559049606,0.2432018667459488,0.49929311871528625,0.20588445663452148,0.20817208290100098,0.49628758430480957,0.5431365966796875
90,0.589050829410553,0.00013148298786046122,0.0,0.11490238457918167,8.37328698253259e-05,8.700848411535844e-05,0.10329059511423111,0.19912022352218628,0.4950215816497803,0.20707356929779053,0.21468210220336914,0.49745774269104004,0.54010009765625
100,0.6471074223518372,0.00014328688334891448,0.0,0.09223169833421707,9.24194828257896e-05,9.505709022050723e-05,0.11250429600477219,0.22883427143096924,0.49313482642173767,0.20705080032348633,0.21755719184875488,0.4977762699127197,0.5350341796875
110,0.6191197037696838,0.0001562626136996136,0.0,0.09175726771354675,9.252470044884831e-05,0.00010449792171129957,0.10302343964576721,0.20036016404628754,0.49587613344192505,0.21028929948806763,0.2169809341430664,0.4986865520477295,0.531036376953125
120,0.6270153522491455,0.00017039322208109767,0.0,0.08774818480014801,0.00010325789480702952,0.00010658337123459205,0.10409166663885117,0.2371729016304016,0.49592846632003784,0.2142234444618225,0.2138512134552002,0.4985315799713135,0.5299530029296875
130,0.6021373867988586,0.00018566024245420822,0.0,0.10583087801933289,0.00011198693391634151,0.00010805386409629136,0.0969635620713234,0.1972941905260086,0.501162052154541,0.21788901090621948,0.214005708694458,0.4991459846496582,0.5260467529296875
140,0.5645913481712341,0.0002020437237037179,0.0,0.10365055501461029,0.00011972258653258905,0.00011707497469615191,0.097789466381073,0.20354445278644562,0.5011399984359741,0.21473515033721924,0.21045613288879395,0.5000908374786377,0.5202178955078125
150,0.7064032554626465,0.00021952225571067506,0.0,0.10601045191287994,0.00015061705198604614,0.00015249077114276588,0.1227140724658966,0.40039417147636414,0.49832868576049805,0.21565020084381104,0.20525813102722168,0.5009806156158447,0.5106048583984375
160,0.5305896997451782,0.00023807299733138933,0.0,0.09292447566986084,0.0001590165338711813,0.000166577854542993,0.09035667032003403,0.22777478396892548,0.4984404444694519,0.21595239639282227,0.20375466346740723,0.4993712902069092,0.50628662109375
170,0.5504493713378906,0.00025767170624649673,0.0,0.09749870747327805,0.0001697579282335937,0.00017694500274956226,0.08974409848451614,0.18063542246818542,0.49787765741348267,0.2220495343208313,0.2160933017730713,0.5034003257751465,0.5087127685546875
180,0.5305519104003906,0.00027829277064109724,0.0,0.08461777865886688,0.0001987620780710131,0.00019957107724621892,0.08661168068647385,0.19476188719272614,0.49531400203704834,0.21109867095947266,0.21763825416564941,0.5043816566467285,0.49713134765625
190,0.535893976688385,0.0002999092426745659,0.0,0.11405819654464722,0.0002342696243431419,0.0002728687832131982,0.08743476122617722,0.2178196907043457,0.4969327449798584,0.21375739574432373,0.21558165550231934,0.5055649280548096,0.4941864013671875
200,0.48924925923347473,0.00032249287369629496,0.0,0.0940689966082573,0.00023157209216151386,0.00025541469221934676,0.08072508871555328,0.17813622951507568,0.4975261688232422,0.21960246562957764,0.2138233184814453,0.5066964626312256,0.492279052734375
210,0.4966576397418976,0.0003460141511613514,0.0,0.20190444588661194,0.00024395366199314594,0.0002584942849352956,0.07251504808664322,0.17886564135551453,0.501419186592102,0.22148054838180542,0.21430253982543945,0.5061969757080078,0.47998046875
220,0.4392150938510895,0.0003704423371978041,0.0,0.0805104449391365,0.00019889799295924604,0.0002513028448447585,0.06928471475839615,0.12952300906181335,0.4986174702644348,0.21919965744018555,0.21871399879455566,0.5091149806976318,0.47705078125
230,0.41986456513404846,0.0003957455087753247,0.0,0.11360932141542435,0.0002200994931627065,0.0002464384015183896,0.06645487248897552,0.1470729112625122,0.5005273818969727,0.21377354860305786,0.21222782135009766,0.5067830085754395,0.4606475830078125
240,0.4754507839679718,0.00042189059942256417,0.0,0.10217436403036118,0.00022136428742669523,0.00029110501054674387,0.06825035810470581,0.20892879366874695,0.5000815987586975,0.21295666694641113,0.2129194736480713,0.5109608173370361,0.4635467529296875
250,0.4498034715652466,0.00044884344243879327,0.0,0.16174407303333282,0.00028274505166336894,0.0002826651616487652,0.06235804036259651,0.1420670598745346,0.49934470653533936,0.21484863758087158,0.21616601943969727,0.5142593383789062,0.45245361328125
260,0.4373980164527893,0.00047656881554333265,0.0,0.1816125512123108,0.00039167236536741257,0.00028960680356249213,0.061006493866443634,0.15015795826911926,0.49569469690322876,0.22369039058685303,0.21546196937561035,0.519005298614502,0.4500274658203125
270,0.40537938475608826,0.00050503048690443,0.0,0.08345368504524231,0.0002591368684079498,0.0002679259341675788,0.059050053358078,0.15175527334213257,0.49275994300842285,0.22730761766433716,0.21929359436035156,0.5148313045501709,0.443634033203125
280,0.4097960889339447,0.0005341912624874279,0.0,0.13504251837730408,0.00030987808713689446,0.000280828564427793,0.060338087379932404,0.158522829413414,0.5045648813247681,0.23103541135787964,0.22115206718444824,0.5168662071228027,0.4519500732421875
290,0.37291210889816284,0.0005640130346603487,0.0,0.12670518457889557,0.0002679776807781309,0.0002460840332787484,0.05471859499812126,0.13312867283821106,0.49744534492492676,0.23761004209518433,0.22494864463806152,0.5218279361724854,0.45294189453125
300,0.3929300010204315,0.0005944568319933823,0.0,0.14794886112213135,0.000273729907348752,0.00026798175531439483,0.05484774336218834,0.1228247880935669,0.49912020564079285,0.24269473552703857,0.2273871898651123,0.5249710083007812,0.43585205078125
310,0.3716633915901184,0.0006254828701871894,0.0,0.060414738953113556,0.000262818910414353,0.0002535954408813268,0.05265349894762039,0.1267262101173401,0.4883149266242981,0.24797147512435913,0.22534513473510742,0.5282459259033203,0.438690185546875
320,0.42266860604286194,0.0006570506040634761,0.0,0.13319610059261322,0.0003748986928258091,0.00034205507836304605,0.055919136852025986,0.1455124020576477,0.4990474581718445,0.2534998059272766,0.22702908515930176,0.5316975116729736,0.43255615234375
330,0.3515323996543884,0.0006891187805498924,0.0,0.1011011078953743,0.0002561125438660383,0.0002843141264747828,0.0538841187953949,0.1093868687748909,0.5016480684280396,0.2483811378479004,0.2276444435119629,0.5330080986022949,0.411834716796875
340,0.3980242609977722,0.0007216454925900147,0.0,0.24917316436767578,0.0003246282576583326,0.00036817873478867114,0.05035252124071121,0.10256699472665787,0.500609278678894,0.24269038438796997,0.2294769287109375,0.5360724925994873,0.41448974609375
350,0.3823623061180115,0.0007545882339079621,0.0,0.16726234555244446,0.0003679759392980486,0.00038645078893750906,0.05248146131634712,0.13596755266189575,0.4995213747024536,0.2409590482711792,0.22336673736572266,0.5450029373168945,0.4200439453125
360,0.35709479451179504,0.0007879039545560776,0.0,0.1851940155029297,0.0003314033383503556,0.00035243830643594265,0.04848726466298103,0.12040290236473083,0.4982881546020508,0.23973232507705688,0.22841954231262207,0.5453708171844482,0.4035491943359375
370,0.3304808437824249,0.0008215491171730904,0.0,0.08825995773077011,0.0002962120925076306,0.0003375130472704768,0.048569805920124054,0.12097027152776718,0.4964754283428192,0.24169790744781494,0.23326802253723145,0.5432162284851074,0.4061126708984375
380,0.34644195437431335,0.0008554797538792313,0.0,0.07998530566692352,0.0002683822240214795,0.00031199652585200965,0.046524662524461746,0.12579631805419922,0.4977608323097229,0.24481946229934692,0.24068593978881836,0.5440130233764648,0.39923095703125
390,0.3426748216152191,0.0008896515237339557,0.0,0.1435183733701706,0.0004967711865901947,0.0004406175867188722,0.0449565164744854,0.10733246058225632,0.49776792526245117,0.240581214427948,0.24417376518249512,0.5406434535980225,0.392120361328125
400,0.32092010974884033,0.0009240197706811893,0.0,0.06457435339689255,0.0003178839397151023,0.00036062797880731523,0.04582498222589493,0.11540095508098602,0.49508821964263916,0.24032634496688843,0.2471768856048584,0.5493884086608887,0.3962860107421875
410,0.3206401765346527,0.0009585395819063658,0.0,0.08767899870872498,0.00040575224556960166,0.00043503116467036307,0.044314637780189514,0.14259037375450134,0.49612244963645935,0.24066412448883057,0.24628734588623047,0.544694185256958,0.3986968994140625
420,0.35474610328674316,0.0009931658465290032,0.0,0.16143392026424408,0.00038421133649535477,0.00036172341788187623,0.04403547942638397,0.11469613015651703,0.4932803511619568,0.2497519850730896,0.2483692169189453,0.544804573059082,0.3887786865234375
430,0.35161349177360535,0.0010278533145541132,0.0,0.18420200049877167,0.0006198604824021459,0.0004026621172670275,0.041126761585474014,0.12609046697616577,0.4962378740310669,0.2536935806274414,0.25084352493286133,0.5406568050384521,0.3997344970703125
440,0.3798028528690338,0.001062556656005408,0.0,0.14187350869178772,0.000398617354221642,0.000386856438126415,0.049095287919044495,0.2074374407529831,0.48801493644714355,0.25140589475631714,0.2505326271057129,0.5485584735870361,0.396484375
450,0.33643659949302673,0.001097230520163027,0.0,0.18858011066913605,0.0007090415456332266,0.00047419406473636627,0.039229508489370346,0.13116753101348877,0.4887802004814148,0.2495442032814026,0.25228452682495117,0.5594785213470459,0.395294189453125
460,0.3980579078197479,0.0011318295948283701,0.0,0.2821067273616791,0.0005110428901389241,0.00032702673343010247,0.04162774607539177,0.09756464511156082,0.49687981605529785,0.2496071457862854,0.2647833824157715,0.5622241497039795,0.3917388916015625
470,0.2786997854709625,0.0011663086655385932,0.0,0.1381915658712387,0.0005522467545233667,0.0004228736797813326,0.03681575506925583,0.0788029283285141,0.4949009120464325,0.25353342294692993,0.24632525444030762,0.5533559322357178,0.3747711181640625
480,0.3039296865463257,0.0012006226746533815,0.0,0.13366928696632385,0.000484119460452348,0.0003416368563193828,0.038681548088788986,0.09121870249509811,0.4858602285385132,0.260498046875,0.25821971893310547,0.5630373954772949,0.37274169921875
490,0.3453947901725769,0.0012347267802367827,0.0,0.1917160451412201,0.0009471314842812717,0.0005412586033344269,0.04662984982132912,0.10922423005104065,0.4884962737560272,0.2546456456184387,0.23857712745666504,0.57275390625,0.372467041015625
500,0.37958788871765137,0.0012685764146571586,0.0,0.24674558639526367,0.0010345909977331758,0.0006650227005593479,0.04614391550421715,0.10371274501085281,0.48692795634269714,0.26493680477142334,0.23352551460266113,0.5792388916015625,0.3838348388671875
510,0.515153706073761,0.0013021273428286701,0.0,0.38330915570259094,0.0019374911207705736,0.0010835382854565978,0.053366776555776596,0.12217789143323898,0.489268958568573,0.26383572816848755,0.2161877155303955,0.5779421329498291,0.403656005859375
520,0.4962054491043091,0.0013353357200181883,0.0,0.3787885308265686,0.0021499504800885916,0.0012962324544787407,0.053093668073415756,0.12345653027296066,0.4958727955818176,0.25629979372024536,0.2152409553527832,0.5802953243255615,0.4127044677734375
530,0.42808207869529724,0.001368158149142091,0.0,0.2348959594964981,0.0017511490732431412,0.0013164421543478966,0.060651376843452454,0.12086131423711777,0.4964507222175598,0.2595679759979248,0.2427823543548584,0.5969018936157227,0.4344635009765625
540,0.5585671663284302,0.0014005517374780605,0.0,0.41070422530174255,0.0027053439989686012,0.0015077802818268538,0.06272366642951965,0.14649991691112518,0.4972999691963196,0.26164329051971436,0.23599672317504883,0.6077415943145752,0.4393310546875
550,0.47152653336524963,0.0014324741527177802,0.0,0.24725890159606934,0.0023644189350306988,0.001383378286845982,0.06596732884645462,0.14554502069950104,0.4768994450569153,0.2573454976081848,0.23682594299316406,0.58624267578125,0.4412841796875
560,0.45990297198295593,0.0014638836782872751,0.0,0.25699537992477417,0.0035445073153823614,0.001809541485272348,0.06865423917770386,0.12057354301214218,0.4817999005317688,0.262533962726593,0.239790678024292,0.5894138813018799,0.4471893310546875
570,0.518912672996521,0.001494739267862604,0.0,0.3066413700580597,0.004110678564757109,0.0022930875420570374,0.0775739848613739,0.1593898981809616,0.48783057928085327,0.25251853466033936,0.22760963439941406,0.5907816886901855,0.4375152587890625
580,0.5619536638259888,0.001525000599009659,0.0,0.3915584981441498,0.004368101246654987,0.0016527310945093632,0.07357655465602875,0.14084556698799133,0.4763452410697937,0.2599300146102905,0.2280893325805664,0.6142497062683105,0.4464111328125
590,0.5953264832496643,0.0015546281258779805,0.0,0.38646718859672546,0.0046409666538238525,0.002928751287981868,0.08083905279636383,0.1414794921875,0.4835397005081177,0.25790995359420776,0.22640371322631836,0.6038014888763428,0.454559326171875
600,0.6923462152481079,0.001583583130879723,0.0,0.5299301743507385,0.006354347337037325,0.003073866944760084,0.08293625712394714,0.16509705781936646,0.48294752836227417,0.2484392523765564,0.22859406471252441,0.6142902374267578,0.4645843505859375
610,0.5463196039199829,0.0016118277752862366,0.0,0.3115074038505554,0.005158510524779558,0.002434633206576109,0.08490797877311707,0.15282069146633148,0.4753453731536865,0.2632678747177124,0.23176860809326172,0.6107344627380371,0.4725341796875
620,0.6493406891822815,0.001639325148676147,0.0,0.40068110823631287,0.007246311288326979,0.004248825833201408,0.09638490527868271,0.1706281453371048,0.4721705913543701,0.2728257179260254,0.23919034004211426,0.616455078125,0.472564697265625
630,0.7527134418487549,0.0016660393171703128,0.0,0.4351682960987091,0.007363354787230492,0.005299341399222612,0.12089071422815323,0.38308951258659363,0.46480995416641235,0.2676529884338379,0.24683237075805664,0.6061036586761475,0.4800567626953125
640,0.5798193216323853,0.0016919353703906258,0.0,0.32998210191726685,0.007402240298688412,0.0037811589427292347,0.09973070025444031,0.19256876409053802,0.4644884169101715,0.25459617376327515,0.2545502185821533,0.6173088550567627,0.474761962890625
650,0.630083441734314,0.0017169794670812868,0.0,0.41360151767730713,0.00905638374388218,0.00405772402882576,0.09037241339683533,0.17197760939598083,0.4741448760032654,0.25502002239227295,0.2553131580352783,0.6200308799743652,0.4804840087890625
660,0.5713867545127869,0.0017411388793329456,0.0,0.22435754537582397,0.007762772962450981,0.004320906009525061,0.10000849515199661,0.1847950667142868,0.47818422317504883,0.26365214586257935,0.25933241844177246,0.6203603744506836,0.489501953125
670,0.5908212065696716,0.001764382035351901,0.0,0.3600606918334961,0.007053526118397713,0.003987036179751158,0.08970966935157776,0.1715085506439209,0.4633908271789551,0.2567787170410156,0.2615475654602051,0.624629020690918,0.482452392578125
680,0.749793529510498,0.0017866785607184796,0.0,0.5565997362136841,0.015899639576673508,0.005314955487847328,0.09736917912960052,0.1683385819196701,0.4693155884742737,0.26670700311660767,0.2547769546508789,0.613706111907959,0.4835205078125
690,1.1161524057388306,0.0018079993180806718,0.0,0.9933350682258606,0.012697136960923672,0.0051812464371323586,0.10033644735813141,0.18276375532150269,0.4590831398963928,0.27148282527923584,0.2716500759124756,0.6109392642974854,0.48126220703125
700,0.6062520742416382,0.0018283164452311533,0.0,0.3795164227485657,0.010445035062730312,0.006676713470369577,0.10659777373075485,0.1796182096004486,0.45795536041259766,0.28023743629455566,0.26839733123779297,0.6222493648529053,0.481781005859375
710,0.6684606671333313,0.0018476033915179341,0.0,0.40343376994132996,0.010755467228591442,0.006101550068706274,0.11249986290931702,0.19740739464759827,0.4627312123775482,0.2700258493423462,0.2805747985839844,0.6182847023010254,0.4892425537109375
720,0.5851486325263977,0.001865834952541049,0.0,0.3487754464149475,0.00923633761703968,0.005615688860416412,0.10737507045269012,0.21416495740413666,0.4522078037261963,0.28227514028549194,0.28124356269836426,0.6237995624542236,0.488739013671875
730,1.2779037952423096,0.001882987303089957,0.0,1.1730411052703857,0.016110435128211975,0.00685452064499259,0.11130289733409882,0.20476941764354706,0.45732545852661133,0.28192681074142456,0.2871270179748535,0.6293048858642578,0.487640380859375
740,0.5612189769744873,0.0018990380282785926,0.0,0.28859779238700867,0.010500049218535423,0.00715232640504837,0.10715513676404953,0.17838303744792938,0.4546055793762207,0.2900239825248718,0.28493762016296387,0.6246445178985596,0.4910125732421875
750,0.6115768551826477,0.0019139661528373955,0.0,0.33941370248794556,0.01267249509692192,0.01010484341531992,0.1178438737988472,0.2589719593524933,0.4507177472114563,0.29509878158569336,0.2925145626068115,0.6403958797454834,0.494415283203125
760,0.9496867060661316,0.0019277521685240285,0.0,0.8225242495536804,0.014038662426173687,0.007149354554712772,0.11317376047372818,0.20361696183681488,0.44770678877830505,0.28856760263442993,0.3111112117767334,0.6511447429656982,0.49237060546875
770,0.829323947429657,0.0019403780596169724,0.0,0.6841952204704285,0.01170241367071867,0.008922360837459564,0.11361590772867203,0.2082841694355011,0.4577179253101349,0.3060268759727478,0.31748008728027344,0.6513886451721191,0.4945068359375
780,0.7373601198196411,0.0019518273264586715,0.0,0.47859176993370056,0.014597693458199501,0.008370325900614262,0.12167160958051682,0.35687774419784546,0.4449102282524109,0.31006354093551636,0.32554006576538086,0.6637248992919922,0.4891204833984375
790,0.6855461597442627,0.001962085007017476,0.0,0.4783760905265808,0.01753002218902111,0.010342257097363472,0.11996923387050629,0.19766473770141602,0.44074270129203796,0.31339067220687866,0.3184525966644287,0.6554379463195801,0.485565185546875
800,0.8029979467391968,0.0019711376964401937,0.0,0.6149997711181641,0.01685040444135666,0.01091439463198185,0.13195489346981049,0.19650499522686005,0.448832631111145,0.30717021226882935,0.3267693519592285,0.6569094657897949,0.4838104248046875
810,0.7941281199455261,0.0019789735645697032,0.0,0.6322442293167114,0.01582956127822399,0.00907923560589552,0.11339090764522552,0.233924999833107,0.4453417956829071,0.32120281457901,0.33812379837036133,0.6738796234130859,0.48297119140625
820,0.6611729860305786,0.001985582371404738,0.0,0.4257831275463104,0.016444768756628036,0.012052656151354313,0.12217112630605698,0.18231834471225739,0.4360992908477783,0.3193613290786743,0.3454320430755615,0.6713793277740479,0.4877471923828125
830,0.6773061752319336,0.0019909554804816362,0.0,0.5034493207931519,0.012879230082035065,0.009748929180204868,0.11406425386667252,0.18894512951374054,0.4451557993888855,0.33551907539367676,0.3524436950683594,0.676837682723999,0.4882354736328125
840,0.5703957676887512,0.001995085870160569,0.0,0.35359451174736023,0.01204508077353239,0.011271866038441658,0.11317040026187897,0.160702183842659,0.45113280415534973,0.3236667513847351,0.3634519577026367,0.6910474300384521,0.4856719970703125
850,0.6006866097450256,0.001997968142801499,0.0,0.41672635078430176,0.012244484387338161,0.01065236609429121,0.10811566561460495,0.19150176644325256,0.44956114888191223,0.34112614393234253,0.36476588249206543,0.6797738075256348,0.486572265625
860,0.6971331834793091,0.001999598531817878,0.0,0.5513203144073486,0.020145775750279427,0.011941224336624146,0.11130819469690323,0.19517508149147034,0.4440577030181885,0.33646655082702637,0.36614251136779785,0.6787776947021484,0.4887237548828125
870,1.5196524858474731,0.001999999187854006,0.0,1.4451861381530762,0.019432246685028076,0.011066509410738945,0.10946353524923325,0.16775858402252197,0.44128113985061646,0.3341946005821228,0.3721776008605957,0.6836721897125244,0.4858856201171875
880,0.3987961709499359,0.0019999707628827225,0.0,0.1828049272298813,0.011354317888617516,0.009592907503247261,0.09484240412712097,0.1493002325296402,0.4486035108566284,0.3434355854988098,0.3845515251159668,0.6799626350402832,0.4886627197265625
890,1.063079595565796,0.001999901731930889,0.0,0.9717732071876526,0.02015264891088009,0.013442846946418285,0.1123637855052948,0.16022078692913055,0.440862774848938,0.35047703981399536,0.38191890716552734,0.6831851005554199,0.48876953125
900,0.5112248063087463,0.001999792097801668,0.0,0.33402779698371887,0.014945374801754951,0.011990310624241829,0.10025695711374283,0.17407260835170746,0.44261378049850464,0.34979838132858276,0.383026123046875,0.6826634407043457,0.487152099609375
910,0.4907718300819397,0.001999641864947009,0.0,0.3458798825740814,0.01334425713866949,0.010304938070476055,0.09388133883476257,0.14107394218444824,0.4471924304962158,0.36546820402145386,0.39716315269470215,0.6917269229888916,0.487213134765625
920,0.5545050501823425,0.001999451039467467,0.0,0.3756197392940521,0.017539341002702713,0.013856390491127968,0.10477767139673233,0.1653645634651184,0.43602415919303894,0.35442739725112915,0.3995513916015625,0.6951577663421631,0.4883270263671875
930,0.6614318490028381,0.0019992196291119544,0.0,0.5226687788963318,0.021961260586977005,0.014281203970313072,0.10578945279121399,0.17339085042476654,0.44744545221328735,0.3629149794578552,0.41001367568969727,0.6886806488037109,0.485870361328125
940,0.4986026883125305,0.001998947643277429,0.0,0.3449099361896515,0.015112093649804592,0.011670977808535099,0.09523330628871918,0.1768195927143097,0.4426775276660919,0.3645405173301697,0.41318631172180176,0.6843883991241455,0.488983154296875
950,0.6710622906684875,0.0019986350930085092,0.0,0.5530545115470886,0.018290182575583458,0.014785644598305225,0.10460460186004639,0.14692160487174988,0.43222615122795105,0.3650515079498291,0.41725850105285645,0.6928629875183105,0.488433837890625
960,0.5286486744880676,0.001998281990997027,0.0,0.38000813126564026,0.01336304284632206,0.011293596588075161,0.09397486597299576,0.20289500057697296,0.43059706687927246,0.3623374104499817,0.42447638511657715,0.6986978054046631,0.4845733642578125
970,1.69170081615448,0.001997888351581512,0.0,1.6400797367095947,0.016859080642461777,0.013996063731610775,0.10671587288379669,0.15061631798744202,0.4296019375324249,0.374703049659729,0.4238419532775879,0.7010905742645264,0.4837799072265625
980,0.3865334093570709,0.00199745419074661,0.0,0.16464252769947052,0.014076064340770245,0.01196312066167593,0.0966978445649147,0.14225685596466064,0.45001810789108276,0.38148051500320435,0.4291694164276123,0.6999163627624512,0.4844207763671875
990,0.45638298988342285,0.001996979526122434,0.0,0.31933870911598206,0.014471819624304771,0.010652253404259682,0.08984047174453735,0.1407991647720337,0.4381248652935028,0.3735288381576538,0.4333608150482178,0.698493242263794,0.4887847900390625
1000,0.5186131596565247,0.001996464376983847,0.0,0.3837871551513672,0.015438487753272057,0.012310253456234932,0.08972165733575821,0.13525108993053436,0.44812124967575073,0.3785790801048279,0.438352108001709,0.7109091281890869,0.4915008544921875
1010,0.5767388939857483,0.001995908764249679,0.0,0.41985929012298584,0.01937677711248398,0.01522805169224739,0.10099103301763535,0.14365549385547638,0.4464741051197052,0.3836156725883484,0.4411125183105469,0.712907075881958,0.4847412109375
1020,0.6389375925064087,0.0019953127104818807,0.0,0.5446985363960266,0.016491681337356567,0.012810288928449154,0.08684278279542923,0.1527051478624344,0.44115251302719116,0.3861653804779053,0.44276952743530273,0.7142369747161865,0.486724853515625
1030,0.3755655884742737,0.0019946762398846047,0.0,0.21114489436149597,0.014105205424129963,0.012095370329916477,0.08299779891967773,0.12394819408655167,0.4258246123790741,0.3832157850265503,0.44802379608154297,0.7062318325042725,0.486907958984375
1040,0.3910520076751709,0.0019939993783032223,0.0,0.2486281394958496,0.011186700314283371,0.010356779210269451,0.08014840632677078,0.1353439837694168,0.4276356101036072,0.3881183862686157,0.4515798091888428,0.708510160446167,0.4875335693359375
1050,1.212287425994873,0.001993282153223275,0.0,1.1049106121063232,0.020120123401284218,0.01681661605834961,0.108646921813488,0.365294873714447,0.42822766304016113,0.3756321668624878,0.4549071788787842,0.6997630596160889,0.4898681640625
1060,0.3939431607723236,0.001992524593769359,0.0,0.24469323456287384,0.013219572603702545,0.011806817725300789,0.08298985660076141,0.12446807324886322,0.43983370065689087,0.39520299434661865,0.4599764347076416,0.7118504047393799,0.4833831787109375
1070,0.5298727750778198,0.0019917267307039406,0.0,0.42282602190971375,0.01398476492613554,0.01248017605394125,0.08786432445049286,0.1326991319656372,0.4228719472885132,0.4008758068084717,0.4559645652770996,0.7059071063995361,0.4875640869140625
1080,0.42692098021507263,0.001990888596426109,0.0,0.27579787373542786,0.013396333903074265,0.011461788788437843,0.08309658616781235,0.19815871119499207,0.42810019850730896,0.3970770835876465,0.4596705436706543,0.7063369750976562,0.4854736328125
1090,0.35496318340301514,0.00199001022497026,0.0,0.13240905106067657,0.01387822162359953,0.012725693173706532,0.0860154926776886,0.19257542490959167,0.4285685420036316,0.3987411856651306,0.46376729011535645,0.7225515842437744,0.4848175048828125
1100,0.3292261064052582,0.0019890916520047125,0.0,0.10497336834669113,0.013789692893624306,0.012049056589603424,0.08205782622098923,0.18406973779201508,0.4281373620033264,0.3967122435569763,0.46564459800720215,0.7276811599731445,0.4880218505859375
1110,0.6478963494300842,0.001988132914830263,0.0,0.5658972263336182,0.0156725961714983,0.012442252598702908,0.077886663377285,0.1467263251543045,0.4266449809074402,0.3913647532463074,0.46604084968566895,0.7158818244934082,0.487152099609375
1120,0.3622833490371704,0.001987134052378668,0.0,0.2209606170654297,0.012309372425079346,0.010684244334697723,0.07248391956090927,0.14259330928325653,0.429775595664978,0.40131014585494995,0.4664599895477295,0.7176399230957031,0.48773193359375
1130,0.47116151452064514,0.0019860951052110658,0.0,0.3568074405193329,0.013760484755039215,0.01285015419125557,0.08408933877944946,0.1237245574593544,0.4251307547092438,0.39667052030563354,0.4654967784881592,0.7242412567138672,0.4878082275390625
1140,0.3400890827178955,0.001985016115516326,0.0,0.2138775736093521,0.013017266057431698,0.010555428452789783,0.06929223984479904,0.10763069242238998,0.4188610315322876,0.39690226316452026,0.4731464385986328,0.7136502265930176,0.4880218505859375
1150,0.39255040884017944,0.00198389712710934,0.0,0.21155712008476257,0.019596917554736137,0.014850345440208912,0.08203601092100143,0.12301956117153168,0.41867852210998535,0.3968283534049988,0.4753384590148926,0.7194476127624512,0.4888763427734375
1160,0.3693504333496094,0.00198273818542924,0.0,0.2325059324502945,0.01478536706417799,0.011871435679495335,0.07745955884456635,0.13055594265460968,0.4154743552207947,0.4024757742881775,0.4730818271636963,0.7344231605529785,0.486907958984375
1170,0.320266455411911,0.0019815393375375526,0.0,0.18748854100704193,0.012021081522107124,0.00981284212321043,0.06441668421030045,0.15260136127471924,0.41927486658096313,0.4042508602142334,0.4760608673095703,0.7273690700531006,0.4884185791015625
1180,0.9515411257743835,0.0019803006321162902,0.0,0.9092971086502075,0.015487763099372387,0.011447733268141747,0.07289112359285355,0.1082945391535759,0.428674578666687,0.4068050980567932,0.4730062484741211,0.722118616104126,0.48956298828125
1190,0.4986285865306854,0.0019790221194659736,0.0,0.38290491700172424,0.0246093962341547,0.014115510508418083,0.08443078398704529,0.11741316318511963,0.4193609952926636,0.40726715326309204,0.47405099868774414,0.7259318828582764,0.4885101318359375
1200,0.3705766499042511,0.0019777038515035876,0.0,0.12095101177692413,0.012558335438370705,0.011414717882871628,0.07722079753875732,0.23449109494686127,0.429377019405365,0.4212694764137268,0.47897911071777344,0.7352762222290039,0.4900970458984375
1210,0.4237346053123474,0.001976345881760475,0.0,0.3203032314777374,0.014646659605205059,0.013160777278244495,0.07497236132621765,0.11062716692686081,0.4256433844566345,0.4168107509613037,0.48073744773864746,0.7389752864837646,0.4900665283203125
1220,0.39784908294677734,0.001974948265380161,0.0,0.29951825737953186,0.012548619881272316,0.01094579603523016,0.0672055035829544,0.11917051672935486,0.42645788192749023,0.41712963581085205,0.4863278865814209,0.733574628829956,0.4909210205078125
1230,0.3412288725376129,0.001973511059116116,0.0,0.14469319581985474,0.01279515027999878,0.010965866968035698,0.076875701546669,0.15874351561069489,0.41431868076324463,0.4160594344139099,0.48682522773742676,0.7449028491973877,0.4891815185546875
1240,0.435397207736969,0.001972034321329449,0.0,0.3347107768058777,0.016661548987030983,0.013376179151237011,0.07200067490339279,0.09632685035467148,0.4141220450401306,0.41952890157699585,0.48614048957824707,0.734968900680542,0.4903717041015625
1250,0.49368521571159363,0.0019705181119865395,0.0,0.2177237868309021,0.014490833505988121,0.011294607073068619,0.07896480709314346,0.3750191926956177,0.4241131544113159,0.4201895594596863,0.48957371711730957,0.744105339050293,0.489288330078125
1260,0.48069965839385986,0.0019689624926566003,0.0,0.19400116801261902,0.015499912202358246,0.010993375442922115,0.06917845457792282,0.38001295924186707,0.4299071431159973,0.4226962924003601,0.48955440521240234,0.7358851432800293,0.49481201171875
1270,0.29229679703712463,0.00196736752650918,0.0,0.15330296754837036,0.01257246918976307,0.01004406064748764,0.06454616039991379,0.11852946132421494,0.42841386795043945,0.42318814992904663,0.490337610244751,0.7374987602233887,0.49365234375
1280,0.5887534618377686,0.0019657332783115946,0.0,0.49562257528305054,0.015506873838603497,0.012565527111291885,0.07952302694320679,0.20037740468978882,0.42482298612594604,0.4281080961227417,0.4902169704437256,0.7406148910522461,0.4906158447265625
1290,1.24921715259552,0.0019640598144263013,0.0,1.2093113660812378,0.018084809184074402,0.01355278491973877,0.07519885152578354,0.15977080166339874,0.4299243688583374,0.4238808751106262,0.49150919914245605,0.7287557125091553,0.49267578125
1300,0.5580568313598633,0.0019623472028082005,0.0,0.49085161089897156,0.018780911341309547,0.012266838923096657,0.06930702179670334,0.09025470912456512,0.426643431186676,0.4218660593032837,0.49610042572021484,0.7511534690856934,0.492950439453125
1310,0.3443390727043152,0.001960595513001877,0.0,0.25286054611206055,0.012418296188116074,0.009409029968082905,0.06098683923482895,0.1084791049361229,0.4307199716567993,0.41476893424987793,0.4936518669128418,0.7452232837677002,0.493194580078125
1320,0.2574687600135803,0.0019588048161387783,0.0,0.15301749110221863,0.011261755600571632,0.009317301213741302,0.05532308667898178,0.08051350712776184,0.42999666929244995,0.4193921685218811,0.5025656223297119,0.7458219528198242,0.4920196533203125
1330,0.8590803742408752,0.0019569751849343223,0.0,0.7891924977302551,0.017945734784007072,0.011796969920396805,0.06762304902076721,0.155431866645813,0.4381566643714905,0.41870421171188354,0.5003280639648438,0.7515876293182373,0.49346923828125
1340,0.44491755962371826,0.0019551066936849483,0.0,0.34025993943214417,0.018707333132624626,0.012920002453029156,0.06763729453086853,0.13065971434116364,0.4242667853832245,0.41886579990386963,0.4975271224975586,0.7460224628448486,0.4918060302734375
1350,0.44009074568748474,0.0019531994182650967,0.0,0.16769854724407196,0.014470861293375492,0.012464649975299835,0.07968834042549133,0.3381451964378357,0.43383368849754333,0.4264588952064514,0.5025436878204346,0.7515988349914551,0.493621826171875
1360,0.2924931049346924,0.0019512534361241305,0.0,0.14620956778526306,0.018153587356209755,0.01272138673812151,0.06258462369441986,0.113876111805439,0.42806077003479004,0.4242669939994812,0.498837947845459,0.7441942691802979,0.4954071044921875
1370,0.3505457937717438,0.0019492688262831898,0.0,0.259071946144104,0.012156308628618717,0.0107381921261549,0.06626569479703903,0.09375575929880142,0.427784264087677,0.42123234272003174,0.5029778480529785,0.7469334602355957,0.494598388671875
1380,0.37007245421409607,0.001947245669331981,0.0,0.26407068967819214,0.013492560014128685,0.010266145691275597,0.0644143670797348,0.1269756257534027,0.4218003749847412,0.4293487071990967,0.5034723281860352,0.7567257881164551,0.4923553466796875
1390,0.4250062108039856,0.0019451840474255069,0.0,0.35503625869750977,0.01379072479903698,0.010729702189564705,0.059650350362062454,0.09836751222610474,0.4177512526512146,0.43271368741989136,0.5079238414764404,0.7547101974487305,0.4930267333984375
1400,0.44423171877861023,0.0019430840442807287,0.0,0.3524561822414398,0.018266385421156883,0.011849579401314259,0.06968940794467926,0.09327840059995651,0.4238355755805969,0.43199872970581055,0.5054993629455566,0.7490885257720947,0.4947357177734375
1410,0.4043651819229126,0.0019409457451731677,0.0,0.3356783092021942,0.011948002502322197,0.0096934475004673,0.05945567041635513,0.1097358763217926,0.41735026240348816,0.4314277172088623,0.5056779384613037,0.7515869140625,0.4964141845703125
1420,0.3355694115161896,0.001938769236933442,0.0,0.20249947905540466,0.013115436770021915,0.011047749780118465,0.0636071190237999,0.14258094131946564,0.42632779479026794,0.4295279383659363,0.5081486701965332,0.7522265911102295,0.4936370849609375
1430,0.3186940848827362,0.0019365546079437405,0.0,0.19297556579113007,0.013967026025056839,0.011373206041753292,0.06283639371395111,0.08596804738044739,0.42808181047439575,0.42917418479919434,0.5074238777160645,0.75567626953125,0.4951934814453125
1440,0.44221046566963196,0.0019343019481342337,0.0,0.3799746036529541,0.013165464624762535,0.010366917587816715,0.05942656472325325,0.0916481614112854,0.42832237482070923,0.43646663427352905,0.5114881992340088,0.7523024082183838,0.495758056640625
1450,0.3874168395996094,0.0019320113489794224,0.0,0.32490068674087524,0.01167642418295145,0.010055269114673138,0.05599203333258629,0.08975488692522049,0.42632967233657837,0.439069926738739,0.5095205307006836,0.7545387744903564,0.4972076416015625
1460,0.3166951537132263,0.0019296829034944228,0.0,0.18495409190654755,0.018364060670137405,0.013378887437283993,0.07062654942274094,0.08118639886379242,0.4209953546524048,0.44072073698043823,0.508289098739624,0.7549240589141846,0.49542236328125
1470,0.44754236936569214,0.00192731670623119,0.0,0.38207700848579407,0.012775595299899578,0.010326218791306019,0.059085663408041,0.12609334290027618,0.4241260290145874,0.438169002532959,0.5132756233215332,0.7581536769866943,0.49639892578125
1480,0.2553461790084839,0.001924912853274677,0.0,0.13224729895591736,0.01520705595612526,0.01095499750226736,0.06052473187446594,0.08327130228281021,0.4223315715789795,0.43657737970352173,0.5114738941192627,0.7663745880126953,0.493133544921875
1490,0.30293580889701843,0.0019224714422389352,0.0,0.1981297880411148,0.014507113955914974,0.011354740709066391,0.05883270502090454,0.09681245684623718,0.4155277609825134,0.4443328380584717,0.5156385898590088,0.7612311840057373,0.495697021484375
1500,0.6280998587608337,0.0019199925722631482,0.0,0.5785322785377502,0.013381130062043667,0.012403298169374466,0.06258246302604675,0.10294966399669647,0.4157297909259796,0.4407113194465637,0.5186781883239746,0.7627396583557129,0.4973602294921875
1510,0.45068126916885376,0.0019174763440076082,0.0,0.39099419116973877,0.013654807582497597,0.010933708399534225,0.05715348944067955,0.08722779899835587,0.42180299758911133,0.44033122062683105,0.5173265933990479,0.7654933929443359,0.49615478515625
1520,0.34028196334838867,0.0019149228596496265,0.0,0.22429729998111725,0.018692882731556892,0.01052149385213852,0.05985260382294655,0.12735259532928467,0.42027348279953003,0.4410548210144043,0.5170953273773193,0.7598814964294434,0.498291015625
1530,0.3123170733451843,0.001912332222879386,0.0,0.2066771537065506,0.011831563897430897,0.010176618583500385,0.06069352105259895,0.14099083840847015,0.4283716082572937,0.44426965713500977,0.5172178745269775,0.7630631923675537,0.4947509765625
1540,0.22041472792625427,0.001909704538895729,0.0,0.08219583332538605,0.011651399545371532,0.009961530566215515,0.051105208694934845,0.07842908799648285,0.4253964424133301,0.44445860385894775,0.5180513858795166,0.7617900371551514,0.4984283447265625
1550,0.5169069170951843,0.0019070399144018872,0.0,0.46735188364982605,0.015356034971773624,0.010333698242902756,0.05312202125787735,0.07364486902952194,0.41607004404067993,0.44982731342315674,0.5186607837677002,0.7604279518127441,0.49969482421875
1560,0.3190135061740875,0.001904338457601147,0.0,0.2644309103488922,0.009812723845243454,0.008627981878817081,0.04768044874072075,0.07367055863142014,0.41948366165161133,0.4502255320549011,0.5244197845458984,0.7621579170227051,0.496368408203125
1570,0.36487969756126404,0.0019016002781924574,0.0,0.28339454531669617,0.01185722928494215,0.01027918141335249,0.05312623083591461,0.13451020419597626,0.4158651530742645,0.44674152135849,0.5234408378601074,0.7639999389648438,0.49981689453125
1580,0.46328678727149963,0.0018988254873659731,0.0,0.37990766763687134,0.018757639452815056,0.011848538182675838,0.0619591623544693,0.14443212747573853,0.41733449697494507,0.4482690095901489,0.5208454132080078,0.7657914161682129,0.4985504150390625
1590,0.27574923634529114,0.0018960141977985418,0.0,0.20330624282360077,0.010611866600811481,0.008815700188279152,0.049108393490314484,0.07103562355041504,0.41059887409210205,0.44445234537124634,0.5205225944519043,0.770580530166626,0.499267578125
1600,0.3543579578399658,0.0018931665236491273,0.0,0.29535749554634094,0.012034479528665543,0.00975215993821621,0.051394570618867874,0.06667207181453705,0.41577762365341187,0.44649994373321533,0.523174524307251,0.7646627426147461,0.496337890625
1610,0.5366672277450562,0.0018902825805541743,0.0,0.4858454465866089,0.01612885296344757,0.010929922573268414,0.05735529214143753,0.08707408607006073,0.4196223318576813,0.4449161887168884,0.5243942737579346,0.7726161479949951,0.4973602294921875
1620,0.5303751826286316,0.001887362485622912,0.0,0.4793643653392792,0.014145104214549065,0.011620644479990005,0.062323421239852905,0.09192969650030136,0.42508578300476074,0.44711941480636597,0.5188705921173096,0.7744615077972412,0.49737548828125
1630,0.405431866645813,0.0018844063574326,0.0,0.3323912024497986,0.014363554306328297,0.011399023234844208,0.058287687599658966,0.08419068902730942,0.42122381925582886,0.4481238126754761,0.5218632221221924,0.7668936252593994,0.5003204345703125
1640,0.7420206069946289,0.0018814143160237118,0.0,0.7055631279945374,0.014122305437922478,0.010834208689630032,0.059096649289131165,0.07166948914527893,0.42862504720687866,0.45055562257766724,0.5224602222442627,0.7660367488861084,0.4968414306640625
1650,0.5063523054122925,0.0018783864828950604,0.0,0.4534025490283966,0.013753755018115044,0.010201388038694859,0.05824245512485504,0.0677754133939743,0.4268375635147095,0.4546803832054138,0.5238735675811768,0.7685632705688477,0.49755859375
1660,0.24214395880699158,0.0018753229809988664,0.0,0.15369011461734772,0.010251400992274284,0.009754051454365253,0.04776296764612198,0.08482953906059265,0.4291003346443176,0.4487631916999817,0.5280075073242188,0.769995927810669,0.498870849609375
1670,0.2393835335969925,0.0018722239347357622,0.0,0.10279619693756104,0.016439585015177727,0.01132886204868555,0.058177921921014786,0.07385287433862686,0.42992204427719116,0.45149004459381104,0.5249118804931641,0.7728965282440186,0.49749755859375
1680,0.2994406819343567,0.0018690894699497427,0.0,0.20171041786670685,0.013166053220629692,0.011141528375446796,0.056566424667835236,0.07156358659267426,0.423575758934021,0.4520457983016968,0.5316956043243408,0.773963212966919,0.499786376953125
1690,0.3081539571285248,0.0018659197139230554,0.0,0.20226015150547028,0.013927898369729519,0.010305383242666721,0.05791589617729187,0.14066292345523834,0.4121082127094269,0.45800113677978516,0.5284678936004639,0.777540922164917,0.496826171875
1700,0.31296196579933167,0.0018627147953710294,0.0,0.22660116851329803,0.015030269511044025,0.01043520588427782,0.05560876801609993,0.08806483447551727,0.415540874004364,0.4523993134498596,0.5306124687194824,0.7775125503540039,0.495849609375
1710,0.2577292025089264,0.0018594748444368506,0.0,0.1873220056295395,0.009684964083135128,0.008561079390347004,0.04231391102075577,0.07011760771274567,0.4145905673503876,0.4540325999259949,0.5342731475830078,0.7665319442749023,0.4977874755859375
1720,0.33392566442489624,0.0018561999926862765,0.0,0.24628832936286926,0.016573825851082802,0.010770204477012157,0.0558789037168026,0.06953181326389313,0.42018917202949524,0.45632314682006836,0.5296378135681152,0.774224042892456,0.49957275390625
1730,0.20925645530223846,0.001852890373102294,0.0,0.08161551505327225,0.010275845415890217,0.008058938197791576,0.04768794775009155,0.11010608822107315,0.4223480224609375,0.4577510356903076,0.5326318740844727,0.77174973487854,0.49896240234375
1740,0.3444661498069763,0.001849546120079718,0.0,0.24335935711860657,0.015718193724751472,0.011921511963009834,0.05984603241086006,0.10266906023025513,0.4207841753959656,0.45291417837142944,0.5316274166107178,0.775634765625,0.4989013671875
1750,0.27963095903396606,0.0018461673694197354,0.0,0.14652793109416962,0.01472077239304781,0.011290016584098339,0.057062678039073944,0.1410280168056488,0.4206655025482178,0.4588085412979126,0.5327155590057373,0.7773494720458984,0.4993896484375
1760,0.19290398061275482,0.00184275425832439,0.0,0.09241195023059845,0.010777649469673634,0.008312816731631756,0.0418381430208683,0.07412786036729813,0.4134928584098816,0.46078646183013916,0.5391566753387451,0.782128095626831,0.50189208984375
1770,0.21082763373851776,0.001839306925391011,0.0,0.12884536385536194,0.00879635103046894,0.007922101765871048,0.044444490224123,0.07025749981403351,0.408696711063385,0.4626176953315735,0.5366451740264893,0.7794406414031982,0.5016326904296875
1780,0.2681719958782196,0.0018358255106065858,0.0,0.17802275717258453,0.012335316278040409,0.009260023012757301,0.04909699410200119,0.09462845325469971,0.41428089141845703,0.46172529458999634,0.5346834659576416,0.7734735012054443,0.5007781982421875
1790,0.24697868525981903,0.0018323101553420736,0.0,0.12554362416267395,0.013893622905015945,0.010337459854781628,0.05067841336131096,0.10101239383220673,0.4139798879623413,0.4653583765029907,0.5318710803985596,0.776890754699707,0.4993133544921875
1800,0.3836439549922943,0.0018287610023466666,0.0,0.27320846915245056,0.01498665101826191,0.0112046143040061,0.05867354944348335,0.18938565254211426,0.4198239743709564,0.46517783403396606,0.5354053974151611,0.7835724353790283,0.4989776611328125
1810,0.39634767174720764,0.0018251781957419925,0.0,0.34857138991355896,0.012474068440496922,0.009223784320056438,0.045404594391584396,0.08546300232410431,0.42325359582901,0.46169793605804443,0.53495192527771,0.7809538841247559,0.5001220703125
1820,0.29116687178611755,0.0018215618810162623,0.0,0.19799649715423584,0.016426321119070053,0.012037642300128937,0.05602145567536354,0.08039849996566772,0.41625696420669556,0.46494054794311523,0.5359494686126709,0.7770390510559082,0.4959259033203125
1830,0.33190926909446716,0.0018179122050183622,0.0,0.25168532133102417,0.016514673829078674,0.010734542272984982,0.04918069764971733,0.09804972261190414,0.4230448007583618,0.4604303240776062,0.5370888710021973,0.7787518501281738,0.499969482421875
1840,0.23120270669460297,0.0018142293159518904,0.0,0.15549392998218536,0.010490418411791325,0.009026437066495419,0.04431623965501785,0.061884790658950806,0.42733094096183777,0.46421635150909424,0.5387997627258301,0.7739622592926025,0.5010223388671875
1850,0.41326773166656494,0.0018105133633691398,0.0,0.34120413661003113,0.015053730458021164,0.010455969721078873,0.052379339933395386,0.13256196677684784,0.4415110945701599,0.45741498470306396,0.5332610607147217,0.7716987133026123,0.500244140625
1860,0.3821680545806885,0.0018067644981650238,0.0,0.3078440725803375,0.0173269622027874,0.011967163532972336,0.056599751114845276,0.07787008583545685,0.43211913108825684,0.4608691930770874,0.5337436199188232,0.785167932510376,0.4982452392578125
1870,0.31861060857772827,0.00180298287257095,0.0,0.2453031688928604,0.010542680509388447,0.00968025904148817,0.04901261255145073,0.0843793973326683,0.4411171078681946,0.46707743406295776,0.5349805355072021,0.7833178043365479,0.5008697509765625
1880,0.3240964710712433,0.001799168640148637,0.0,0.20929402112960815,0.019157376140356064,0.012148281559348106,0.06085147336125374,0.10907076299190521,0.4303544759750366,0.46265095472335815,0.5326359272003174,0.7847795486450195,0.49822998046875
1890,0.3251657485961914,0.001795321955783881,0.0,0.25411418080329895,0.015169845893979073,0.011055543087422848,0.05125939100980759,0.09042228013277054,0.429443359375,0.4701318144798279,0.5352463722229004,0.7808876037597656,0.5016021728515625
1900,0.3427610397338867,0.0017914429756802639,0.0,0.252157598733902,0.013908076100051403,0.009975694119930267,0.05243926867842674,0.14940930902957916,0.4357192814350128,0.46277886629104614,0.5389251708984375,0.787513017654419,0.50115966796875
1910,0.3238290846347809,0.0017875318573528115,0.0,0.28104543685913086,0.010633538477122784,0.007843839935958385,0.0406721830368042,0.06451763957738876,0.4314790368080139,0.4647570252418518,0.540607213973999,0.7878165245056152,0.5011444091796875
1920,0.2593405544757843,0.0017835887596215978,0.0,0.18273836374282837,0.011581975035369396,0.009882552549242973,0.04773102328181267,0.06191832199692726,0.4332895874977112,0.46717196702957153,0.5403702259063721,0.7813780307769775,0.5012054443359375
1930,0.2951991558074951,0.001779613842605294,0.0,0.2264813631772995,0.015622545033693314,0.009275932796299458,0.046365827322006226,0.0571608692407608,0.43596693873405457,0.46885377168655396,0.5392310619354248,0.7910232543945312,0.499969482421875
1940,0.32862967252731323,0.0017756072677146684,0.0,0.2675456702709198,0.014371880330145359,0.010227841325104237,0.04945335537195206,0.07351657003164291,0.4269406199455261,0.4712862968444824,0.5399022102355957,0.7867851257324219,0.499237060546875
1950,0.27331972122192383,0.00177156919764603,0.0,0.17258982360363007,0.01976325549185276,0.011273300275206566,0.04985649511218071,0.06616204977035522,0.4262411594390869,0.4673498272895813,0.5410115718841553,0.7840561866760254,0.49822998046875
1960,0.29294353723526,0.001767499796374624,0.0,0.23579734563827515,0.012835364788770676,0.008726411499083042,0.040592703968286514,0.06963025033473969,0.41315725445747375,0.46952956914901733,0.539900541305542,0.7871115207672119,0.5005035400390625
1970,0.35013052821159363,0.0017633992291479718,0.0,0.28687524795532227,0.016388142481446266,0.009720655158162117,0.0461057648062706,0.1001354232430458,0.4282538890838623,0.47059404850006104,0.5384361743927002,0.7840564250946045,0.4977569580078125
1980,0.25931766629219055,0.0017592676624791606,0.0,0.17094817757606506,0.013987131416797638,0.009990571066737175,0.048240408301353455,0.0820569321513176,0.4247053861618042,0.464668869972229,0.5425167083740234,0.7819387912750244,0.4984130859375
1990,0.23418152332305908,0.0017551052641400823,0.0,0.12446822971105576,0.013398192822933197,0.011242426931858063,0.05144556611776352,0.08707987517118454,0.4213436245918274,0.46399354934692383,0.5440776348114014,0.7870368957519531,0.50323486328125
2000,0.225836843252182,0.0017509122031546212,0.0,0.11776317656040192,0.011244081892073154,0.010288613848388195,0.04735422134399414,0.07680246233940125,0.42500174045562744,0.46618789434432983,0.5438740253448486,0.7912213802337646,0.4995574951171875
2010,0.3468698263168335,0.0017466886497917887,0.0,0.2950870096683502,0.016227222979068756,0.009691108018159866,0.045725852251052856,0.06801065802574158,0.4189963936805725,0.4687042236328125,0.5449154376983643,0.7929344177246094,0.5005950927734375
2020,0.24181894958019257,0.0017424347755588118,0.0,0.12263794243335724,0.015368022955954075,0.010505747981369495,0.049626242369413376,0.09430886059999466,0.4224545359611511,0.4663228392601013,0.5478532314300537,0.7870235443115234,0.4986114501953125
2030,0.2681940495967865,0.0017381507531941652,0.0,0.19574309885501862,0.013821586035192013,0.009722593240439892,0.048894308507442474,0.0676373615860939,0.42336779832839966,0.4701583981513977,0.5448510646820068,0.7891943454742432,0.50323486328125
2040,0.3198813796043396,0.0017338367566605607,0.0,0.24528606235980988,0.016663990914821625,0.012303457595407963,0.05345125123858452,0.07724983990192413,0.42585596442222595,0.470641553401947,0.53843092918396,0.7906267642974854,0.498992919921875
2050,0.2606119215488434,0.0017294929611378794,0.0,0.13184410333633423,0.013056643307209015,0.00915629044175148,0.046215370297431946,0.15849362313747406,0.4251038432121277,0.4695226550102234,0.5451085567474365,0.7913863658905029,0.5042724609375
2060,0.3536260724067688,0.0017251195430160607,0.0,0.3046262562274933,0.011491374112665653,0.008940709754824638,0.04668741300702095,0.06674128770828247,0.4358363747596741,0.4712182283401489,0.5490481853485107,0.7887730598449707,0.5025177001953125
2070,0.2278645932674408,0.0017207166798879387,0.0,0.13716119527816772,0.014141662046313286,0.009456904605031013,0.04388070106506348,0.09623837471008301,0.43344298005104065,0.46892333030700684,0.5476400852203369,0.7899856567382812,0.5010528564453125
2080,0.34946170449256897,0.00171628455054203,0.0,0.12172818928956985,0.011211824603378773,0.009911231696605682,0.0549340657889843,0.28689298033714294,0.426791787147522,0.47515612840652466,0.5466198921203613,0.7894024848937988,0.501251220703125
2090,0.2672429084777832,0.001711823334955275,0.0,0.20608937740325928,0.013840128667652607,0.009134515188634396,0.04108327999711037,0.08557926118373871,0.42024528980255127,0.4762656092643738,0.5476968288421631,0.7855362892150879,0.50018310546875
2100,0.22196638584136963,0.0017073332142857277,0.0,0.13072159886360168,0.012229499407112598,0.009437108412384987,0.043398741632699966,0.08374227583408356,0.4218124747276306,0.475136935710907,0.5516841411590576,0.7939648628234863,0.5013580322265625
2110,0.5089496374130249,0.001702814370865201,0.0,0.39349523186683655,0.015689952298998833,0.00978829711675644,0.05386104807257652,0.2752462327480316,0.42311692237854004,0.4739377498626709,0.5484714508056641,0.7981610298156738,0.5027618408203125
2120,0.25880545377731323,0.001698266988191862,0.0,0.18650449812412262,0.012663318775594234,0.009639836847782135,0.04663090780377388,0.06586869806051254,0.42239832878112793,0.47551292181015015,0.548492431640625,0.7920637130737305,0.5024871826171875
2130,0.1778610795736313,0.0016936912509227808,0.0,0.06486382335424423,0.008822381496429443,0.008946187794208527,0.04391968995332718,0.07104549556970596,0.4217204451560974,0.47519850730895996,0.5503909587860107,0.7952280044555664,0.5031585693359375
2140,0.2552710771560669,0.0016890873448664316,0.0,0.1989249289035797,0.01102767139673233,0.008029947988688946,0.03889781981706619,0.059966426342725754,0.42204007506370544,0.4738556146621704,0.5518314838409424,0.7909576892852783,0.503936767578125
2150,0.3590308427810669,0.0016844554569751475,0.0,0.27901411056518555,0.0161582101136446,0.012674007564783096,0.05934109166264534,0.09955987334251404,0.41710007190704346,0.47524505853652954,0.5483407974243164,0.7952377796173096,0.5012054443359375
2160,0.3282856345176697,0.0016797957753375296,0.0,0.25040295720100403,0.017174826934933662,0.01098062377423048,0.04847894236445427,0.06987974792718887,0.4228094518184662,0.47270381450653076,0.5505216121673584,0.7942728996276855,0.500335693359375
2170,0.406392902135849,0.0016751084891708096,0.0,0.3576955199241638,0.014946491457521915,0.010690435767173767,0.04596274718642235,0.08527036011219025,0.42006659507751465,0.4734407663345337,0.5552706718444824,0.7935855388641357,0.499786376953125
2180,0.2162720263004303,0.0016703937888131641,0.0,0.13941819965839386,0.013208755291998386,0.00900756660848856,0.04286482557654381,0.054073188453912735,0.42679083347320557,0.47784996032714844,0.5533432960510254,0.7964522838592529,0.505096435546875
2190,0.2810113728046417,0.0016656518657159876,0.0,0.1863006204366684,0.01724999025464058,0.011288905516266823,0.047281138598918915,0.12249370664358139,0.41686421632766724,0.47676002979278564,0.5549886226654053,0.7928032875061035,0.50079345703125
2200,0.4065214991569519,0.0016608829124361174,0.0,0.3580789864063263,0.012589821591973305,0.009408480487763882,0.046539757400751114,0.096184141933918,0.41636037826538086,0.4798421859741211,0.5550737380981445,0.7960114479064941,0.5013427734375
2210,0.23477903008460999,0.001656087122628014,0.0,0.12358295917510986,0.014685387723147869,0.01157442294061184,0.05399610102176666,0.06513599306344986,0.41858476400375366,0.47179603576660156,0.5542230606079102,0.794102668762207,0.4994049072265625
2220,0.2988606095314026,0.0016512646910358977,0.0,0.22793245315551758,0.014219495467841625,0.009823987260460854,0.04749075695872307,0.08714727312326431,0.42218533158302307,0.47620123624801636,0.5535409450531006,0.7980587482452393,0.5009765625
2230,0.2915469706058502,0.0016464158134858406,0.0,0.22991065680980682,0.012469496577978134,0.009262355975806713,0.04682401940226555,0.08285912126302719,0.42171144485473633,0.475003719329834,0.5539696216583252,0.7984812259674072,0.5016021728515625
2240,0.2208755761384964,0.0016415406868778148,0.0,0.12428826093673706,0.013417776674032211,0.009431300684809685,0.04402542859315872,0.07862658053636551,0.4219681918621063,0.4783487319946289,0.5498838424682617,0.7986559867858887,0.5014495849609375
2250,0.3337532579898834,0.001636639509177696,0.0,0.2813859283924103,0.01123408880084753,0.009364373050630093,0.04521382227540016,0.07047395408153534,0.421650767326355,0.47860121726989746,0.5527951717376709,0.7952830791473389,0.500823974609375
2260,0.24819888174533844,0.0016317124794092259,0.0,0.17238178849220276,0.014200487174093723,0.009405790828168392,0.043410927057266235,0.06054436042904854,0.42182862758636475,0.4778599143028259,0.553551435470581,0.797865629196167,0.5025177001953125
2270,0.19576318562030792,0.0016267597976459289,0.0,0.10567546635866165,0.012375743128359318,0.009380534291267395,0.04033752903342247,0.05905822291970253,0.422031044960022,0.48160600662231445,0.5520470142364502,0.7934303283691406,0.49957275390625
2280,0.41780582070350647,0.0016217816650029892,0.0,0.3841155469417572,0.01388316135853529,0.008783558383584023,0.042115967720746994,0.0596182644367218,0.4234835207462311,0.47756093740463257,0.5524752140045166,0.7954955101013184,0.50006103515625
2290,0.34346169233322144,0.0016167782836290832,0.0,0.303024560213089,0.012696633115410805,0.008500929921865463,0.04026271402835846,0.06402907520532608,0.4236769676208496,0.4785686731338501,0.5554862022399902,0.7988173961639404,0.5010986328125
2300,0.39079034328460693,0.0016117498566981699,0.0,0.3465520739555359,0.014183051884174347,0.010468211956322193,0.045537203550338745,0.0669989213347435,0.42707961797714233,0.4773977994918823,0.5528967380523682,0.7967088222503662,0.5001983642578125
2310,0.17098699510097504,0.0016066965884012423,0.0,0.06415749341249466,0.009677738882601261,0.00839297752827406,0.04291772469878197,0.05983836576342583,0.424899160861969,0.4787766933441162,0.5532057285308838,0.8007349967956543,0.499298095703125
2320,0.43325185775756836,0.0016016186839380353,0.0,0.38766974210739136,0.013370358385145664,0.01034454070031643,0.04575829580426216,0.11031904071569443,0.4220092296600342,0.4766642451286316,0.5550100803375244,0.7949886322021484,0.502288818359375
2330,0.4889529049396515,0.0015965163495086918,0.0,0.36480507254600525,0.019573522731661797,0.012348229065537453,0.05811275541782379,0.2552313506603241,0.4121273159980774,0.47814786434173584,0.5551259517669678,0.7914950847625732,0.503326416015625
2340,0.20846524834632874,0.0015913897923053911,0.0,0.13300563395023346,0.013565624132752419,0.009387428872287273,0.038987427949905396,0.0638849288225174,0.4204626679420471,0.47635138034820557,0.5596859455108643,0.795356273651123,0.5012054443359375
2350,0.2636745870113373,0.0015862392205039343,0.0,0.21000298857688904,0.011326258070766926,0.008958926424384117,0.04135359823703766,0.0450076200067997,0.41427433490753174,0.478458046913147,0.556553840637207,0.7979104518890381,0.5041351318359375
2360,0.19289171695709229,0.0015810648432552914,0.0,0.12323964387178421,0.01068592257797718,0.00785517506301403,0.038258183747529984,0.053777098655700684,0.4210793972015381,0.4807278513908386,0.5585601329803467,0.7987477779388428,0.5009002685546875
2370,0.20021523535251617,0.0015758668706771083,0.0,0.12065226584672928,0.01319914497435093,0.008769527077674866,0.03983328863978386,0.05295935273170471,0.41105419397354126,0.48252981901168823,0.5545635223388672,0.8053591251373291,0.501739501953125
2380,0.7101483345031738,0.0015706455138451735,0.0,0.6883821487426758,0.014995465986430645,0.00996848102658987,0.04213542118668556,0.05422791466116905,0.4182583689689636,0.4794881343841553,0.5542478561401367,0.8011617660522461,0.50152587890625
2390,0.35320940613746643,0.0015654009847848483,0.0,0.30991116166114807,0.014307983219623566,0.009129440411925316,0.03921031579375267,0.0739498883485794,0.4220835566520691,0.4786865711212158,0.5561366081237793,0.8014934062957764,0.5025634765625
2400,0.5289998650550842,0.0015601334964624562,0.0,0.49575483798980713,0.01544431783258915,0.010408061556518078,0.04536508023738861,0.08358774334192276,0.4182557165622711,0.47909581661224365,0.5557150840759277,0.8069262504577637,0.50262451171875
2410,0.15577052533626556,0.001554843262776635,0.0,0.0563240572810173,0.010575647465884686,0.00862661562860012,0.037150394171476364,0.044339556246995926,0.42507028579711914,0.4776763916015625,0.5571808815002441,0.8069493770599365,0.5021514892578125
2420,0.2920109033584595,0.0015495304985496505,0.0,0.15879328548908234,0.01422087661921978,0.01100230310112238,0.053886424750089645,0.17793706059455872,0.4222654104232788,0.47811359167099,0.5563168525695801,0.8068540096282959,0.5003204345703125
2430,0.2689131200313568,0.0015441954195186745,0.0,0.20133090019226074,0.011756294406950474,0.009739728644490242,0.04619046300649643,0.07182959467172623,0.4201783537864685,0.4765661358833313,0.5559206008911133,0.8059806823730469,0.5016632080078125
2440,0.2107820063829422,0.0015388382423270224,0.0,0.11634472757577896,0.012307592667639256,0.00954360980540514,0.04110264778137207,0.08177646994590759,0.41613709926605225,0.4764847159385681,0.555018424987793,0.8075928688049316,0.5012359619140625
2450,0.3439204692840576,0.0015334591845153583,0.0,0.2973688542842865,0.010253238491714,0.008131998591125011,0.03950157016515732,0.09304823726415634,0.42457401752471924,0.480979859828949,0.5585145950317383,0.8022298812866211,0.5023956298828125
2460,0.4761543273925781,0.0015280584645128584,0.0,0.07965730875730515,0.017195984721183777,0.011510951444506645,0.05822908133268356,0.4379015564918518,0.42029523849487305,0.483295202255249,0.5576140880584717,0.7990124225616455,0.503387451171875
2470,0.25275713205337524,0.0015226363016283436,0.0,0.14696264266967773,0.016437571495771408,0.0113903246819973,0.05020006000995636,0.07012934237718582,0.4124494194984436,0.4888746738433838,0.5537705421447754,0.8052573204040527,0.50146484375
2480,0.2211698591709137,0.0015171929160413724,0.0,0.1564076691865921,0.009007496759295464,0.008216900750994682,0.038081828504800797,0.08895206451416016,0.40976208448410034,0.4868689775466919,0.5592336654663086,0.8097250461578369,0.501800537109375
2490,0.20742428302764893,0.0015117285287933012,0.0,0.08726244419813156,0.01045466959476471,0.00966561958193779,0.047800805419683456,0.09786716848611832,0.42395466566085815,0.4838876724243164,0.5565693378448486,0.8041346073150635,0.5029144287109375
2500,0.31203117966651917,0.001506243361778307,0.0,0.26273345947265625,0.014079340733587742,0.009942445904016495,0.04261451214551926,0.05068865418434143,0.4221339225769043,0.48348647356033325,0.5559520721435547,0.8088738918304443,0.50140380859375
2510,0.19244486093521118,0.0015007376377343781,0.0,0.104398712515831,0.01332944817841053,0.008922349661588669,0.03961995244026184,0.07916820794343948,0.42600327730178833,0.4850151538848877,0.5570821762084961,0.8099560737609863,0.5023040771484375
2520,0.16926386952400208,0.0014952115802342692,0.0,0.07378724962472916,0.011038431897759438,0.008051768876612186,0.03701008856296539,0.07239088416099548,0.42996495962142944,0.4858977794647217,0.5583837032318115,0.8086037635803223,0.5031890869140625
2530,0.4223079979419708,0.0014896654136764226,0.0,0.3662666976451874,0.01659640111029148,0.012336540035903454,0.05295674130320549,0.05573064833879471,0.4187915623188019,0.48459213972091675,0.5554254055023193,0.8089349269866943,0.5005645751953125
2540,0.17853692173957825,0.0014840993632758534,0.0,0.11592937260866165,0.009915093891322613,0.007857797667384148,0.03415205329656601,0.05064142495393753,0.41934454441070557,0.48476362228393555,0.5591051578521729,0.8097929954528809,0.505096435546875
2550,0.35696128010749817,0.00147851365505501,0.0,0.3156295716762543,0.011219271458685398,0.00900000799447298,0.03828589245676994,0.07909885793924332,0.4243898391723633,0.48723942041397095,0.5580058097839355,0.8115842342376709,0.50201416015625
2560,0.281708687543869,0.0014729085158345897,0.0,0.20172852277755737,0.020437421277165413,0.011164606548845768,0.042984530329704285,0.06159272789955139,0.4287221431732178,0.4861535429954529,0.5586063861846924,0.8100903034210205,0.5028076171875
2570,0.2811408042907715,0.0014672841732243324,0.0,0.21606463193893433,0.01850122958421707,0.009322565980255604,0.041542984545230865,0.06251217424869537,0.42361390590667725,0.4849954843521118,0.5605812072753906,0.8101530075073242,0.502838134765625
2580,0.3017655611038208,0.0014616408556137747,0.0,0.24601700901985168,0.011825727298855782,0.00826618168503046,0.04202880710363388,0.08616536110639572,0.4153885841369629,0.4874947667121887,0.5619165897369385,0.8089663982391357,0.5006561279296875
2590,0.22467318177223206,0.0014559787921629792,0.0,0.14205403625965118,0.01486598327755928,0.010917381383478642,0.04506094753742218,0.06323980540037155,0.4212154448032379,0.48445725440979004,0.5568108558654785,0.803931474685669,0.5004119873046875
2600,0.17694337666034698,0.0014502982127932262,0.0,0.10498673468828201,0.009525197558104992,0.008055401034653187,0.03791274502873421,0.06562664359807968,0.41916424036026,0.4901602268218994,0.5577273368835449,0.8077702522277832,0.5039825439453125
2610,0.2584691047668457,0.0014445993481776776,0.0,0.1449875384569168,0.011038905940949917,0.009925177320837975,0.044308025389909744,0.14633940160274506,0.41754627227783203,0.48844027519226074,0.5583691596984863,0.811943531036377,0.5031280517578125
2620,0.27100670337677,0.0014388824297320113,0.0,0.2231961339712143,0.011053667403757572,0.007950196973979473,0.03677661716938019,0.05464021489024162,0.4207650423049927,0.48608148097991943,0.5583913326263428,0.8037924766540527,0.5026397705078125
2630,0.2280101627111435,0.0014331476896050216,0.0,0.1687333881855011,0.012344401329755783,0.008410252630710602,0.03796668350696564,0.05564919859170914,0.4156149625778198,0.4857408404350281,0.5559580326080322,0.8042879104614258,0.500946044921875
2640,0.48568370938301086,0.0014273953606691954,0.0,0.446092426776886,0.01630992628633976,0.010633956640958786,0.04645445570349693,0.07306016981601715,0.4248766303062439,0.4887704849243164,0.5555920600891113,0.8085813522338867,0.5013427734375
2650,0.4929591119289398,0.0014216256765112525,0.0,0.4644058346748352,0.015033877454698086,0.00945448037236929,0.03909609839320183,0.05457732081413269,0.42341315746307373,0.4865267276763916,0.5586264133453369,0.8070590496063232,0.5030975341796875
2660,0.17650124430656433,0.0014158388714226638,0.0,0.10081106424331665,0.009755019098520279,0.008628682233393192,0.03960271179676056,0.05603871867060661,0.4306948184967041,0.48869144916534424,0.5598735809326172,0.8056252002716064,0.50286865234375
2670,0.18820194900035858,0.0014100351803901338,0.0,0.12150931358337402,0.011115063913166523,0.00822967104613781,0.03440640866756439,0.052013322710990906,0.4227978587150574,0.48665642738342285,0.5576307773590088,0.8055498600006104,0.5019989013671875
2680,0.22373756766319275,0.0014042148390860608,0.0,0.13070708513259888,0.01327846385538578,0.010588150471448898,0.046466246247291565,0.06111808866262436,0.42255520820617676,0.48650282621383667,0.5583450794219971,0.809746503829956,0.503631591796875
2690,0.3052693009376526,0.0013983780838589665,0.0,0.23520761728286743,0.016269301995635033,0.0099877854809165,0.04611920937895775,0.09289082884788513,0.4233711361885071,0.48986172676086426,0.5616500377655029,0.8085582256317139,0.501922607421875
2700,0.5050949454307556,0.0013925251517238973,0.0,0.45712098479270935,0.018626248463988304,0.011319614015519619,0.048210106790065765,0.10513149946928024,0.4220947027206421,0.48851072788238525,0.5592303276062012,0.8146517276763916,0.49993896484375
2710,0.18322767317295074,0.001386656280352801,0.0,0.10917562246322632,0.014095420017838478,0.008391435258090496,0.03890937194228172,0.04924974590539932,0.43065834045410156,0.49186617136001587,0.5604429244995117,0.81496262550354,0.501922607421875
2720,0.22084102034568787,0.0013807717080648763,0.0,0.16269178688526154,0.012313522398471832,0.008711819536983967,0.03798374906182289,0.0469503253698349,0.4328550100326538,0.48718398809432983,0.5615346431732178,0.8122246265411377,0.499481201171875
2730,0.24448604881763458,0.0013748716738168929,0.0,0.19890323281288147,0.01166402455419302,0.008198149502277374,0.035151928663253784,0.05790114030241966,0.4348007142543793,0.4908003807067871,0.5634677410125732,0.8132956027984619,0.50213623046875
2740,0.19959506392478943,0.0013689564171934896,0.0,0.14536380767822266,0.009885941632091999,0.007686089724302292,0.035280920565128326,0.05220293253660202,0.4296220541000366,0.49077630043029785,0.5684168338775635,0.8106088638305664,0.502960205078125
2750,0.30900755524635315,0.001363026178397445,0.0,0.2132156789302826,0.01508988905698061,0.010734708979725838,0.04774026572704315,0.1524755209684372,0.42885851860046387,0.48877936601638794,0.5676453113555908,0.8055062294006348,0.50054931640625
2760,0.23566877841949463,0.0013570811982399256,0.0,0.17487044632434845,0.01381796132773161,0.008415373042225838,0.0388331301510334,0.05721781402826309,0.43215176463127136,0.4893023371696472,0.5645062923431396,0.8075213432312012,0.50244140625
2770,0.24226930737495422,0.0013511217181307027,0.0,0.1897575408220291,0.013654354959726334,0.00959026999771595,0.038719601929187775,0.0478096567094326,0.43188780546188354,0.48898088932037354,0.5649147033691406,0.808527946472168,0.504486083984375
2780,0.11386055499315262,0.001345147980068353,0.0,0.04394989460706711,0.007039263844490051,0.006118712946772575,0.027537893503904343,0.04089648649096489,0.4273328483104706,0.4884868860244751,0.5669612884521484,0.812847375869751,0.504058837890625
2790,0.4166860282421112,0.001339160226630431,0.0,0.3793424963951111,0.013085787184536457,0.009458954446017742,0.04180546849966049,0.07928212732076645,0.42135822772979736,0.4882317781448364,0.5662739276885986,0.8132703304290771,0.499847412109375
2800,0.18091744184494019,0.001333158700963618,0.0,0.12827950716018677,0.008935404941439629,0.006842959672212601,0.032936930656433105,0.04826825112104416,0.429764986038208,0.49213194847106934,0.5654678344726562,0.8168046474456787,0.501922607421875
2810,0.18023648858070374,0.0013271436467738483,0.0,0.10067891329526901,0.011579408310353756,0.00859563983976841,0.03886789828538895,0.05463522672653198,0.42734700441360474,0.49205589294433594,0.5625362396240234,0.816514253616333,0.5012054443359375
2820,0.24062375724315643,0.0013211153083164137,0.0,0.1789243221282959,0.012332083657383919,0.009206174872815609,0.03767026215791702,0.0794401615858078,0.42145630717277527,0.4905085563659668,0.5638253688812256,0.8137831687927246,0.501678466796875
2830,0.5629682540893555,0.0013150739303860446,0.0,0.5266519784927368,0.01881234720349312,0.011977187357842922,0.04707222059369087,0.05785172060132027,0.41946637630462646,0.49290502071380615,0.5623719692230225,0.8142011165618896,0.5015869140625
2840,0.3146841824054718,0.0013090197583069698,0.0,0.2670333981513977,0.013243595138192177,0.008101413026452065,0.0377158559858799,0.04604104533791542,0.41759049892425537,0.49266672134399414,0.5628833770751953,0.813589334487915,0.502593994140625
2850,0.3642819821834564,0.001302953037922954,0.0,0.3197671175003052,0.015406821854412556,0.009684031829237938,0.04281129315495491,0.08114854991436005,0.427450031042099,0.4918573498725891,0.5629754066467285,0.8147459030151367,0.5016326904296875
2860,0.33512845635414124,0.0012968740155873152,0.0,0.2967612147331238,0.010862964205443859,0.008589665405452251,0.0379626527428627,0.07139125466346741,0.4257238805294037,0.49001169204711914,0.5621623992919922,0.8141951560974121,0.501983642578125
2870,0.2781689167022705,0.0012907829381529207,0.0,0.22953885793685913,0.013730570673942566,0.00937500037252903,0.039021629840135574,0.05483822524547577,0.4210220277309418,0.4840317368507385,0.5642647743225098,0.8095574378967285,0.502593994140625
2880,0.1586059033870697,0.0012846800529621636,0.0,0.08109831809997559,0.010212812572717667,0.008047400042414665,0.03405340015888214,0.05590207129716873,0.42841050028800964,0.49026113748550415,0.5675199031829834,0.8138985633850098,0.502410888671875
2890,0.34417110681533813,0.0012785656078369177,0.0,0.2985920310020447,0.013695999048650265,0.008824066258966923,0.04000677168369293,0.07556368410587311,0.4284871816635132,0.49177414178848267,0.5659499168395996,0.8105101585388184,0.5027923583984375
2900,0.24203544855117798,0.0012724398510684757,0.0,0.1864972710609436,0.014297275803983212,0.008457819931209087,0.03561727702617645,0.056548167020082474,0.4200529456138611,0.4927459955215454,0.5669269561767578,0.811164140701294,0.5030059814453125
2910,0.14148712158203125,0.001266303031407465,0.0,0.07939716428518295,0.00819011777639389,0.006523087155073881,0.030981339514255524,0.040237586945295334,0.4298442006111145,0.49044203758239746,0.5672011375427246,0.8164582252502441,0.501922607421875
2920,0.21030455827713013,0.0012601553980537486,0.0,0.1536559909582138,0.011246214620769024,0.007852877490222454,0.03423149883747101,0.07496453076601028,0.4259723424911499,0.4880763292312622,0.5684027671813965,0.8117468357086182,0.5016021728515625
2930,0.23820818960666656,0.0012539972006463044,0.0,0.09874197095632553,0.011889739893376827,0.00988383311778307,0.045072395354509354,0.14635659754276276,0.4287301301956177,0.4925019145011902,0.5655667781829834,0.8191184997558594,0.5037994384765625
2940,0.2072252333164215,0.0012478286892530874,0.0,0.06632064282894135,0.007649049628525972,0.0066808611154556274,0.03310491517186165,0.16442500054836273,0.4247909188270569,0.4923548698425293,0.57033371925354,0.8171403408050537,0.5037384033203125
2950,0.15184205770492554,0.001241650114360877,0.0,0.05392199754714966,0.00966296810656786,0.007738663349300623,0.03378035128116608,0.05191913619637489,0.4254538416862488,0.4892956018447876,0.5696666240692139,0.8150057792663574,0.5048675537109375
2960,0.5017752051353455,0.0012354617268651043,0.0,0.45986637473106384,0.01554665993899107,0.010018515400588512,0.045230552554130554,0.11350031197071075,0.42326462268829346,0.48947423696517944,0.567755937576294,0.8155603408813477,0.5019989013671875
2970,0.259215384721756,0.001229263778059664,0.0,0.2154957503080368,0.011771158315241337,0.007827269844710827,0.03249655291438103,0.06762851774692535,0.4191400408744812,0.4924113154411316,0.5687060356140137,0.816913366317749,0.5018157958984375
2980,0.22679121792316437,0.0012230565196267092,0.0,0.12752486765384674,0.016835300251841545,0.010644380003213882,0.04365624487400055,0.11186376959085464,0.42522501945495605,0.4938494563102722,0.5674679279327393,0.8181560039520264,0.5016937255859375
2990,0.21390491724014282,0.0012168402036264335,0.0,0.13833165168762207,0.01564861834049225,0.01015415322035551,0.03810018673539162,0.05872247368097305,0.42034727334976196,0.4963664412498474,0.5676538944244385,0.8187615871429443,0.5037994384765625
3000,0.28324100375175476,0.0012106150824868337,0.0,0.22008603811264038,0.013748107478022575,0.009697549045085907,0.04067869484424591,0.10666109621524811,0.4220796823501587,0.4944826364517212,0.5690276622772217,0.8124392032623291,0.502655029296875
3010,0.2235836684703827,0.0012043814089934587,0.0,0.1523919701576233,0.01315145380795002,0.01049571018666029,0.04188669100403786,0.06539291888475418,0.41940033435821533,0.4959319233894348,0.5708863735198975,0.8160374164581299,0.50213623046875
3020,0.30470117926597595,0.0011981394362791473,0.0,0.26149070262908936,0.014435666613280773,0.00979327131062746,0.03881144896149635,0.053725335747003555,0.4247611165046692,0.49671435356140137,0.5694379806518555,0.8201217651367188,0.50030517578125
3030,0.19923754036426544,0.0011918894178137463,0.0,0.12478845566511154,0.017133787274360657,0.011363811790943146,0.03828961029648781,0.04803453013300896,0.4200359582901001,0.49877816438674927,0.5669889450073242,0.8126959800720215,0.50341796875
3040,0.22236819565296173,0.0011856316073938198,0.0,0.16763843595981598,0.011946634389460087,0.008585595525801182,0.03622567653656006,0.04427715763449669,0.4151571989059448,0.49759286642074585,0.5691916942596436,0.8184170722961426,0.5021209716796875
3050,0.1765248030424118,0.0011793662591323417,0.0,0.09708196669816971,0.014348024502396584,0.008133010007441044,0.033836036920547485,0.04650711268186569,0.4240345358848572,0.49535566568374634,0.5679168701171875,0.8176867961883545,0.5016021728515625
3060,0.17679066956043243,0.0011730936274483778,0.0,0.12297920882701874,0.011513905599713326,0.007518158294260502,0.03200216218829155,0.04836452752351761,0.41548416018486023,0.494479238986969,0.5671076774597168,0.817136287689209,0.5037994384765625
3070,0.20473352074623108,0.0011668139670567544,0.0,0.11150650680065155,0.014269991777837276,0.01107986643910408,0.04290428385138512,0.0423152856528759,0.42342668771743774,0.49536269903182983,0.5648367404937744,0.8191938400268555,0.502960205078125
3080,0.22905667126178741,0.0011605275329577146,0.0,0.1839888095855713,0.01225765235722065,0.0080953948199749,0.03262537717819214,0.041012298315763474,0.42185962200164795,0.4934912919998169,0.5669381618499756,0.8200337886810303,0.50164794921875
3090,0.3337734341621399,0.0011542345804265637,0.0,0.09780734777450562,0.012121062725782394,0.010511994361877441,0.051770105957984924,0.28516095876693726,0.4239562749862671,0.49860435724258423,0.5668838024139404,0.8204236030578613,0.502532958984375
3100,0.17252498865127563,0.0011479353650033033,0.0,0.11009369790554047,0.009164216928184032,0.007137933745980263,0.03144221380352974,0.03785727545619011,0.4373372793197632,0.49402594566345215,0.5668978691101074,0.818444013595581,0.5024871826171875
3110,0.18052680790424347,0.0011416301424822541,0.0,0.13628317415714264,0.009707017801702023,0.006767617538571358,0.02861109748482704,0.04690741375088692,0.42967092990875244,0.4941359758377075,0.5687623023986816,0.818331241607666,0.5057525634765625
3120,0.15938054025173187,0.0011353191689016692,0.0,0.10996826738119125,0.00836216937750578,0.006671560928225517,0.027863673865795135,0.06230762600898743,0.4322766661643982,0.49433791637420654,0.5667378902435303,0.8202104568481445,0.5037078857421875
3130,0.15948866307735443,0.0011290027005333371,0.0,0.08060403913259506,0.009464500471949577,0.008098775520920753,0.03488698974251747,0.047546226531267166,0.4350467920303345,0.4937632083892822,0.5688436031341553,0.8180830478668213,0.501190185546875
3140,0.16781778633594513,0.0011226809938721743,0.0,0.11472740024328232,0.01024018507450819,0.007637478411197662,0.029536420479416847,0.04747967794537544,0.42789512872695923,0.49406325817108154,0.5706641674041748,0.8178141117095947,0.5032501220703125
3150,0.16522018611431122,0.0011163543056258106,0.0,0.07259561866521835,0.008624053560197353,0.006974321324378252,0.033015113323926926,0.09356959164142609,0.4318433403968811,0.4978318214416504,0.567014217376709,0.8206803798675537,0.5008544921875
3160,0.2390802502632141,0.0011100228927041652,0.0,0.21221448481082916,0.01012255810201168,0.006208743434399366,0.027478192001581192,0.03589435666799545,0.43696528673171997,0.4965100884437561,0.5694155693054199,0.8208167552947998,0.50396728515625
3170,0.1283942312002182,0.0011036870122090134,0.0,0.06166137382388115,0.008654107339680195,0.006910756696015596,0.02748345211148262,0.05141365900635719,0.4295235276222229,0.49518197774887085,0.5699620246887207,0.8166491985321045,0.502410888671875
3180,0.22564265131950378,0.0010973469214235467,0.0,0.17540884017944336,0.012729687616229057,0.007905720733106136,0.03598469868302345,0.038017064332962036,0.4311230182647705,0.4914070963859558,0.5732278823852539,0.8154697418212891,0.50067138671875
3190,0.20255707204341888,0.0010910028778019245,0.0,0.14097580313682556,0.011044037528336048,0.008218245580792427,0.035383306443691254,0.04938341677188873,0.42646995186805725,0.49494266510009766,0.5673830509185791,0.8208088874816895,0.5037078857421875
3200,0.155506432056427,0.001084655138958822,0.0,0.08169478178024292,0.008482730016112328,0.0074036214500665665,0.03287660330533981,0.06647409498691559,0.4315539598464966,0.4935067296028137,0.5706543922424316,0.820519208908081,0.5017852783203125
3210,0.14059340953826904,0.0010783039626589665,0.0,0.07396648824214935,0.009305414743721485,0.007620851509273052,0.03048074059188366,0.04247002676129341,0.42782580852508545,0.4946919083595276,0.5699782371520996,0.822014331817627,0.5030670166015625
3220,0.262719988822937,0.0010719496068066707,0.0,0.20397181808948517,0.013032113201916218,0.009318326599895954,0.03680121526122093,0.0790766105055809,0.4235485792160034,0.49688154458999634,0.5673966407775879,0.822425127029419,0.5030364990234375
3230,0.1784691959619522,0.0010655923294353613,0.0,0.1240338385105133,0.010046318173408508,0.008088532835245132,0.03247379511594772,0.04980865865945816,0.4246788024902344,0.49785614013671875,0.5670585632324219,0.8239414691925049,0.5039825439453125
3240,0.21182039380073547,0.0010592323886971,0.0,0.15597601234912872,0.01374382246285677,0.008678795769810677,0.03446382284164429,0.03618912398815155,0.42093387246131897,0.4985507130622864,0.5680396556854248,0.8183369636535645,0.5045318603515625
3250,0.2528916001319885,0.0010528700428521006,0.0,0.20581647753715515,0.013871884904801846,0.009364069439470768,0.03596301004290581,0.04654751718044281,0.42373621463775635,0.4971626400947571,0.5716652870178223,0.8192927837371826,0.5051116943359375
3260,0.1587880402803421,0.0010465055502582416,0.0,0.07106752693653107,0.01428550761193037,0.008641342632472515,0.034118957817554474,0.044185489416122437,0.4229379892349243,0.5018842816352844,0.5706748962402344,0.822697639465332,0.5010528564453125
3270,0.18299028277397156,0.0010401391693605753,0.0,0.14545069634914398,0.008210383355617523,0.007224075496196747,0.029482588171958923,0.030869368463754654,0.42102622985839844,0.49754059314727783,0.5727450847625732,0.8195395469665527,0.503204345703125
3280,0.14627200365066528,0.0010337711586808332,0.0,0.07259048521518707,0.009898698888719082,0.007605568040162325,0.033588625490665436,0.04546322673559189,0.42107680439949036,0.4984489679336548,0.5710172653198242,0.8222870826721191,0.501220703125
3290,0.1878761202096939,0.0010274017768069283,0.0,0.1339990198612213,0.010122845880687237,0.007736408617347479,0.03134436532855034,0.05491514131426811,0.42214328050613403,0.49845588207244873,0.5715904235839844,0.8212785720825195,0.501678466796875
3300,0.210287943482399,0.001021031282382453,0.0,0.16587579250335693,0.011968960054218769,0.007972008548676968,0.03153920918703079,0.0465974360704422,0.42727410793304443,0.49657851457595825,0.5714719295501709,0.822995662689209,0.5021209716796875
3310,0.2797550559043884,0.0010146599340961784,0.0,0.12065216153860092,0.009130774065852165,0.008670590817928314,0.03886449337005615,0.2206411212682724,0.4202597439289093,0.4986656904220581,0.5718092918395996,0.8209714889526367,0.502105712890625
3320,0.1677471399307251,0.0010082879906715481,0.0,0.09903407096862793,0.010515612550079823,0.008585764095187187,0.03392503783106804,0.044529158622026443,0.4244440793991089,0.5003732442855835,0.5729997158050537,0.821866512298584,0.5023651123046875
3330,0.5606789588928223,0.0010019157108561735,0.0,0.5375499725341797,0.014330594800412655,0.010582322254776955,0.04221346974372864,0.044933851808309555,0.4292490780353546,0.498393177986145,0.5723364353179932,0.8229267597198486,0.503936767578125
3340,0.41797563433647156,0.0009955433534113247,0.0,0.3825591206550598,0.015877651050686836,0.009672755375504494,0.03369332104921341,0.0436604768037796,0.4338412284851074,0.5010707378387451,0.571852445602417,0.822993278503418,0.5037841796875
3350,0.3079536259174347,0.000989171177101425,0.0,0.27568256855010986,0.011302350088953972,0.007542128674685955,0.030830956995487213,0.07535255700349808,0.43946051597595215,0.5020818114280701,0.5743505954742432,0.8214330673217773,0.5009613037109375
3360,0.1414538025856018,0.0009827994406835419,0.0,0.05807727947831154,0.008605072274804115,0.008043262176215649,0.03234388679265976,0.07118605822324753,0.4294309616088867,0.5000385642051697,0.5696935653686523,0.8245677947998047,0.5040740966796875
3370,0.27537474036216736,0.00097642840289688,0.0,0.24103370308876038,0.011647607199847698,0.008730915375053883,0.03214705362915993,0.03909064084291458,0.4281507134437561,0.5018062591552734,0.5730369091033936,0.8215785026550293,0.5001220703125
3380,0.15110008418560028,0.0009700583224522753,0.0,0.10130241513252258,0.007506527006626129,0.006559731438755989,0.028003014624118805,0.03803650662302971,0.4292071461677551,0.5025799870491028,0.5727095603942871,0.8188936710357666,0.50079345703125
3390,0.17398613691329956,0.0009636894580216872,0.0,0.09497193992137909,0.01168145053088665,0.008781620301306248,0.039348673075437546,0.04595216363668442,0.425097793340683,0.5042163133621216,0.572256326675415,0.8214237689971924,0.5032958984375
3400,0.1341806799173355,0.0009573220682276969,0.0,0.06793714314699173,0.009968219324946404,0.006297541782259941,0.028640108183026314,0.032352279871702194,0.42666488885879517,0.5032482743263245,0.5731885433197021,0.821723461151123,0.504913330078125
3410,0.16719457507133484,0.0009509564116330048,0.0,0.12066829204559326,0.008598363026976585,0.007098867557942867,0.0293643269687891,0.0365045890212059,0.42318999767303467,0.5040707588195801,0.5741541385650635,0.8228435516357422,0.501251220703125
3420,0.1806141585111618,0.0009445927467299297,0.0,0.1139696016907692,0.012584804557263851,0.008556458167731762,0.032279204577207565,0.036546073853969574,0.42203888297080994,0.5028285384178162,0.5753192901611328,0.8202738761901855,0.50299072265625
3430,0.14430619776248932,0.0009382313319299143,0.0,0.08354968577623367,0.00691151013597846,0.006612760480493307,0.028714194893836975,0.044641487300395966,0.4234861135482788,0.5015385150909424,0.5723097324371338,0.8238296508789062,0.50384521484375
3440,0.2396080046892166,0.00093187242555303,0.0,0.19628460705280304,0.011408617720007896,0.008290725760161877,0.032966047525405884,0.0378434881567955,0.4285937547683716,0.5005277991294861,0.5743851661682129,0.8215210437774658,0.50225830078125
3450,0.12950493395328522,0.0009255162858174873,0.0,0.033744022250175476,0.006774385925382376,0.007242024876177311,0.031764816492795944,0.036094918847084045,0.4272212088108063,0.5039899349212646,0.5712971687316895,0.8218464851379395,0.5001373291015625
3460,0.14257626235485077,0.0009191631708291521,0.0,0.08798517286777496,0.006335413549095392,0.00653336476534605,0.028331052511930466,0.040251560509204865,0.42715513706207275,0.5024809241294861,0.5726697444915771,0.8255205154418945,0.50286865234375
3470,0.3153672218322754,0.0009128133385710627,0.0,0.2812177538871765,0.013414856977760792,0.009228496812283993,0.036473896354436874,0.0466558113694191,0.41474586725234985,0.5033944249153137,0.5704419612884521,0.8261547088623047,0.5021514892578125
3480,0.30400049686431885,0.0009064670468929535,0.0,0.27700546383857727,0.008976086042821407,0.007235330995172262,0.030518939718604088,0.05071115493774414,0.423467755317688,0.5011249780654907,0.5735642910003662,0.8243961334228516,0.502166748046875
3490,0.1778823286294937,0.0009001245535007872,0.0,0.10326027125120163,0.016804387792944908,0.00923028402030468,0.03456498682498932,0.05062668398022652,0.4216703772544861,0.4986073970794678,0.5744831562042236,0.8264572620391846,0.5024871826171875
3500,0.2017609179019928,0.000893786115946287,0.0,0.13724063336849213,0.011398724280297756,0.008430992253124714,0.0364469476044178,0.05658183619379997,0.4268007278442383,0.49830490350723267,0.5735864639282227,0.8261926174163818,0.50201416015625
3510,0.18093137443065643,0.0008874519916164803,0.0,0.10784325748682022,0.010550646111369133,0.009633343666791916,0.03976775333285332,0.050841689109802246,0.4219571352005005,0.4965299963951111,0.5743460655212402,0.8248536586761475,0.5025177001953125
3520,0.1936940848827362,0.0008811224377232448,0.0,0.11410358548164368,0.009163557551801205,0.0070718456991016865,0.03101397678256035,0.11880790442228317,0.42127421498298645,0.49847108125686646,0.5766057968139648,0.8242290019989014,0.5025787353515625
3530,0.12802791595458984,0.0008747977112928657,0.0,0.04523926600813866,0.008143034763634205,0.0070249224081635475,0.03115176595747471,0.05476363003253937,0.4236971139907837,0.4982262849807739,0.578528881072998,0.8239436149597168,0.5010223388671875
3540,0.30731555819511414,0.0008684780691555982,0.0,0.2769075930118561,0.01155165582895279,0.007366504520177841,0.03195391222834587,0.034475333988666534,0.42571479082107544,0.5002288222312927,0.5750091075897217,0.8229358196258545,0.5006103515625
3550,0.29794174432754517,0.000862163767935237,0.0,0.24110469222068787,0.022319180890917778,0.01123813632875681,0.04067996144294739,0.040151447057724,0.4298478662967682,0.4968870282173157,0.5747072696685791,0.8218061923980713,0.5
3560,0.25873899459838867,0.0008558550640386966,0.0,0.22141900658607483,0.01260307990014553,0.007430574856698513,0.03020572103559971,0.03932693973183632,0.4262921214103699,0.5000411868095398,0.5732758045196533,0.825671911239624,0.50225830078125
3570,0.24817229807376862,0.0008495522136456003,0.0,0.2038690745830536,0.011324284598231316,0.008493233472108841,0.03447674959897995,0.035446904599666595,0.4271024465560913,0.5023801326751709,0.5708370208740234,0.8286364078521729,0.5039825439453125
3580,0.22802482545375824,0.0008432554726978742,0.0,0.1887642741203308,0.008372282609343529,0.007970335893332958,0.03169858455657959,0.046349186450242996,0.4248884916305542,0.5006243586540222,0.573878288269043,0.8278002738952637,0.5026092529296875
3590,0.20555204153060913,0.0008369650968893584,0.0,0.16407626867294312,0.011067752726376057,0.0073724910616874695,0.03249223902821541,0.0378597229719162,0.4137892723083496,0.4994637966156006,0.5770020484924316,0.8208208084106445,0.502471923828125
3600,0.18125168979167938,0.00083068134165542,0.0,0.09323275089263916,0.012158096767961979,0.010447077453136444,0.04004621133208275,0.04167528450489044,0.41631340980529785,0.5024514198303223,0.5751993656158447,0.8233606815338135,0.5044097900390625
3610,0.13164232671260834,0.0008244044621625826,0.0,0.05547467991709709,0.008622338995337486,0.007643487770110369,0.03181932121515274,0.044571615755558014,0.4185774326324463,0.5054579377174377,0.5753941535949707,0.8266434669494629,0.5011138916015625
3620,0.27125537395477295,0.0008181347132981649,0.0,0.2255396693944931,0.01451909076422453,0.010674753226339817,0.03664535656571388,0.051257386803627014,0.4181463420391083,0.5014607310295105,0.5750241279602051,0.8261120319366455,0.49945068359375
3630,0.2833901047706604,0.0008118723496599294,0.0,0.22950242459774017,0.013335824012756348,0.010502145625650883,0.04083577170968056,0.07706639915704727,0.4199279546737671,0.5050234794616699,0.5719161033630371,0.8283517360687256,0.500732421875
3640,0.271230548620224,0.000805617625545744,0.0,0.22068116068840027,0.018297690898180008,0.01039653830230236,0.03532345965504646,0.04672155901789665,0.4258895218372345,0.49961358308792114,0.5779144763946533,0.8204243183135986,0.5004119873046875
3650,0.21368421614170074,0.0007993707949432568,0.0,0.12777860462665558,0.01778082735836506,0.011922528967261314,0.04130919650197029,0.034064874053001404,0.4188615083694458,0.5030350685119629,0.5757856369018555,0.8273792266845703,0.5021209716796875
3660,0.14654432237148285,0.0007931321115195803,0.0,0.08807109296321869,0.010206853970885277,0.0076202028430998325,0.028904832899570465,0.04037537798285484,0.4242422580718994,0.5046740174293518,0.5748751163482666,0.8305761814117432,0.5023956298828125
3670,0.15165549516677856,0.000786901828610993,0.0,0.0733594000339508,0.010684267617762089,0.009666661731898785,0.03395365551114082,0.04439627379179001,0.42376112937927246,0.5092029571533203,0.5706741809844971,0.8365993499755859,0.5019073486328125
3680,0.3799537718296051,0.00078068019921265,0.0,0.3567451238632202,0.009035040624439716,0.007314650807529688,0.03331391140818596,0.03492811322212219,0.4294179677963257,0.502529501914978,0.5775306224822998,0.8263626098632812,0.5033416748046875
3690,0.1752128005027771,0.0007744674759683106,0.0,0.131636843085289,0.008319017477333546,0.007336983922868967,0.030339594930410385,0.03795289993286133,0.42648255825042725,0.5027704834938049,0.5757839679718018,0.8277633190155029,0.501739501953125
3700,0.22783836722373962,0.0007682639111600795,0.0,0.1368962526321411,0.013852299191057682,0.009463136084377766,0.03921638801693916,0.11995934695005417,0.4246106743812561,0.5026008486747742,0.5734481811523438,0.8302586078643799,0.5025787353515625
3710,0.16798515617847443,0.0007620697566981617,0.0,0.11121086031198502,0.009068234823644161,0.007835808210074902,0.034287258982658386,0.050345528870821,0.4288511872291565,0.5028876066207886,0.5767629146575928,0.8284714221954346,0.500701904296875
3720,0.1616976410150528,0.000755885264110632,0.0,0.08446432650089264,0.0133060859516263,0.00752210570499301,0.027840616181492805,0.07271014899015427,0.429621160030365,0.5040109753608704,0.5782299041748047,0.823838472366333,0.5009613037109375
3730,0.15046477317810059,0.0007497106845332237,0.0,0.11218680441379547,0.007526792585849762,0.006824357435107231,0.024236993864178658,0.042349476367235184,0.42451006174087524,0.505277156829834,0.5767033100128174,0.8265860080718994,0.5033416748046875
3740,0.12316553294658661,0.0007435462686991286,0.0,0.06547340005636215,0.008203431963920593,0.006578174885362387,0.02598756179213524,0.03685198724269867,0.4277743697166443,0.5030614137649536,0.5813713073730469,0.824174165725708,0.50164794921875
3750,0.17634738981723785,0.0007373922669288164,0.0,0.12477710098028183,0.01012895256280899,0.007507729344069958,0.030862152576446533,0.03563986346125603,0.42702963948249817,0.5059712529182434,0.5745594501495361,0.8292989730834961,0.5010223388671875
3760,0.24826833605766296,0.0007312489291198687,0.0,0.2087768316268921,0.012457639910280704,0.008866203017532825,0.03342592343688011,0.05237940326333046,0.42665374279022217,0.5019873976707458,0.576582670211792,0.8255791664123535,0.4998626708984375
3770,0.6907761693000793,0.0007251165047368326,0.0,0.6761431694030762,0.009936685673892498,0.007722403388470411,0.033835504204034805,0.04753493890166283,0.4262913465499878,0.5064033269882202,0.5724530220031738,0.8296549320220947,0.503570556640625
3780,0.2435751110315323,0.0007189952428010907,0.0,0.18914848566055298,0.015266024507582188,0.009179569780826569,0.036257144063711166,0.04564875736832619,0.43637481331825256,0.5038414001464844,0.5786783695220947,0.825373649597168,0.5003814697265625
3790,0.15911999344825745,0.0007128853918807469,0.0,0.07190015912055969,0.012435697950422764,0.00871284306049347,0.03553217276930809,0.03116006962954998,0.43017762899398804,0.5029693841934204,0.5782260894775391,0.8280520439147949,0.4989166259765625
3800,0.11977764219045639,0.0007067872000805354,0.0,0.042634494602680206,0.007999535650014877,0.007480410858988762,0.029272006824612617,0.03368489071726799,0.43310022354125977,0.5041536092758179,0.5786013603210449,0.8256072998046875,0.5034942626953125
3810,0.14602580666542053,0.0007007009150317449,0.0,0.10343444347381592,0.007625897414982319,0.006902087479829788,0.026650112122297287,0.0384073331952095,0.42795759439468384,0.5052560567855835,0.5776290893554688,0.8276293277740479,0.4998016357421875
3820,0.1792830526828766,0.0006946267838821614,0.0,0.13142624497413635,0.010850325226783752,0.007793822325766087,0.03064952977001667,0.034473828971385956,0.41839465498924255,0.5028020143508911,0.5802764892578125,0.8224020004272461,0.5009613037109375
3830,0.2027152180671692,0.0006885650532860349,0.0,0.13673248887062073,0.013466118834912777,0.00961913913488388,0.03716299682855606,0.053244199603796005,0.417938232421875,0.5038757920265198,0.5768663883209229,0.8245844841003418,0.5018768310546875
3840,0.14755401015281677,0.0006825159693940615,0.0,0.06424424052238464,0.011134865693747997,0.008754657581448555,0.032482028007507324,0.03674381226301193,0.42305120825767517,0.504612386226654,0.5752148628234863,0.8268201351165771,0.50146484375
3850,0.2739830017089844,0.0006764797778433876,0.0,0.23933567106723785,0.013382517732679844,0.0084098344668746,0.030478566884994507,0.03686894103884697,0.42146629095077515,0.5050047039985657,0.573361873626709,0.827880859375,0.5018768310546875
3860,0.11751630902290344,0.0006704567237476374,0.0,0.04088287055492401,0.007080577779561281,0.006409709807485342,0.027154115960001945,0.03347327560186386,0.41890281438827515,0.5039206147193909,0.5786693096160889,0.8258423805236816,0.5027008056640625
3870,0.23903875052928925,0.0006644470516869577,0.0,0.19779090583324432,0.006939597427845001,0.006796333473175764,0.03296646475791931,0.062305182218551636,0.4185220003128052,0.5031041502952576,0.5798766613006592,0.8262255191802979,0.5021209716796875
3880,0.12843605875968933,0.0006584510056980855,0.0,0.048087798058986664,0.007094623055309057,0.0071721249260008335,0.03146260231733322,0.05010776221752167,0.421466588973999,0.5035397410392761,0.5791699886322021,0.8310325145721436,0.5013885498046875
3890,0.42907875776290894,0.000652468829264441,0.0,0.4124477207660675,0.011977649293839931,0.0063810707069933414,0.024991877377033234,0.041316308081150055,0.41741302609443665,0.5036600232124329,0.5786006450653076,0.8282496929168701,0.50054931640625
3900,0.2785051465034485,0.0006465007653062377,0.0,0.24591678380966187,0.011752117425203323,0.008046218194067478,0.03232976794242859,0.0369488000869751,0.41192999482154846,0.5024718642234802,0.5778453350067139,0.8279798030853271,0.5008697509765625
3910,0.10570430010557175,0.0006405470561706202,0.0,0.045582398772239685,0.0064587839879095554,0.006126054562628269,0.025902695953845978,0.03601571172475815,0.41796866059303284,0.5026591420173645,0.5794403553009033,0.8284761905670166,0.5020904541015625
3920,0.137527734041214,0.0006346079436218207,0.0,0.06067332252860069,0.011304940097033978,0.008377150632441044,0.03073582611978054,0.042571596801280975,0.4239114820957184,0.5017930865287781,0.5756421089172363,0.8268709182739258,0.500823974609375
3930,0.11267223209142685,0.0006286836688313436,0.0,0.06923165172338486,0.006227007135748863,0.0057961465790867805,0.0226279366761446,0.04366973042488098,0.42002633213996887,0.5023868680000305,0.5782301425933838,0.8255331516265869,0.5019989013671875
3940,0.19176717102527618,0.0006227744723681726,0.0,0.15806004405021667,0.010313037782907486,0.006731841713190079,0.023577997460961342,0.054951053112745285,0.4130933880805969,0.5018048286437988,0.5795416831970215,0.8243188858032227,0.5006103515625
3950,0.19722624123096466,0.000616880594188999,0.0,0.1598484218120575,0.012455075979232788,0.0068090688437223434,0.025837060064077377,0.041659608483314514,0.42002761363983154,0.5023956894874573,0.579336404800415,0.8229532241821289,0.5029449462890625
3960,0.15235310792922974,0.0006110022736284801,0.0,0.08641684055328369,0.011177853681147099,0.008035964332520962,0.029406744986772537,0.03940770402550697,0.41288310289382935,0.5042237043380737,0.5765702724456787,0.829056978225708,0.5023651123046875
3970,0.26678523421287537,0.0006051397493895206,0.0,0.21729432046413422,0.015401172451674938,0.01052580215036869,0.035281673073768616,0.03931209444999695,0.4244614839553833,0.5034868121147156,0.579735517501831,0.8273792266845703,0.503631591796875
3980,0.20913301408290863,0.000599293259533578,0.0,0.17345836758613586,0.009137497283518314,0.008615550585091114,0.029922084882855415,0.033780962228775024,0.4087371230125427,0.5074982643127441,0.5806260108947754,0.8261973857879639,0.5037078857421875
3990,0.22558626532554626,0.0005934630414709967,0.0,0.18667681515216827,0.01286292728036642,0.008053762838244438,0.0333733931183815,0.029409466311335564,0.41420313715934753,0.5052437782287598,0.5811662673950195,0.8271157741546631,0.5003814697265625
4000,0.147735595703125,0.0005876493319513666,0.0,0.06929908692836761,0.013462154194712639,0.00856210570782423,0.03161636367440224,0.052331145852804184,0.4144079089164734,0.5052383542060852,0.5840253829956055,0.8256659507751465,0.500579833984375
4010,0.355856329202652,0.0005818523670539099,0.0,0.3225696086883545,0.014261489734053612,0.010560054332017899,0.0373978391289711,0.03878956288099289,0.41571587324142456,0.5054877400398254,0.58168625831604,0.8286216259002686,0.502105712890625
4020,0.1668979376554489,0.0005760723821778945,0.0,0.13811923563480377,0.008229970932006836,0.006154199130833149,0.02384347841143608,0.038629282265901566,0.42808908224105835,0.5037127137184143,0.5811967849731445,0.8259410858154297,0.502105712890625
4030,0.29642629623413086,0.0005703096120330753,0.0,0.07579486817121506,0.011521169915795326,0.009270976297557354,0.03859056532382965,0.26089802384376526,0.4160229563713074,0.5056355595588684,0.5769717693328857,0.8303487300872803,0.502227783203125
4040,0.19625858962535858,0.0005645642906301621,0.0,0.14398454129695892,0.012602264992892742,0.008627120405435562,0.03242200240492821,0.0420956090092659,0.41798239946365356,0.5031810402870178,0.580296516418457,0.8271021842956543,0.50067138671875
4050,0.22304406762123108,0.0005588366512713188,0.0,0.15852484107017517,0.012555823661386967,0.009489070624113083,0.03823298588395119,0.0439508892595768,0.41161268949508667,0.5003175735473633,0.577739953994751,0.8300521373748779,0.49871826171875
4060,0.31177547574043274,0.0005531269265406876,0.0,0.2852605879306793,0.010961754247546196,0.007593013811856508,0.02959362417459488,0.03242673724889755,0.4286363124847412,0.4993705153465271,0.5785157680511475,0.826758623123169,0.4990081787109375
4070,0.18050815165042877,0.0005474353482949469,0.0,0.11271051317453384,0.012462835758924484,0.009527197107672691,0.034590739756822586,0.03325572609901428,0.42462506890296936,0.5007225871086121,0.580009937286377,0.8301386833190918,0.5002593994140625
4080,0.3328022360801697,0.0005417621476538931,0.0,0.2990565896034241,0.015645071864128113,0.01004974264651537,0.03395180031657219,0.04922028258442879,0.425822377204895,0.501753032207489,0.5793273448944092,0.8306601047515869,0.5016021728515625
4090,0.44267237186431885,0.0005361075549910585,0.0,0.42347949743270874,0.011703590862452984,0.008043838664889336,0.03046451136469841,0.04364578798413277,0.42541420459747314,0.5031734704971313,0.5782108306884766,0.8311755657196045,0.5014190673828125
4100,0.2696308493614197,0.0005304717999243552,0.0,0.22963005304336548,0.013057439588010311,0.008584483526647091,0.03402622789144516,0.05476447194814682,0.4222623407840729,0.5032196044921875,0.5810611248016357,0.8287928104400635,0.501312255859375
4110,0.17325343191623688,0.0005248551113067495,0.0,0.10993176698684692,0.013494140468537807,0.009225103072822094,0.03137563169002533,0.0414150133728981,0.4256591796875,0.5059521794319153,0.5781960487365723,0.8329682350158691,0.5001678466796875
4120,0.20817944407463074,0.0005192577172169705,0.0,0.16168548166751862,0.012275082990527153,0.008765441365540028,0.029990071430802345,0.04804961755871773,0.4233401417732239,0.5049751996994019,0.5808835029602051,0.8284289836883545,0.4994049072265625
4130,0.7704024910926819,0.0005136798449502494,0.0,0.747477114200592,0.02376246638596058,0.011335854418575764,0.03949673846364021,0.03991929814219475,0.42716163396835327,0.5060321092605591,0.5761528015136719,0.8293488025665283,0.50347900390625
4140,0.17088867723941803,0.0005081217210090863,0.0,0.11013666540384293,0.010966017842292786,0.007506499532610178,0.029739275574684143,0.054671235382556915,0.42211228609085083,0.5009482502937317,0.5807547569274902,0.8279011249542236,0.502197265625
4150,0.3895416557788849,0.000502583571094056,0.0,0.10190880298614502,0.01595655269920826,0.011807453818619251,0.049241021275520325,0.3452727496623993,0.42283153533935547,0.5020394325256348,0.5797023773193359,0.8277871608734131,0.5008087158203125
4160,0.4899882674217224,0.0004970656200946412,0.0,0.47542139887809753,0.009974499233067036,0.00606405409052968,0.026835905387997627,0.03947276249527931,0.41953521966934204,0.5034623742103577,0.5838837623596191,0.8289144039154053,0.5007171630859375
4170,0.16325508058071136,0.0004915680920800996,0.0,0.0996643528342247,0.012233192101120949,0.007873306050896645,0.03072785772383213,0.05200795456767082,0.41729825735092163,0.5063351988792419,0.5788404941558838,0.8328533172607422,0.5004425048828125
4180,0.15481820702552795,0.0004860912102903673,0.0,0.09138687700033188,0.01110629178583622,0.008593358099460602,0.031450752168893814,0.052495718002319336,0.4276982247829437,0.5045692324638367,0.5799329280853271,0.8292536735534668,0.5030364990234375
4190,0.2062889188528061,0.0004806351971269914,0.0,0.10369528830051422,0.015942750498652458,0.01077251136302948,0.03578691929578781,0.11097721010446548,0.4273380637168884,0.5065460801124573,0.5746207237243652,0.8333480358123779,0.5023040771484375
4200,0.13423527777194977,0.00047520027414409984,0.0,0.09124653041362762,0.00734901474788785,0.006355568300932646,0.02598850056529045,0.032844629138708115,0.4232918322086334,0.5043014883995056,0.579291582107544,0.8298470973968506,0.4996795654296875
4210,0.2989080250263214,0.0004697866620394052,0.0,0.25511324405670166,0.015899337828159332,0.010258755646646023,0.03689083456993103,0.03673677518963814,0.42315489053726196,0.5028094053268433,0.5777945518493652,0.8293521404266357,0.501251220703125
4220,0.1911323368549347,0.0004643945806452419,0.0,0.13858865201473236,0.011177659034729004,0.008595325984060764,0.034933436661958694,0.06109975278377533,0.41802796721458435,0.5034359097480774,0.5800344944000244,0.8334150314331055,0.5015411376953125
4230,0.14169402420520782,0.0004590242489196401,0.0,0.05529915541410446,0.011009766720235348,0.008160739205777645,0.03375588357448578,0.05526779219508171,0.4174628257751465,0.5033539533615112,0.5820155143737793,0.8276643753051758,0.500213623046875
4240,0.18224479258060455,0.00045367588493743313,0.0,0.14168031513690948,0.009240047074854374,0.007130390033125877,0.030374255031347275,0.036440927535295486,0.4194639027118683,0.5045543313026428,0.5798835754394531,0.833716869354248,0.5008544921875
4250,0.09612005203962326,0.00044834970588140304,0.0,0.04582154005765915,0.007312200032174587,0.0052198912017047405,0.0216608215123415,0.03649863228201866,0.4186416268348694,0.5029794573783875,0.5821182727813721,0.8269939422607422,0.50152587890625
4260,0.16501685976982117,0.00044304592803346234,0.0,0.1321583390235901,0.009746182709932327,0.006080755963921547,0.023503033444285393,0.03721092641353607,0.41335999965667725,0.5039710998535156,0.5824418067932129,0.8308238983154297,0.501190185546875
4270,0.18028207123279572,0.00043776476676586916,0.0,0.12531575560569763,0.011703010648488998,0.00799534935504198,0.03263192996382713,0.04870632290840149,0.418180376291275,0.5030655264854431,0.5824661254882812,0.8281040191650391,0.500091552734375
4280,0.21483266353607178,0.00043250643653248245,0.0,0.182095006108284,0.0105199683457613,0.007370761130005121,0.029930660501122475,0.03320280835032463,0.4230979084968567,0.5059974193572998,0.5801856517791748,0.8342788219451904,0.5014801025390625
4290,0.16271059215068817,0.00042727115086005514,0.0,0.14231783151626587,0.005323426332324743,0.004308938514441252,0.01763560064136982,0.027463972568511963,0.42305970191955566,0.5018658638000488,0.5869426727294922,0.8283193111419678,0.4991455078125
4300,0.2267843335866928,0.000422059122339561,0.0,0.20328252017498016,0.006771726533770561,0.006180709693580866,0.025488873943686485,0.031135445460677147,0.4298662543296814,0.5032737851142883,0.5843174457550049,0.8263065814971924,0.4988861083984375
4310,0.1714307963848114,0.00041687056261756393,0.0,0.12413155287504196,0.007433514576405287,0.0073037887923419476,0.030111275613307953,0.053968556225299835,0.4263867437839508,0.5045785903930664,0.5824484825134277,0.8300189971923828,0.501251220703125
4320,0.11454553157091141,0.0004117056823876214,0.0,0.06649851053953171,0.006342328153550625,0.006280338857322931,0.025250552222132683,0.029788954183459282,0.4282880425453186,0.5027690529823303,0.5851664543151855,0.8246798515319824,0.4993743896484375
4330,0.22309932112693787,0.00040656469138173,0.0,0.083607517182827,0.01447326224297285,0.009549614042043686,0.038589052855968475,0.16231577098369598,0.4226866364479065,0.5053253769874573,0.5841665267944336,0.8275458812713623,0.5004119873046875
4340,0.12358871102333069,0.0004014477983618102,0.0,0.046293359249830246,0.006171250715851784,0.006261334288865328,0.02670872211456299,0.0777583196759224,0.43004876375198364,0.5047858357429504,0.583892822265625,0.828955888748169,0.499969482421875
4350,0.11773934215307236,0.0003963552111112255,0.0,0.06891393661499023,0.008855767548084259,0.0064475382678210735,0.024609819054603577,0.03423602133989334,0.42051827907562256,0.5092430114746094,0.5803260803222656,0.8348116874694824,0.502197265625
4360,0.1204463541507721,0.00039128713642634877,0.0,0.061205241829156876,0.00909880455583334,0.006625830661505461,0.02619604766368866,0.034379374235868454,0.42927706241607666,0.508553147315979,0.5829126834869385,0.8345191478729248,0.499603271484375
4370,0.26613301038742065,0.00038624378010816235,0.0,0.2340461015701294,0.012661163695156574,0.007327582687139511,0.028810052201151848,0.04826478660106659,0.4242209196090698,0.5072800517082214,0.581432580947876,0.8335628509521484,0.50067138671875
4380,0.207294300198555,0.0003812253469539011,0.0,0.15542127192020416,0.013072088360786438,0.009679961018264294,0.03236773610115051,0.03988076001405716,0.4187476336956024,0.5044463276863098,0.5820119380950928,0.8341095447540283,0.5021820068359375
4390,0.11656367033720016,0.000376232040748738,0.0,0.05854766443371773,0.008182005025446415,0.006743017118424177,0.025646617636084557,0.03246695548295975,0.4247244596481323,0.5063961744308472,0.5829296112060547,0.8319985866546631,0.5008697509765625
4400,0.1803644448518753,0.00037126406425750676,0.0,0.12381213903427124,0.01366288959980011,0.008655520156025887,0.03163567930459976,0.029632367193698883,0.4156448245048523,0.5054959654808044,0.5811495780944824,0.8339040279388428,0.500244140625
4410,0.16005951166152954,0.0003663216192164688,0.0,0.11608435213565826,0.008460499346256256,0.007312796078622341,0.026290608569979668,0.03927157074213028,0.4203927516937256,0.5046164989471436,0.5841236114501953,0.8299570083618164,0.49853515625
4420,0.13706143200397491,0.00036140490632512244,0.0,0.10655294358730316,0.007407901342958212,0.0055467975325882435,0.02100731059908867,0.03227562829852104,0.4234929084777832,0.5074640512466431,0.579573392868042,0.8349695205688477,0.4998779296875
4430,0.1015152633190155,0.00035651412523805197,0.0,0.04858198016881943,0.005825764499604702,0.005699031986296177,0.021678313612937927,0.03256169706583023,0.41586774587631226,0.5054689645767212,0.5830683708190918,0.8318612575531006,0.5017852783203125
4440,0.18389828503131866,0.00035164947455681934,0.0,0.15709777176380157,0.007088341284543276,0.006049241404980421,0.024545596912503242,0.036328744143247604,0.418903112411499,0.5058014392852783,0.5817196369171143,0.8318917751312256,0.5022430419921875
4450,0.19659897685050964,0.0003468111518219019,0.0,0.16756469011306763,0.008151615038514137,0.006616921164095402,0.025412432849407196,0.032484229654073715,0.41651487350463867,0.5031599998474121,0.5833432674407959,0.8307394981384277,0.5007781982421875
4460,0.5181396007537842,0.0003419993535046679,0.0,0.5039041638374329,0.009894323535263538,0.0081774378195405,0.028200363740324974,0.04820774495601654,0.4159534275531769,0.5022952556610107,0.5858733654022217,0.8265676498413086,0.5003509521484375
4470,0.22955848276615143,0.00033721427499940125,0.0,0.18745970726013184,0.013788447715342045,0.00857207365334034,0.0315670408308506,0.04306665435433388,0.42065972089767456,0.505469560623169,0.5801782608032227,0.830580472946167,0.5003662109375
4480,0.26447513699531555,0.00033245611061536443,0.0,0.23998607695102692,0.011232471093535423,0.0072685666382312775,0.02632073126733303,0.028186948969960213,0.4214044511318207,0.506356418132782,0.5794134140014648,0.8334181308746338,0.4993133544921875
4490,0.18997344374656677,0.0003277250535689099,0.0,0.09900422394275665,0.015468819066882133,0.009826786816120148,0.03794831782579422,0.04810956493020058,0.4220452904701233,0.5055734515190125,0.5811145305633545,0.8295290470123291,0.499237060546875
4500,0.2184317409992218,0.00032302129597563397,0.0,0.17813323438167572,0.01050079707056284,0.008401245810091496,0.03232366964221001,0.033322256058454514,0.4202050566673279,0.5050477981567383,0.5830109119415283,0.8313596248626709,0.500579833984375
4510,0.10925000160932541,0.0003183450288425741,0.0,0.05454627797007561,0.007454924285411835,0.0063081649132072926,0.024689259007573128,0.033429961651563644,0.4177299737930298,0.5079570412635803,0.5809242725372314,0.8305771350860596,0.501739501953125
4520,0.15218104422092438,0.0003136964420604537,0.0,0.10170473158359528,0.008314578793942928,0.0076770056039094925,0.02985953912138939,0.03152346611022949,0.41556254029273987,0.5081032514572144,0.5794425010681152,0.8329732418060303,0.5001373291015625
4530,0.12119604647159576,0.0003090757243959719,0.0,0.08001332730054855,0.006947027053683996,0.005756213329732418,0.02267780900001526,0.03167896717786789,0.4154699146747589,0.5071545839309692,0.5854699611663818,0.8256149291992188,0.4988250732421875
4540,0.15095070004463196,0.00030448306348413595,0.0,0.1036546602845192,0.008924538269639015,0.0073229665867984295,0.02654435485601425,0.046204566955566406,0.41234350204467773,0.5079367160797119,0.5830209255218506,0.8316366672515869,0.501953125
4550,0.14641998708248138,0.0002999186458206448,0.0,0.0877799391746521,0.009966518729925156,0.00803670659661293,0.029193883761763573,0.04120722785592079,0.41693463921546936,0.5054178833961487,0.5851497650146484,0.8263700008392334,0.5006103515625
4560,0.25027748942375183,0.00029538265675431365,0.0,0.2121233344078064,0.012561321258544922,0.00858856551349163,0.030892184004187584,0.03398821875452995,0.41617849469184875,0.5083656907081604,0.5801897048950195,0.8283123970031738,0.50140380859375
4570,0.42370638251304626,0.00029087528047954807,0.0,0.4021845757961273,0.016904432326555252,0.00804983638226986,0.028353840112686157,0.04415478929877281,0.41468650102615356,0.5082005858421326,0.5832843780517578,0.830096960067749,0.5006866455078125
4580,0.2896149754524231,0.0002863967000288654,0.0,0.2616311013698578,0.013253764249384403,0.0063668182119727135,0.02501387521624565,0.06840009242296219,0.41812264919281006,0.5067942142486572,0.5812852382659912,0.8320293426513672,0.501495361328125
4590,0.12352238595485687,0.00028194709726546066,0.0,0.06215452030301094,0.007852190174162388,0.007061815820634365,0.029881861060857773,0.03402882441878319,0.41885560750961304,0.5073831081390381,0.5843045711517334,0.8285534381866455,0.4992218017578125
4600,0.19923613965511322,0.0002775266528758222,0.0,0.18084168434143066,0.007693351246416569,0.005501792300492525,0.020599141716957092,0.03287160024046898,0.40929827094078064,0.5096724033355713,0.583184003829956,0.8347985744476318,0.500701904296875
4610,0.3405076265335083,0.0002731355463623959,0.0,0.3137368857860565,0.01371561735868454,0.009149466641247272,0.03302612528204918,0.053280483931303024,0.41252395510673523,0.5082662105560303,0.5817248821258545,0.8345117568969727,0.5015106201171875
4620,0.22314077615737915,0.00026877395603629303,0.0,0.19356267154216766,0.009951828978955746,0.006703232415020466,0.02429438754916191,0.04555149003863335,0.40587693452835083,0.5082425475120544,0.5794246196746826,0.835963249206543,0.49951171875
4630,0.12516561150550842,0.0002644420590100529,0.0,0.06659523397684097,0.008405938744544983,0.007287045009434223,0.027979517355561256,0.03381916508078575,0.4111459255218506,0.5064848065376282,0.5792348384857178,0.8344497680664062,0.4998626708984375
4640,0.2713378369808197,0.00026014003119044857,0.0,0.2515496611595154,0.00816214457154274,0.006571188569068909,0.025338171049952507,0.03492329642176628,0.4036938548088074,0.5082597732543945,0.5809202194213867,0.8329522609710693,0.50103759765625
4650,0.13671687245368958,0.00025586804727134393,0.0,0.08034313470125198,0.00876067765057087,0.007031256798654795,0.027885641902685165,0.03336501121520996,0.40609556436538696,0.5092810988426208,0.579946756362915,0.8340146541595459,0.50079345703125
4660,0.1681145578622818,0.0002516262807266011,0.0,0.12743204832077026,0.008463775739073753,0.007234479766339064,0.027984781190752983,0.032939739525318146,0.4235588014125824,0.5080302953720093,0.5825471878051758,0.8315844535827637,0.5001220703125
4670,0.21494366228580475,0.00024741490380303485,0.0,0.1775352656841278,0.012529078871011734,0.00823557935655117,0.029804620891809464,0.0360083244740963,0.4184597432613373,0.5060028433799744,0.5818510055541992,0.8298006057739258,0.498748779296875
4680,0.19108454883098602,0.00024323408751341795,0.0,0.16442780196666718,0.009547633118927479,0.006700383964926004,0.026048673316836357,0.03672889620065689,0.41338443756103516,0.5098174214363098,0.5805304050445557,0.833479642868042,0.5008697509765625
4690,0.15639691054821014,0.0002390840016295387,0.0,0.10597262531518936,0.010982044041156769,0.00725590018555522,0.025454549118876457,0.058488763868808746,0.4146997928619385,0.5075433850288391,0.5821976661682129,0.8308877944946289,0.50030517578125
4700,0.17050975561141968,0.00023496481467530478,0.0,0.1322975605726242,0.008159356191754341,0.006469136569648981,0.026617709547281265,0.03364579379558563,0.4124245047569275,0.5082400441169739,0.5836637020111084,0.8303453922271729,0.5000457763671875
4710,0.30507272481918335,0.00023087669391990147,0.0,0.281941682100296,0.013452893123030663,0.007779762148857117,0.02741423062980175,0.03632398694753647,0.4133908152580261,0.5047968626022339,0.5823378562927246,0.829312801361084,0.501220703125
4720,0.22818419337272644,0.00022681980537099804,0.0,0.1895582377910614,0.013776082545518875,0.008885039947926998,0.02954414300620556,0.03696533665060997,0.4136509895324707,0.5077087879180908,0.5824933052062988,0.8294110298156738,0.502471923828125
4730,0.16450387239456177,0.0002227943137680071,0.0,0.11159935593605042,0.01205431018024683,0.0073958272114396095,0.027633562684059143,0.03598089516162872,0.4116706848144531,0.5101380348205566,0.5819532871246338,0.835932731628418,0.500244140625
4740,0.16471625864505768,0.00021880038257539604,0.0,0.06272457540035248,0.006098491605371237,0.006517739966511726,0.02719181962311268,0.12316204607486725,0.41349512338638306,0.508301854133606,0.5807712078094482,0.8353400230407715,0.501495361328125
4750,0.12237498164176941,0.00021483817397604716,0.0,0.07286615669727325,0.008274910971522331,0.006258246023207903,0.02246537059545517,0.04748476296663284,0.41401636600494385,0.5077216029167175,0.582923173904419,0.8333511352539062,0.4991302490234375
4760,0.10948769003152847,0.0002109078488646737,0.0,0.03888540714979172,0.00899584125727415,0.007038708310574293,0.026839997619390488,0.03319882974028587,0.4169437289237976,0.5088869333267212,0.5792551040649414,0.8355250358581543,0.501373291015625
4770,0.16056495904922485,0.0002070095668412856,0.0,0.13130587339401245,0.008131572976708412,0.005842103157192469,0.022065458819270134,0.030319243669509888,0.4166295528411865,0.5095114707946777,0.5805442333221436,0.8352196216583252,0.4994659423828125
4780,0.18760381639003754,0.00020314348620470768,0.0,0.16154830157756805,0.007996272295713425,0.005686854012310505,0.02246975153684616,0.035967711359262466,0.40655505657196045,0.5092790126800537,0.5800211429595947,0.8361814022064209,0.501708984375
4790,0.15252462029457092,0.00019930976394615368,0.0,0.11074285209178925,0.008975566364824772,0.007484684232622385,0.028101027011871338,0.03212978318333626,0.4053775668144226,0.5103015303611755,0.5800480842590332,0.8318712711334229,0.503143310546875
4800,0.23756536841392517,0.00019550855574284898,0.0,0.0900520384311676,0.01381233986467123,0.01070890948176384,0.044022925198078156,0.18523003160953522,0.41525596380233765,0.5040590167045593,0.5869619846343994,0.8224282264709473,0.5006103515625
4810,0.29668521881103516,0.00019174001595171012,0.0,0.2720297873020172,0.013385729864239693,0.00819147378206253,0.02984030172228813,0.029404854401946068,0.411612868309021,0.5078113079071045,0.5836102962493896,0.8270161151885986,0.4996795654296875
4820,0.14419160783290863,0.0001880042976030771,0.0,0.08893246203660965,0.008462192490696907,0.006211265455931425,0.02492116205394268,0.06992479413747787,0.4183581471443176,0.5058835744857788,0.583005428314209,0.8243532180786133,0.4992828369140625
4830,0.17841488122940063,0.00018430155239449863,0.0,0.10517937690019608,0.007930733263492584,0.007169293239712715,0.030043713748455048,0.10529578477144241,0.42196691036224365,0.5079572796821594,0.5823750495910645,0.8317880630493164,0.500640869140625
4840,0.14551964402198792,0.0001806319306845718,0.0,0.09855446964502335,0.00989563763141632,0.007979031652212143,0.027366552501916885,0.03754403442144394,0.416277676820755,0.5051321983337402,0.5854206085205078,0.8248293399810791,0.4993438720703125
4850,0.5390191674232483,0.00017699558148683768,0.0,0.5160372257232666,0.013203318230807781,0.008841323666274548,0.033056069165468216,0.061448290944099426,0.41910436749458313,0.5068143010139465,0.5814476013183594,0.8299341201782227,0.499603271484375
4860,0.19258515536785126,0.0001733926524637282,0.0,0.15586213767528534,0.012914998456835747,0.007347823586314917,0.02454262226819992,0.027407847344875336,0.420519083738327,0.5055611729621887,0.5831115245819092,0.8271276950836182,0.5010223388671875
4870,0.11107935011386871,0.00016982328992057276,0.0,0.06434956192970276,0.007984189316630363,0.006532152649015188,0.023860523477196693,0.03389907628297806,0.4214819073677063,0.5089554190635681,0.5798826217651367,0.834050178527832,0.50030517578125
4880,0.17250871658325195,0.0001662876387996543,0.0,0.1316182017326355,0.010483711026608944,0.006991943810135126,0.028260977938771248,0.0422586165368557,0.41629770398139954,0.5081048607826233,0.5805678367614746,0.8325467109680176,0.5000152587890625
4890,0.13074101507663727,0.0001627858426743254,0.0,0.09843461960554123,0.007743190508335829,0.006121235899627209,0.02147812582552433,0.0297288428992033,0.41657787561416626,0.5078682899475098,0.57977294921875,0.8323895931243896,0.50140380859375
4900,0.29115164279937744,0.00015931804374317787,0.0,0.2532937228679657,0.010948012582957745,0.00968216173350811,0.028940919786691666,0.07962331175804138,0.4193883538246155,0.5062183141708374,0.5837721824645996,0.8300068378448486,0.4999237060546875
4910,0.2553390860557556,0.00015588438282426828,0.0,0.19866131246089935,0.019082264974713326,0.010727394372224808,0.03561599925160408,0.04303079843521118,0.41573241353034973,0.5091589093208313,0.5808320045471191,0.8325080871582031,0.5011444091796875
4920,0.16603150963783264,0.00015248499934939895,0.0,0.12342819571495056,0.010223271325230598,0.007461455184966326,0.029153987765312195,0.033721961081027985,0.40662291646003723,0.5060686469078064,0.58188796043396,0.8335402011871338,0.5010833740234375
4930,0.16932295262813568,0.0001491200313584576,0.0,0.12939530611038208,0.008699413388967514,0.00751726608723402,0.028463976457715034,0.03318421542644501,0.4155465066432953,0.5094049572944641,0.5770647525787354,0.8379051685333252,0.50030517578125
4940,0.14713506400585175,0.00014578961549381028,0.0,0.10868383198976517,0.007997059263288975,0.00615980988368392,0.0245906300842762,0.03355543687939644,0.4214353561401367,0.5046017169952393,0.5846154689788818,0.8265972137451172,0.500946044921875
4950,0.13817527890205383,0.00014249388699475414,0.0,0.09512510895729065,0.007422690279781818,0.007588104344904423,0.025560207664966583,0.02855273336172104,0.4132053554058075,0.5047386884689331,0.5849041938781738,0.8289833068847656,0.5022125244140625
4960,0.24638308584690094,0.0001392329796920243,0.0,0.21701280772686005,0.010943629778921604,0.00775904580950737,0.029074203222990036,0.04196243733167648,0.4194692373275757,0.5069938898086548,0.5827503204345703,0.83133864402771,0.4999542236328125
4970,0.09120462834835052,0.00013600702600236053,0.0,0.04472827911376953,0.006055348552763462,0.004984856117516756,0.019618969410657883,0.03253353387117386,0.4140154719352722,0.5052925944328308,0.5844621658325195,0.8316309452056885,0.4999847412109375
4980,0.09438912570476532,0.00013281615692312986,0.0,0.032822418957948685,0.005861288867890835,0.006815419066697359,0.023515861481428146,0.028012825176119804,0.4167171120643616,0.5064842700958252,0.5836348533630371,0.8308868408203125,0.5019378662109375
4990,0.16082072257995605,0.00012966050202700645,0.0,0.1315055638551712,0.007344488054513931,0.006362016312777996,0.022620921954512596,0.02933204360306263,0.4196510314941406,0.5063949227333069,0.581986665725708,0.8318142890930176,0.5012664794921875
5000,0.2117338925600052,0.00012654018945671054,0.0,0.18481674790382385,0.009189650416374207,0.006536688655614853,0.025323903188109398,0.028502583503723145,0.4233747124671936,0.504642903804779,0.582726001739502,0.8290708065032959,0.4970703125
5010,0.26177388429641724,0.00012345534591980548,0.0,0.2287469208240509,0.012207815423607826,0.007844014093279839,0.0301029272377491,0.05151717737317085,0.42500561475753784,0.5052728652954102,0.5836424827575684,0.8321046829223633,0.5012969970703125
5020,0.1372934877872467,0.00012040609668355104,0.0,0.08057118952274323,0.010408857837319374,0.008075233548879623,0.027645336464047432,0.03779025375843048,0.4237387776374817,0.5078210234642029,0.5841820240020752,0.8301622867584229,0.49615478515625
5030,0.17068378627300262,0.00011739256556981813,0.0,0.08568791300058365,0.017891885712742805,0.01027421373873949,0.03015781193971634,0.06291285157203674,0.419732004404068,0.507659375667572,0.5830268859863281,0.8315496444702148,0.5021514892578125
5040,0.16741736233234406,0.00011441487495005985,0.0,0.055212024599313736,0.006502029951661825,0.005639882292598486,0.023745335638523102,0.13736817240715027,0.40614449977874756,0.507401168346405,0.5837056636810303,0.8330349922180176,0.498748779296875
5050,0.2641333341598511,0.00011147314574034233,0.0,0.23357494175434113,0.012006859295070171,0.009268916212022305,0.028194738551974297,0.027492329478263855,0.40762293338775635,0.5063944458961487,0.5828914642333984,0.8313608169555664,0.4996185302734375
5060,0.12223385274410248,0.00010856749739643519,0.0,0.07253075391054153,0.01057734526693821,0.0067792292684316635,0.022951170802116394,0.02640797756612301,0.4124537706375122,0.5047383904457092,0.5868606567382812,0.8260912895202637,0.4998779296875
5070,0.13241739571094513,0.00010569804790896024,0.0,0.06185472384095192,0.013583878055214882,0.007822624407708645,0.02779628522694111,0.044180650264024734,0.41756802797317505,0.505540668964386,0.5829641819000244,0.8306782245635986,0.4990081787109375
5080,0.13686685264110565,0.0001028649137986,0.0,0.07709028571844101,0.0087309330701828,0.007398493122309446,0.0286942720413208,0.030576368793845177,0.418525755405426,0.5057350397109985,0.5846452713012695,0.8292200565338135,0.50030517578125
5090,0.14139017462730408,0.000100068210111367,0.0,0.10699722170829773,0.00766627537086606,0.0057075368240475655,0.023915981873869896,0.021466145291924477,0.41388458013534546,0.5055844187736511,0.5872728824615479,0.8291823863983154,0.5013885498046875
5100,0.15496495366096497,9.730805041393167e-05,0.0,0.10401588678359985,0.010366837494075298,0.00724871875718236,0.02824169397354126,0.03175883740186691,0.4191773533821106,0.5060471296310425,0.5823707580566406,0.8335752487182617,0.4991455078125
5110,0.15600323677062988,9.458454678901028e-05,0.0,0.11714398860931396,0.009642746299505234,0.008155654184520245,0.027136174961924553,0.03052396886050701,0.42313945293426514,0.5051282644271851,0.584296703338623,0.8294007778167725,0.499603271484375
5120,0.14751769602298737,9.189780983081371e-05,0.0,0.07171543687582016,0.015209040604531765,0.008326444774866104,0.03124150261282921,0.02860645018517971,0.4223838448524475,0.5058700442314148,0.5837464332580566,0.831392765045166,0.4993438720703125
5130,0.18729810416698456,8.92479486405568e-05,0.0,0.14953483641147614,0.010404794476926327,0.006730756256729364,0.025690551847219467,0.02852029539644718,0.4249095320701599,0.504954993724823,0.5849485397338867,0.8312363624572754,0.50048828125
5140,0.11243446171283722,8.66350708220281e-05,0.0,0.06970728188753128,0.007684984244406223,0.00597055209800601,0.02176697365939617,0.027359159663319588,0.4207874536514282,0.5073832869529724,0.5855188369750977,0.8306069374084473,0.50164794921875
5150,0.1300858110189438,8.405928247721975e-05,0.0,0.07727532088756561,0.009824855253100395,0.0075364853255450726,0.02606962062418461,0.03568727895617485,0.4206066131591797,0.5058913230895996,0.5816166400909424,0.8336780071258545,0.4991912841796875
5160,0.08910370618104935,8.152068820201995e-05,0.0,0.03882450982928276,0.005706003401428461,0.004618889652192593,0.019750339910387993,0.02663438394665718,0.42082419991493225,0.5037961006164551,0.5847649574279785,0.8286654949188232,0.5006561279296875
5170,0.15749415755271912,7.901939108196473e-05,0.0,0.0915132686495781,0.010664606466889381,0.008006732910871506,0.03178384527564049,0.04526302218437195,0.42228105664253235,0.5070021748542786,0.5800955295562744,0.8329663276672363,0.5021209716796875
5180,0.08859718590974808,7.655549268805183e-05,0.0,0.026506470516324043,0.005880728363990784,0.005992160178720951,0.023599226027727127,0.028395969420671463,0.4157789349555969,0.5092803835868835,0.583146333694458,0.8332409858703613,0.499664306640625
5190,0.3534186780452728,7.412909307261748e-05,0.0,0.32639530301094055,0.015363997779786587,0.008381728082895279,0.02910829894244671,0.03275890275835991,0.41554951667785645,0.5042669177055359,0.5846352577209473,0.8311364650726318,0.498626708984375
5200,0.2912038266658783,7.174029076527183e-05,0.0,0.2388031929731369,0.020040376111865044,0.011427264660596848,0.03773755580186844,0.054397791624069214,0.41436266899108887,0.508948028087616,0.5803849697113037,0.8338756561279297,0.5000457763671875
5210,0.15770503878593445,6.938918276889896e-05,0.0,0.11329098045825958,0.011707418598234653,0.006312838755548,0.023870650678873062,0.02639678679406643,0.41601109504699707,0.5068991780281067,0.5852224826812744,0.8302154541015625,0.500701904296875
5220,0.11026136577129364,6.707586455571789e-05,0.0,0.05134829878807068,0.00799329299479723,0.006588372401893139,0.024529429152607918,0.027994804084300995,0.4164794087409973,0.5063634514808655,0.5820667743682861,0.8321635723114014,0.4993438720703125
5230,0.14392200112342834,6.480043006340488e-05,0.0,0.0986972376704216,0.0071528609842062,0.007546916138380766,0.026693763211369514,0.041290197521448135,0.4179811477661133,0.5088555812835693,0.579981803894043,0.8355257511138916,0.4998779296875
5240,0.1075793206691742,6.256297169127992e-05,0.0,0.06272527575492859,0.006416161544620991,0.005348628386855125,0.02255374751985073,0.03184961527585983,0.4246765971183777,0.5046405792236328,0.5842959880828857,0.8310189247131348,0.499267578125
5250,0.11665160953998566,6.0363580296554113e-05,0.0,0.06842409819364548,0.007280699443072081,0.005600464064627886,0.02320036105811596,0.04202565923333168,0.41764068603515625,0.506242036819458,0.5838308334350586,0.8280761241912842,0.499786376953125
5260,0.19279423356056213,5.8202345190640004e-05,0.0,0.17219658195972443,0.008023105561733246,0.005137053318321705,0.02049463428556919,0.031914860010147095,0.41696488857269287,0.5047658085823059,0.5854091644287109,0.8286895751953125,0.496826171875
5270,0.10385161638259888,5.607935413552527e-05,0.0,0.06562469154596329,0.005939238239079714,0.005665662698447704,0.02157105877995491,0.028634725138545036,0.41553786396980286,0.5046057105064392,0.5830082893371582,0.829615592956543,0.5008544921875
5280,0.0959886685013771,5.3994693340208616e-05,0.0,0.046663057059049606,0.005767556838691235,0.00633081141859293,0.024237321689724922,0.024692676961421967,0.4066389799118042,0.5049474835395813,0.584571361541748,0.8292219638824463,0.4979095458984375
5290,0.1615070104598999,5.194844745719939e-05,0.0,0.11292678862810135,0.010504684410989285,0.007728882599622011,0.029038388282060623,0.038300447165966034,0.41715094447135925,0.5074962973594666,0.5819792747497559,0.8302080631256104,0.4998779296875
5300,0.13937713205814362,4.994069957907988e-05,0.0,0.08329678326845169,0.010105008259415627,0.008036692626774311,0.028533855453133583,0.04044891893863678,0.4146229922771454,0.5045410394668579,0.5828406810760498,0.828376054763794,0.5029449462890625
5310,0.08852717280387878,4.797153123513136e-05,0.0,0.03549916297197342,0.006404473911970854,0.005261132959276438,0.020333711057901382,0.02829114720225334,0.4137589931488037,0.5070440173149109,0.5816287994384766,0.8328647613525391,0.5007171630859375
5320,0.20279256999492645,4.6041022388022766e-05,0.0,0.15525861084461212,0.012892086058855057,0.00940699689090252,0.03328326344490051,0.042592305690050125,0.41258853673934937,0.509037435054779,0.5810046195983887,0.8340449333190918,0.4984283447265625
5330,0.11196879297494888,4.4149251430564635e-05,0.0,0.06965559720993042,0.006785551086068153,0.006257982458919287,0.02027074247598648,0.0316106416285038,0.41407424211502075,0.5067914128303528,0.5819976329803467,0.8324899673461914,0.502166748046875
5340,0.10062240064144135,4.2296295182524545e-05,0.0,0.061920762062072754,0.00663589546456933,0.004592368379235268,0.018979109823703766,0.03968612477183342,0.4151914119720459,0.505247950553894,0.5851123332977295,0.8302803039550781,0.4999542236328125
5350,0.10030891746282578,4.0482228887509054e-05,0.0,0.05196085944771767,0.006305883638560772,0.005520984996110201,0.021736908704042435,0.03160291165113449,0.42153558135032654,0.5066267848014832,0.5831210613250732,0.8314366340637207,0.5022735595703125
5360,0.27106738090515137,3.8707126209907204e-05,0.0,0.24567872285842896,0.010100949555635452,0.006977129261940718,0.02786850370466709,0.03700381889939308,0.41719502210617065,0.5069529414176941,0.5810601711273193,0.8293941020965576,0.4995880126953125
5370,0.13299226760864258,3.697105923189944e-05,0.0,0.09183888137340546,0.006880811881273985,0.006242109928280115,0.025872673839330673,0.03221878409385681,0.41610294580459595,0.5058302879333496,0.5825185775756836,0.8317863941192627,0.4983673095703125
5380,0.11798497289419174,3.527409845053106e-05,0.0,0.07712165266275406,0.005413311533629894,0.006877478212118149,0.02414671890437603,0.029795164242386818,0.41442468762397766,0.506137490272522,0.5856852531433105,0.8291397094726562,0.4992523193359375
5390,0.19489791989326477,3.361631277484881e-05,0.0,0.17124155163764954,0.007935869507491589,0.005794207565486431,0.024236135184764862,0.03753500059247017,0.4170011281967163,0.5083868503570557,0.5832581520080566,0.8322787284851074,0.4992523193359375
5400,0.1921474188566208,3.199776952310283e-05,0.0,0.16035030782222748,0.011592898517847061,0.006778871640563011,0.02534268982708454,0.03933475911617279,0.4189309775829315,0.5067220330238342,0.5842874050140381,0.8319754600524902,0.4999847412109375
5410,0.145595982670784,3.041853442001379e-05,0.0,0.10961213707923889,0.009901379235088825,0.006768991705030203,0.023836800828576088,0.030430244281888008,0.4176257848739624,0.5093416571617126,0.5847005844116211,0.8330268859863281,0.498779296875
5420,0.13796979188919067,2.887867159410268e-05,0.0,0.07331061363220215,0.010508733801543713,0.007474537473171949,0.028952203691005707,0.05008427053689957,0.41369789838790894,0.5077332258224487,0.5814073085784912,0.8324451446533203,0.50030517578125
5430,0.08627559244632721,2.7378243575087815e-05,0.0,0.05036577954888344,0.00473786611109972,0.004487595520913601,0.018396297469735146,0.02355697937309742,0.41800788044929504,0.5053201913833618,0.5859231948852539,0.8291501998901367,0.4994049072265625
5440,0.22178851068019867,2.591731129134562e-05,0.0,0.19382451474666595,0.011103768832981586,0.007895615883171558,0.02622373215854168,0.023987270891666412,0.41823309659957886,0.505538284778595,0.5847022533416748,0.8306441307067871,0.5008697509765625
5450,0.1068691685795784,2.4495934067435322e-05,0.0,0.05971801280975342,0.006228467915207148,0.006316365208476782,0.022838471457362175,0.03224874660372734,0.4164426624774933,0.5081993341445923,0.5835859775543213,0.8327267169952393,0.5000762939453125
5460,0.1375093013048172,2.3114169621691414e-05,0.0,0.09039584547281265,0.00845219288021326,0.007108103018254042,0.027009427547454834,0.028353247791528702,0.41609296202659607,0.5083797574043274,0.5832326412200928,0.8317694664001465,0.4988250732421875
5470,0.13432809710502625,2.1772074063879003e-05,0.0,0.06863096356391907,0.008924797177314758,0.009629315696656704,0.02893655188381672,0.0231523048132658,0.41990864276885986,0.5055533647537231,0.5823104381561279,0.8306448459625244,0.4976806640625
5480,0.08985024690628052,2.046970189291563e-05,0.0,0.04967690259218216,0.006749051623046398,0.0053354958072304726,0.017972683534026146,0.0294500719755888,0.4167553782463074,0.50555020570755,0.5857434272766113,0.829334020614624,0.4999847412109375
5490,0.1527053415775299,1.920710599465805e-05,0.0,0.10189072042703629,0.009493757970631123,0.007797538302838802,0.026823053136467934,0.026348119601607323,0.4161457419395447,0.5068126320838928,0.5838544368743896,0.8321070671081543,0.500030517578125
5500,0.12107954919338226,1.7984337639754743e-05,0.0,0.0690651386976242,0.0056829797104001045,0.006468753330409527,0.02811869978904724,0.03867998719215393,0.4153251051902771,0.5062772035598755,0.5854711532592773,0.8296952247619629,0.4986419677734375
5510,0.18880490958690643,1.6801446481564364e-05,0.0,0.15800422430038452,0.007664130534976721,0.006695250049233437,0.026148201897740364,0.03528638929128647,0.4110179543495178,0.5064731240272522,0.5857293605804443,0.8301856517791748,0.49969482421875
5520,0.14322662353515625,1.5658480554138578e-05,0.0,0.0953436940908432,0.008098487742245197,0.00604256521910429,0.02558220364153385,0.060878366231918335,0.41719958186149597,0.5066192150115967,0.5825998783111572,0.8336493968963623,0.5005950927734375
5530,0.22719092667102814,1.4555486270272193e-05,0.0,0.18711499869823456,0.009741581045091152,0.007178733125329018,0.028279488906264305,0.07738499343395233,0.41409412026405334,0.5087100863456726,0.5820777416229248,0.8318557739257812,0.5002288818359375
5540,0.09974682331085205,1.3492508419618559e-05,0.0,0.020690545439720154,0.004810913000255823,0.004954705014824867,0.021542681381106377,0.06364364922046661,0.41636162996292114,0.5070993304252625,0.5830624103546143,0.8309447765350342,0.5007781982421875
5550,0.15208221971988678,1.2469590166870033e-05,0.0,0.10907257348299026,0.010294647887349129,0.00722932955250144,0.024259334430098534,0.033652134239673615,0.4201854467391968,0.5062057971954346,0.5841517448425293,0.8298041820526123,0.4982452392578125
5560,0.20350982248783112,1.1486773050006051e-05,0.0,0.1702798455953598,0.012025600299239159,0.007431951351463795,0.02717398665845394,0.03032767027616501,0.41649481654167175,0.5093114376068115,0.5795538425445557,0.8344278335571289,0.4994049072265625
5570,0.1871625781059265,1.0544096978605599e-05,0.0,0.15703418850898743,0.007686570752412081,0.007342742756009102,0.025861188769340515,0.03899190202355385,0.421989381313324,0.5071297883987427,0.5812633037567139,0.8342785835266113,0.5010986328125
5580,0.18977701663970947,9.641600232227514e-06,0.0,0.15532615780830383,0.008528617210686207,0.006473133340477943,0.027507701888680458,0.04503892362117767,0.41425079107284546,0.5062257647514343,0.5839166641235352,0.8308138847351074,0.4992523193359375
5590,0.2695696949958801,8.77931945885507e-06,0.0,0.12916459143161774,0.01351679116487503,0.0105574456974864,0.03781794756650925,0.19900742173194885,0.411007285118103,0.508079469203949,0.5802052021026611,0.8353836536407471,0.4996337890625
5600,0.14696870744228363,7.957289673408277e-06,0.0,0.08083008229732513,0.011201397515833378,0.009544857777655125,0.0314374715089798,0.032506879419088364,0.41698306798934937,0.508269727230072,0.5838031768798828,0.8311851024627686,0.49981689453125
5610,0.17825300991535187,7.175544256322145e-06,0.0,0.1402042955160141,0.010105525143444538,0.007283332757651806,0.02836109697818756,0.027752606198191643,0.4153178930282593,0.5076906681060791,0.5819742679595947,0.8336315155029297,0.4986572265625
5620,0.20319592952728271,6.434114952190993e-06,0.0,0.0790177658200264,0.008738387376070023,0.007037631701678038,0.031021099537611008,0.1604360193014145,0.42018288373947144,0.5043287873268127,0.5862455368041992,0.8269658088684082,0.49798583984375
5630,0.21260087192058563,5.733031868479481e-06,0.0,0.19407086074352264,0.008783703669905663,0.005116435699164867,0.01864161528646946,0.03455304354429245,0.4164525866508484,0.5070536136627197,0.5841472148895264,0.8329169750213623,0.50128173828125
5640,0.1381874829530716,5.072323474299709e-06,0.0,0.05840200185775757,0.0154454056173563,0.008428855799138546,0.029487891122698784,0.03114168532192707,0.41814637184143066,0.5087282657623291,0.5810387134552002,0.835273027420044,0.5001983642578125
5650,0.16182740032672882,4.452016599255811e-06,0.0,0.10987181216478348,0.00788315199315548,0.007238016463816166,0.029804568737745285,0.07360328733921051,0.4199676513671875,0.5074375867843628,0.5840239524841309,0.832390546798706,0.4993438720703125
5660,0.14375995099544525,3.872136432353831e-06,0.0,0.10142279416322708,0.006408677902072668,0.0071695162914693356,0.02735070511698723,0.03402281925082207,0.41790321469306946,0.506742000579834,0.5830633640289307,0.8308122158050537,0.497711181640625
5670,0.14264439046382904,3.3327065209791e-06,0.0,0.1149890348315239,0.007300809025764465,0.0047586653381586075,0.020331401377916336,0.028357375413179398,0.41033899784088135,0.5075495839118958,0.5863220691680908,0.8275802135467529,0.5019378662109375
5680,0.1538970172405243,2.8337487699403403e-06,0.0,0.10993357747793198,0.01036932971328497,0.0068056718446314335,0.025900259613990784,0.028535060584545135,0.41582605242729187,0.5058485865592957,0.5850129127502441,0.8313729763031006,0.498992919921875
5690,0.11439178138971329,2.3752834405796005e-06,0.0,0.06901166588068008,0.009376881644129753,0.00638918112963438,0.022723278030753136,0.026590866968035698,0.41424068808555603,0.5091610550880432,0.582211971282959,0.8373310565948486,0.499420166015625
5700,0.1525108963251114,1.9573291499499196e-06,0.0,0.11313798278570175,0.008401095867156982,0.006351028103381395,0.02441272884607315,0.03797656670212746,0.4172646403312683,0.509324848651886,0.5831670761108398,0.8355216979980469,0.5009307861328125
5710,0.1761927604675293,1.5799028700591525e-06,0.0,0.14260005950927734,0.01069916132837534,0.007871205918490887,0.027247866615653038,0.03289399668574333,0.4201750159263611,0.5075530409812927,0.5874068737030029,0.8279180526733398,0.499481201171875
5720,0.2947208285331726,1.2430199271809739e-06,0.0,0.24394725263118744,0.013080270029604435,0.00834763702005148,0.032254658639431,0.1162576675415039,0.41239362955093384,0.5079719424247742,0.5839147567749023,0.8303377628326416,0.5018157958984375
5730,0.1226850226521492,9.466940012322637e-07,0.0,0.0644584372639656,0.009777655825018883,0.007846097461879253,0.025229843333363533,0.04342513158917427,0.4112333059310913,0.5096133351325989,0.5807709693908691,0.8347887992858887,0.5001983642578125
5740,0.09416893869638443,6.90937125217666e-07,0.0,0.06776492297649384,0.0039077154360711575,0.004910270217806101,0.017445458099246025,0.02397000603377819,0.41578710079193115,0.507088303565979,0.5852184295654297,0.8316845893859863,0.4993438720703125
5750,0.22144922614097595,4.757596847412039e-07,0.0,0.19109870493412018,0.013551206327974796,0.007093258202075958,0.0244345311075449,0.027670439332723618,0.4131621718406677,0.5089678764343262,0.58221435546875,0.8315281867980957,0.500274658203125
5760,0.09147766977548599,3.0117041758428557e-07,0.0,0.0551249235868454,0.00482151098549366,0.0045761787332594395,0.018416723236441612,0.035802487283945084,0.4133724570274353,0.5046966671943665,0.5867204666137695,0.8269553184509277,0.4985504150390625
5770,0.119436115026474,1.6717641335076707e-07,0.0,0.08735990524291992,0.005924750119447708,0.005441016983240843,0.02086104080080986,0.03552596643567085,0.41454336047172546,0.5060221552848816,0.5835995674133301,0.8302767276763916,0.4994049072265625
5780,0.09879212826490402,7.3783113179628e-08,0.0,0.06090939790010452,0.0054955254308879375,0.005061728414148092,0.020467771217226982,0.023160889744758606,0.41958087682724,0.5075135827064514,0.5841071605682373,0.8325116634368896,0.500885009765625
5790,0.22148819267749786,2.099430952326065e-08,0.0,0.19366399943828583,0.006295457947999239,0.006566374562680721,0.026621989905834198,0.06111392378807068,0.4194665551185608,0.5073992013931274,0.5839848518371582,0.8299508094787598,0.5006561279296875
